family,split,endpoint,dimension,bin,lower,upper,weighted_mass,predicted,observed,groups_represented,choice_seed_observations,optimization_seeds
constant,test,maximum,offer,0,1.0,5.0,0.18975287510602581,0.4874375513602396,0.4080842918452516,29,963,3
constant,test,maximum,offer,1,5.0,10.0,0.110353642255394,0.2633612973104397,0.11460540109664084,30,828,3
constant,test,maximum,offer,2,10.0,25.0,0.22729359227737858,0.1949514682028245,0.11686520905141991,32,1869,3
constant,test,maximum,offer,3,25.0,50.0,0.24405572035112724,0.1534893869293279,0.06909379012924997,32,1812,3
constant,test,maximum,offer,4,50.0,100.0,0.14647497537534562,0.14009877322156583,0.12072053930646967,19,1200,3
constant,test,maximum,offer,5,100.0,201.0,0.08206919463472871,0.12883398882447736,0.12983494348850233,12,645,3
constant,test,maximum,probability,1,0.1,0.2,0.5973625121573242,0.1526121703039275,0.09434931227907924,32,4739,3
constant,test,maximum,probability,2,0.2,0.3,0.20443131101730241,0.2358657313256689,0.13232104021707358,32,1577,3
constant,test,maximum,probability,3,0.3,0.4,0.05421224319605924,0.3481516118070895,0.13544539571088612,28,281,3
constant,test,maximum,probability,4,0.4,0.5,0.05054443829979812,0.44511783839266966,0.34412950543902715,18,264,3
constant,test,maximum,probability,5,0.5,0.6,0.093449495329516,0.5742734340263163,0.5746182882976073,27,456,3
constant,test,zero,offer,0,1.0,5.0,0.18975287510602581,0.3431052061196607,0.3620833770306221,29,963,3
constant,test,zero,offer,1,5.0,10.0,0.110353642255394,0.16577556358268145,0.16852782377267927,30,828,3
constant,test,zero,offer,2,10.0,25.0,0.22729359227737858,0.13272017269704542,0.06894514415582498,32,1869,3
constant,test,zero,offer,3,25.0,50.0,0.24405572035112724,0.11823832954284641,0.032484131247752776,32,1812,3
constant,test,zero,offer,4,50.0,100.0,0.14647497537534562,0.11484728181515357,0.03040467275423152,19,1200,3
constant,test,zero,offer,5,100.0,201.0,0.08206919463472871,0.11271065412537841,0.012078567143150596,12,645,3
constant,test,zero,probability,1,0.1,0.2,0.8102471248939742,0.12760236347413245,0.05879834339256172,32,6354,3
constant,test,zero,probability,2,0.2,0.3,0.07945523367657713,0.25486236932180434,0.2895489022637335,25,419,3
constant,test,zero,probability,3,0.3,0.4,0.016848146099932706,0.30098964280899515,0.3530643557588713,18,88,3
constant,test,zero,probability,4,0.4,0.5,0.093449495329516,0.4257265659736838,0.4253817117023928,27,456,3
constant,validation,maximum,offer,0,1.0,5.0,0.20999803763170619,0.49483993532951887,0.4200930351464631,27,1014,3
constant,validation,maximum,offer,1,5.0,10.0,0.10170491361205446,0.26540931459275546,0.17854868220999703,29,558,3
constant,validation,maximum,offer,2,10.0,25.0,0.22056888791703402,0.19354392512818647,0.13987459013473214,32,1725,3
constant,validation,maximum,offer,3,25.0,50.0,0.27567008614405397,0.15290344051830834,0.10561873124508227,32,2526,3
constant,validation,maximum,offer,4,50.0,100.0,0.13232610785976273,0.13961370490577227,0.10707159148417981,19,1395,3
constant,validation,maximum,offer,5,100.0,201.0,0.05973196683538867,0.13056371294014643,0.04150365923974255,9,501,3
constant,validation,maximum,probability,1,0.1,0.2,0.5980464726874408,0.15379612379358204,0.10081511630511827,32,5499,3
constant,validation,maximum,probability,2,0.2,0.3,0.183502595425439,0.23751798380363692,0.18182163527468798,31,1163,3
constant,validation,maximum,probability,3,0.3,0.4,0.05577552262955534,0.3422365151642509,0.18694554528278734,24,331,3
constant,validation,maximum,probability,4,0.4,0.5,0.04682799023629225,0.4451178383926696,0.33955443532180934,20,213,3
constant,validation,maximum,probability,5,0.5,0.6,0.11584741902127259,0.5742734340263161,0.5438952164862252,22,513,3
constant,validation,zero,offer,0,1.0,5.0,0.20999803763170619,0.35068999458674815,0.34984012370252504,27,1014,3
constant,validation,zero,offer,1,5.0,10.0,0.10170491361205446,0.1668411442810025,0.13343470762666637,29,558,3
constant,validation,zero,offer,2,10.0,25.0,0.22056888791703402,0.13216022162390265,0.06705723224645986,32,1725,3
constant,validation,zero,offer,3,25.0,50.0,0.27567008614405397,0.11807601578754588,0.026210182072226657,32,2526,3
constant,validation,zero,offer,4,50.0,100.0,0.13232610785976273,0.11474094648721858,0.02099839147817263,19,1395,3
constant,validation,zero,offer,5,100.0,201.0,0.05973196683538867,0.11297723224818912,0.01258312655880045,9,501,3
constant,validation,zero,probability,1,0.1,0.2,0.7900019623682938,0.12734221263097384,0.04951546943221333,32,6705,3
constant,validation,zero,probability,2,0.2,0.3,0.0785412885316695,0.24988945923189432,0.21108111815869152,26,430,3
constant,validation,zero,probability,3,0.3,0.4,0.015609330078764081,0.30098964280899515,0.2593701628268637,20,71,3
constant,validation,zero,probability,4,0.4,0.5,0.11584741902127259,0.4257265659736838,0.4561047835137748,22,513,3
feedforward,test,maximum,offer,0,1.0,5.0,0.18975287510602581,0.47628569013110006,0.4080842918452516,29,963,3
feedforward,test,maximum,offer,1,5.0,10.0,0.110353642255394,0.19570991114779995,0.11460540109664084,30,828,3
feedforward,test,maximum,offer,2,10.0,25.0,0.22729359227737858,0.1325024716749694,0.11686520905141991,32,1869,3
feedforward,test,maximum,offer,3,25.0,50.0,0.24405572035112724,0.09632736065016849,0.06909379012924997,32,1812,3
feedforward,test,maximum,offer,4,50.0,100.0,0.14647497537534562,0.11392710239357169,0.12072053930646967,19,1200,3
feedforward,test,maximum,offer,5,100.0,201.0,0.08206919463472871,0.0641658333548244,0.12983494348850233,12,645,3
feedforward,test,maximum,probability,0,0.0,0.1,0.35278445393930874,0.06824037438147595,0.058926465753616104,32,2603,3
feedforward,test,maximum,probability,1,0.1,0.2,0.3719653029040544,0.1384207100044018,0.1325754494199817,32,3278,3
feedforward,test,maximum,probability,2,0.2,0.3,0.100628627193781,0.2441908326844969,0.14647897058504278,27,611,3
feedforward,test,maximum,probability,3,0.3,0.4,0.04899869546393243,0.3485961560228132,0.2376768087765437,25,257,3
feedforward,test,maximum,probability,4,0.4,0.5,0.040063278361147925,0.45372187418438253,0.4064277986527502,23,203,3
feedforward,test,maximum,probability,5,0.5,0.6,0.019593354364057358,0.5555146747641738,0.618961033797167,17,113,3
feedforward,test,maximum,probability,6,0.6,0.7,0.06596628777371814,0.6257199642979258,0.5601002431566533,18,252,3
feedforward,test,zero,offer,0,1.0,5.0,0.18975287510602581,0.33008090970939225,0.3620833770306221,29,963,3
feedforward,test,zero,offer,1,5.0,10.0,0.110353642255394,0.14067410544461925,0.16852782377267927,30,828,3
feedforward,test,zero,offer,2,10.0,25.0,0.22729359227737858,0.0895946255520422,0.06894514415582498,32,1869,3
feedforward,test,zero,offer,3,25.0,50.0,0.24405572035112724,0.0607759628551923,0.032484131247752776,32,1812,3
feedforward,test,zero,offer,4,50.0,100.0,0.14647497537534562,0.039425294951819845,0.03040467275423152,19,1200,3
feedforward,test,zero,offer,5,100.0,201.0,0.08206919463472871,0.01253952334189146,0.012078567143150596,12,645,3
feedforward,test,zero,probability,0,0.0,0.1,0.6532665035571934,0.05386875640858753,0.03210404440389976,32,5056,3
feedforward,test,zero,probability,1,0.1,0.2,0.17015854855583012,0.14003222297814333,0.14337949349729737,32,1267,3
feedforward,test,zero,probability,2,0.2,0.3,0.06232361143331407,0.24242624281111252,0.34021154496366585,28,355,3
feedforward,test,zero,probability,3,0.3,0.4,0.08083584598997944,0.36781146320133384,0.44179160302783926,26,375,3
feedforward,test,zero,probability,4,0.4,0.5,0.020820307811790416,0.43709610985473957,0.40947587522516793,19,155,3
feedforward,test,zero,probability,5,0.5,0.6,0.008732511018676224,0.5464841344879636,0.4252720337441924,11,72,3
feedforward,test,zero,probability,6,0.6,0.7,0.003862671633216339,0.6281706435260254,0.4719248052620716,9,37,3
feedforward,validation,maximum,offer,0,1.0,5.0,0.20999803763170619,0.49431898891124443,0.4200930351464631,27,1014,3
feedforward,validation,maximum,offer,1,5.0,10.0,0.10170491361205446,0.20557077954609762,0.17854868220999703,29,558,3
feedforward,validation,maximum,offer,2,10.0,25.0,0.22056888791703402,0.13474097808779295,0.13987459013473214,32,1725,3
feedforward,validation,maximum,offer,3,25.0,50.0,0.27567008614405397,0.08955559355490825,0.10561873124508227,32,2526,3
feedforward,validation,maximum,offer,4,50.0,100.0,0.13232610785976273,0.11730377547598024,0.10707159148417981,19,1395,3
feedforward,validation,maximum,offer,5,100.0,201.0,0.05973196683538867,0.07449675666168042,0.04150365923974255,9,501,3
feedforward,validation,maximum,probability,0,0.0,0.1,0.3441421127400977,0.07132087269355382,0.06724515911513985,32,3131,3
feedforward,validation,maximum,probability,1,0.1,0.2,0.3622530801127281,0.13597177911255862,0.15442424327939216,32,3187,3
feedforward,validation,maximum,probability,2,0.2,0.3,0.09216003977657213,0.24291257866063862,0.15348743030768056,27,519,3
feedforward,validation,maximum,probability,3,0.3,0.4,0.05038144336036235,0.3465782714770591,0.2967215907716605,21,243,3
feedforward,validation,maximum,probability,4,0.4,0.5,0.041439811597058535,0.4514183484036741,0.35296073540305595,21,195,3
feedforward,validation,maximum,probability,5,0.5,0.6,0.025584825539521478,0.5481199533096478,0.2632661896475115,16,114,3
feedforward,validation,maximum,probability,6,0.6,0.7,0.08403868687365972,0.6272626446308223,0.6360629666546406,18,330,3
feedforward,validation,zero,offer,0,1.0,5.0,0.20999803763170619,0.3317412439587979,0.34984012370252504,27,1014,3
feedforward,validation,zero,offer,1,5.0,10.0,0.10170491361205446,0.14101460588865206,0.13343470762666637,29,558,3
feedforward,validation,zero,offer,2,10.0,25.0,0.22056888791703402,0.09100957914284426,0.06705723224645986,32,1725,3
feedforward,validation,zero,offer,3,25.0,50.0,0.27567008614405397,0.05989534776631655,0.026210182072226657,32,2526,3
feedforward,validation,zero,offer,4,50.0,100.0,0.13232610785976273,0.03552819452053179,0.02099839147817263,19,1395,3
feedforward,validation,zero,offer,5,100.0,201.0,0.05973196683538867,0.017270074808309808,0.01258312655880045,9,501,3
feedforward,validation,zero,probability,0,0.0,0.1,0.6396825324712397,0.054738329644763335,0.02868686360202689,32,5530,3
feedforward,validation,zero,probability,1,0.1,0.2,0.1620448626008185,0.1376295517019043,0.11740244130638582,30,1140,3
feedforward,validation,zero,probability,2,0.2,0.3,0.06407706216011676,0.24079201319029025,0.2684042846117814,26,411,3
feedforward,validation,zero,probability,3,0.3,0.4,0.09881139241672422,0.3688466112194939,0.3570815744035919,24,418,3
feedforward,validation,zero,probability,4,0.4,0.5,0.024131327070200784,0.4421704841858885,0.6794355925128163,18,127,3
feedforward,validation,zero,probability,5,0.5,0.6,0.007866655144415239,0.5487967411611683,0.6550332055855914,10,55,3
feedforward,validation,zero,probability,6,0.6,0.7,0.0033861681364847998,0.6334141084420111,0.34765580473951396,4,38,3
linear,test,maximum,offer,0,1.0,5.0,0.18975287510602581,0.4626130448452869,0.4080842918452516,29,963,3
linear,test,maximum,offer,1,5.0,10.0,0.110353642255394,0.27415516593508116,0.11460540109664084,30,828,3
linear,test,maximum,offer,2,10.0,25.0,0.22729359227737858,0.19291430307770327,0.11686520905141991,32,1869,3
linear,test,maximum,offer,3,25.0,50.0,0.24405572035112724,0.10336334376503699,0.06909379012924997,32,1812,3
linear,test,maximum,offer,4,50.0,100.0,0.14647497537534562,0.09174404076622752,0.12072053930646967,19,1200,3
linear,test,maximum,offer,5,100.0,201.0,0.08206919463472871,0.08098037697248013,0.12983494348850233,12,645,3
linear,test,maximum,probability,0,0.0,0.1,0.31856955039422347,0.07428688621934798,0.09025532096542317,32,2561,3
linear,test,maximum,probability,1,0.1,0.2,0.2698489176941519,0.1448449646520244,0.0957586820360141,32,2136,3
linear,test,maximum,probability,2,0.2,0.3,0.1908462354884891,0.24492258288386942,0.13512686000122504,31,1562,3
linear,test,maximum,probability,3,0.3,0.4,0.07902140474081622,0.3421859215685631,0.13877909039602027,26,362,3
linear,test,maximum,probability,4,0.4,0.5,0.04826439635280335,0.42876550307756145,0.3480825109656681,18,240,3
linear,test,maximum,probability,5,0.5,0.6,0.09096369987497055,0.5319183278316214,0.5629937399684388,27,435,3
linear,test,maximum,probability,6,0.6,0.7,0.0024857954545454545,0.6361133962789849,1.0,1,21,3
linear,test,zero,offer,0,1.0,5.0,0.18975287510602581,0.3944976463997757,0.3620833770306221,29,963,3
linear,test,zero,offer,1,5.0,10.0,0.110353642255394,0.21052780398428236,0.16852782377267927,30,828,3
linear,test,zero,offer,2,10.0,25.0,0.22729359227737858,0.13712328619401967,0.06894514415582498,32,1869,3
linear,test,zero,offer,3,25.0,50.0,0.24405572035112724,0.06866940965746249,0.032484131247752776,32,1812,3
linear,test,zero,offer,4,50.0,100.0,0.14647497537534562,0.05553077514883048,0.03040467275423152,19,1200,3
linear,test,zero,offer,5,100.0,201.0,0.08206919463472871,0.025497394790079557,0.012078567143150596,12,645,3
linear,test,zero,probability,0,0.0,0.1,0.4840858222195681,0.05312959893458707,0.03756150647362544,32,3905,3
linear,test,zero,probability,1,0.1,0.2,0.24324968282633655,0.1481965480413861,0.06603242798456076,31,1914,3
linear,test,zero,probability,2,0.2,0.3,0.10930056652579288,0.24145607722771625,0.20189655581066598,27,728,3
linear,test,zero,probability,3,0.3,0.4,0.07240022855333196,0.35227268693402086,0.2801521043234833,19,335,3
linear,test,zero,probability,4,0.4,0.5,0.09096369987497055,0.46808167216837865,0.4370062600315613,27,435,3
linear,validation,maximum,offer,0,1.0,5.0,0.20999803763170619,0.4668552214408199,0.4200930351464631,27,1014,3
linear,validation,maximum,offer,1,5.0,10.0,0.10170491361205446,0.2766766340218564,0.17854868220999703,29,558,3
linear,validation,maximum,offer,2,10.0,25.0,0.22056888791703402,0.1888784135781793,0.13987459013473214,32,1725,3
linear,validation,maximum,offer,3,25.0,50.0,0.27567008614405397,0.09773015397309442,0.10561873124508227,32,2526,3
linear,validation,maximum,offer,4,50.0,100.0,0.13232610785976273,0.07684005553944183,0.10707159148417981,19,1395,3
linear,validation,maximum,offer,5,100.0,201.0,0.05973196683538867,0.08053210461249842,0.04150365923974255,9,501,3
linear,validation,maximum,probability,0,0.0,0.1,0.34732771457998357,0.0708260889932094,0.09782004401621376,32,3390,3
linear,validation,maximum,probability,1,0.1,0.2,0.24183702821151778,0.14481774029456554,0.1177046406847137,31,2223,3
linear,validation,maximum,probability,2,0.2,0.3,0.17175215650524847,0.2481572159324604,0.1504285242973185,28,1002,3
linear,validation,maximum,probability,3,0.3,0.4,0.07783270630696058,0.34123263695847894,0.21347591474500763,22,394,3
linear,validation,maximum,probability,4,0.4,0.5,0.04540297537501705,0.42882315780094593,0.3323949446895945,20,197,3
linear,validation,maximum,probability,5,0.5,0.6,0.11490705461259831,0.5301315052025175,0.540162593572093,22,504,3
linear,validation,maximum,probability,6,0.6,0.7,0.0009403644086742679,0.6060122331881576,1.0,2,9,3
linear,validation,zero,offer,0,1.0,5.0,0.20999803763170619,0.40251891607305484,0.34984012370252504,27,1014,3
linear,validation,zero,offer,1,5.0,10.0,0.10170491361205446,0.21329189386900305,0.13343470762666637,29,558,3
linear,validation,zero,offer,2,10.0,25.0,0.22056888791703402,0.13288437579689338,0.06705723224645986,32,1725,3
linear,validation,zero,offer,3,25.0,50.0,0.27567008614405397,0.06467276839885124,0.026210182072226657,32,2526,3
linear,validation,zero,offer,4,50.0,100.0,0.13232610785976273,0.043398626044926863,0.02099839147817263,19,1395,3
linear,validation,zero,offer,5,100.0,201.0,0.05973196683538867,0.035290703188154166,0.01258312655880045,9,501,3
linear,validation,zero,probability,0,0.0,0.1,0.499611142987653,0.05205213081456193,0.0365600357166672,32,4931,3
linear,validation,zero,probability,1,0.1,0.2,0.20091634873452133,0.14643892183714843,0.06382244021484898,31,1432,3
linear,validation,zero,probability,2,0.2,0.3,0.11862135265574213,0.24025217906812163,0.10386621853319418,26,547,3
linear,validation,zero,probability,3,0.3,0.4,0.06594410100948521,0.35321181830314063,0.2477093634305527,22,305,3
linear,validation,zero,probability,4,0.4,0.5,0.11490705461259831,0.4698684947974826,0.45983740642790716,22,504,3
recurrent,test,maximum,offer,0,1.0,5.0,0.18975287510602581,0.45809161679617577,0.4080842918452516,29,963,3
recurrent,test,maximum,offer,1,5.0,10.0,0.110353642255394,0.22278826112938832,0.11460540109664084,30,828,3
recurrent,test,maximum,offer,2,10.0,25.0,0.22729359227737858,0.1608933394265395,0.11686520905141991,32,1869,3
recurrent,test,maximum,offer,3,25.0,50.0,0.24405572035112724,0.09721917794489147,0.06909379012924997,32,1812,3
recurrent,test,maximum,offer,4,50.0,100.0,0.14647497537534562,0.10929488858471331,0.12072053930646967,19,1200,3
recurrent,test,maximum,offer,5,100.0,201.0,0.08206919463472871,0.07869174165773046,0.12983494348850233,12,645,3
recurrent,test,maximum,probability,0,0.0,0.1,0.39152423357339955,0.05743586823754876,0.07000414305651141,32,2147,3
recurrent,test,maximum,probability,1,0.1,0.2,0.2547362202551019,0.14606094226755068,0.11045169910988956,32,2168,3
recurrent,test,maximum,probability,2,0.2,0.3,0.14293377385538178,0.24453929698715515,0.16654459223182522,28,1435,3
recurrent,test,maximum,probability,3,0.3,0.4,0.08184659149648173,0.34400449746551043,0.2433744181528347,27,829,3
recurrent,test,maximum,probability,4,0.4,0.5,0.04280303137977378,0.43716661414023267,0.30786323786998404,26,291,3
recurrent,test,maximum,probability,5,0.5,0.6,0.04220966695204065,0.5505743180937037,0.5003246245141464,22,189,3
recurrent,test,maximum,probability,6,0.6,0.7,0.028795469627772036,0.6407393501077572,0.6383055694610971,14,140,3
recurrent,test,maximum,probability,7,0.7,0.8,0.015151012860048586,0.7305571509708463,0.6534758859418603,10,118,3
recurrent,test,zero,offer,0,1.0,5.0,0.18975287510602581,0.34452980851478404,0.3620833770306221,29,963,3
recurrent,test,zero,offer,1,5.0,10.0,0.110353642255394,0.13453228232138262,0.16852782377267927,30,828,3
recurrent,test,zero,offer,2,10.0,25.0,0.22729359227737858,0.08435112753585844,0.06894514415582498,32,1869,3
recurrent,test,zero,offer,3,25.0,50.0,0.24405572035112724,0.06625704728258681,0.032484131247752776,32,1812,3
recurrent,test,zero,offer,4,50.0,100.0,0.14647497537534562,0.04363665650487815,0.03040467275423152,19,1200,3
recurrent,test,zero,offer,5,100.0,201.0,0.08206919463472871,0.021527761899738682,0.012078567143150596,12,645,3
recurrent,test,zero,probability,0,0.0,0.1,0.6302223426768265,0.04747521038742669,0.0349272108081302,32,5541,3
recurrent,test,zero,probability,1,0.1,0.2,0.17208771543655943,0.12686893001948518,0.11851847393586347,32,756,3
recurrent,test,zero,probability,2,0.2,0.3,0.07517864061243075,0.2508785721182887,0.26560950648036724,24,393,3
recurrent,test,zero,probability,3,0.3,0.4,0.05456211316286313,0.349258885224154,0.36364757752042126,19,269,3
recurrent,test,zero,probability,4,0.4,0.5,0.040392322124999054,0.44647713884016754,0.49586166532045617,18,175,3
recurrent,test,zero,probability,5,0.5,0.6,0.0193931583263614,0.5561500461193994,0.524555324112827,14,113,3
recurrent,test,zero,probability,6,0.6,0.7,0.007692295887775595,0.6363232901650342,0.46417232394092955,9,65,3
recurrent,test,zero,probability,7,0.7,0.8,0.00047141177218408336,0.7189017267066443,0.7598179673015338,3,5,3
recurrent,validation,maximum,offer,0,1.0,5.0,0.20999803763170619,0.465832976983667,0.4200930351464631,27,1014,3
recurrent,validation,maximum,offer,1,5.0,10.0,0.10170491361205446,0.19062281909115408,0.17854868220999703,29,558,3
recurrent,validation,maximum,offer,2,10.0,25.0,0.22056888791703402,0.1621021170121891,0.13987459013473214,32,1725,3
recurrent,validation,maximum,offer,3,25.0,50.0,0.27567008614405397,0.11203077435179042,0.10561873124508227,32,2526,3
recurrent,validation,maximum,offer,4,50.0,100.0,0.13232610785976273,0.10532370118222334,0.10707159148417981,19,1395,3
recurrent,validation,maximum,offer,5,100.0,201.0,0.05973196683538867,0.09005441754558154,0.04150365923974255,9,501,3
recurrent,validation,maximum,probability,0,0.0,0.1,0.348164439277244,0.05985142254240982,0.061858048360551615,32,2033,3
recurrent,validation,maximum,probability,1,0.1,0.2,0.2863976686909671,0.14820329780991895,0.12212083253136484,32,2897,3
recurrent,validation,maximum,probability,2,0.2,0.3,0.1582023640648724,0.2421348920690538,0.19981695049994183,29,1605,3
recurrent,validation,maximum,probability,3,0.3,0.4,0.07251118246892838,0.340694672122112,0.27209554918463535,26,485,3
recurrent,validation,maximum,probability,4,0.4,0.5,0.03163478407190956,0.452884254869938,0.44077712119832185,21,191,3
recurrent,validation,maximum,probability,5,0.5,0.6,0.04867055946315352,0.5485779717591283,0.5888913665663367,18,218,3
recurrent,validation,maximum,probability,6,0.6,0.7,0.044063209427837875,0.6432138559165955,0.631184459321378,16,209,3
recurrent,validation,maximum,probability,7,0.7,0.8,0.010355792535087179,0.7245652215554852,0.4560161102177781,9,81,3
recurrent,validation,zero,offer,0,1.0,5.0,0.20999803763170619,0.3579356968785847,0.34984012370252504,27,1014,3
recurrent,validation,zero,offer,1,5.0,10.0,0.10170491361205446,0.15421426331961238,0.13343470762666637,29,558,3
recurrent,validation,zero,offer,2,10.0,25.0,0.22056888791703402,0.08847690602314512,0.06705723224645986,32,1725,3
recurrent,validation,zero,offer,3,25.0,50.0,0.27567008614405397,0.06165374884113804,0.026210182072226657,32,2526,3
recurrent,validation,zero,offer,4,50.0,100.0,0.13232610785976273,0.03779050979020213,0.02099839147817263,19,1395,3
recurrent,validation,zero,offer,5,100.0,201.0,0.05973196683538867,0.02261870741719177,0.01258312655880045,9,501,3
recurrent,validation,zero,probability,0,0.0,0.1,0.5933075385263235,0.04554566928987878,0.038128903593902544,32,5794,3
recurrent,validation,zero,probability,1,0.1,0.2,0.19841251440877983,0.1353389749546263,0.08238228292386189,32,910,3
recurrent,validation,zero,probability,2,0.2,0.3,0.06392475631594809,0.24488684727902219,0.23285852218903305,25,349,3
recurrent,validation,zero,probability,3,0.3,0.4,0.06308815648479234,0.3510253905808177,0.2953412632710815,22,305,3
recurrent,validation,zero,probability,4,0.4,0.5,0.045803242345925615,0.4453444121024926,0.40003132661254714,15,190,3
recurrent,validation,zero,probability,5,0.5,0.6,0.01398409543727047,0.5400254967567489,0.38441972373803784,11,85,3
recurrent,validation,zero,probability,6,0.6,0.7,0.02088631271000636,0.6540471837030102,0.7757330588868122,7,80,3
recurrent,validation,zero,probability,7,0.7,0.8,0.0005933837709538645,0.7199186777332256,0.33125,2,6,3
uniform,test,maximum,offer,0,1.0,5.0,0.18975287510602584,0.3906518028856756,0.4080842918452515,29,321,1
uniform,test,maximum,offer,1,5.0,10.0,0.110353642255394,0.13097499991332268,0.11460540109664084,30,276,1
uniform,test,maximum,offer,2,10.0,25.0,0.22729359227737858,0.06425749785069146,0.1168652090514199,32,623,1
uniform,test,maximum,offer,3,25.0,50.0,0.24405572035112724,0.02694970244607508,0.06909379012924997,32,604,1
uniform,test,maximum,offer,4,50.0,100.0,0.14647497537534565,0.015666462325212925,0.12072053930646966,19,400,1
uniform,test,maximum,offer,5,100.0,201.0,0.08206919463472871,0.0066675304479650605,0.12983494348850233,12,215,1
uniform,test,maximum,probability,0,0.0,0.1,0.6998934826385802,0.03432592343589863,0.10253479557852427,32,1842,1
uniform,test,maximum,probability,1,0.1,0.2,0.110353642255394,0.13097499991332268,0.11460540109664084,30,276,1
uniform,test,maximum,probability,2,0.2,0.3,0.04575894147671171,0.23065238525218548,0.13862965040716227,24,81,1
uniform,test,maximum,probability,3,0.3,0.4,0.05054443829979812,0.3333333333333333,0.3441295054390271,18,88,1
uniform,test,maximum,probability,5,0.5,0.6,0.093449495329516,0.5,0.5746182882976073,27,152,1
uniform,test,zero,offer,0,1.0,5.0,0.18975287510602584,0.3906518028856756,0.36208337703062204,29,321,1
uniform,test,zero,offer,1,5.0,10.0,0.110353642255394,0.13097499991332268,0.16852782377267925,30,276,1
uniform,test,zero,offer,2,10.0,25.0,0.22729359227737858,0.06425749785069146,0.06894514415582498,32,623,1
uniform,test,zero,offer,3,25.0,50.0,0.24405572035112724,0.02694970244607508,0.03248413124775278,32,604,1
uniform,test,zero,offer,4,50.0,100.0,0.14647497537534565,0.015666462325212925,0.03040467275423152,19,400,1
uniform,test,zero,offer,5,100.0,201.0,0.08206919463472871,0.0066675304479650605,0.012078567143150597,12,215,1
uniform,test,zero,probability,0,0.0,0.1,0.6998934826385802,0.03432592343589863,0.04149707095166547,32,1842,1
uniform,test,zero,probability,1,0.1,0.2,0.110353642255394,0.13097499991332268,0.16852782377267925,30,276,1
uniform,test,zero,probability,2,0.2,0.3,0.04575894147671171,0.23065238525218548,0.24277694445373108,24,81,1
uniform,test,zero,probability,3,0.3,0.4,0.05054443829979812,0.3333333333333333,0.3530643557588713,18,88,1
uniform,test,zero,probability,5,0.5,0.6,0.093449495329516,0.5,0.42538171170239275,27,152,1
uniform,validation,maximum,offer,0,1.0,5.0,0.20999803763170616,0.40031802024548296,0.4200930351464631,27,338,1
uniform,validation,maximum,offer,1,5.0,10.0,0.10170491361205446,0.13301482063308928,0.178548682209997,29,186,1
uniform,validation,maximum,offer,2,10.0,25.0,0.22056888791703402,0.06295203109658763,0.13987459013473216,32,575,1
uniform,validation,maximum,offer,3,25.0,50.0,0.27567008614405397,0.02644709887666873,0.10561873124508227,32,842,1
uniform,validation,maximum,offer,4,50.0,100.0,0.13232610785976273,0.015268403290882807,0.1070715914841798,19,465,1
uniform,validation,maximum,offer,5,100.0,201.0,0.05973196683538867,0.008001328851547727,0.041503659239742544,9,167,1
uniform,validation,maximum,probability,0,0.0,0.1,0.6882970487562394,0.03439543588016184,0.11131148947068531,32,2049,1
uniform,validation,maximum,probability,1,0.1,0.2,0.10170491361205446,0.13301482063308928,0.178548682209997,29,186,1
uniform,validation,maximum,probability,2,0.2,0.3,0.047322628374141334,0.22257764314114542,0.19671781753159287,21,96,1
uniform,validation,maximum,probability,3,0.3,0.4,0.04682799023629224,0.33333333333333337,0.33955443532180946,20,71,1
uniform,validation,maximum,probability,5,0.5,0.6,0.11584741902127259,0.5,0.5438952164862252,22,171,1
uniform,validation,zero,offer,0,1.0,5.0,0.20999803763170616,0.40031802024548296,0.3498401237025251,27,338,1
uniform,validation,zero,offer,1,5.0,10.0,0.10170491361205446,0.13301482063308928,0.13343470762666637,29,186,1
uniform,validation,zero,offer,2,10.0,25.0,0.22056888791703402,0.06295203109658763,0.06705723224645986,32,575,1
uniform,validation,zero,offer,3,25.0,50.0,0.27567008614405397,0.02644709887666873,0.026210182072226657,32,842,1
uniform,validation,zero,offer,4,50.0,100.0,0.13232610785976273,0.015268403290882807,0.02099839147817263,19,465,1
uniform,validation,zero,offer,5,100.0,201.0,0.05973196683538867,0.008001328851547727,0.012583126558800449,9,167,1
uniform,validation,zero,probability,0,0.0,0.1,0.6882970487562394,0.03439543588016184,0.0371153016756043,32,2049,1
uniform,validation,zero,probability,1,0.1,0.2,0.10170491361205446,0.13301482063308928,0.13343470762666637,29,186,1
uniform,validation,zero,probability,2,0.2,0.3,0.047322628374141334,0.22257764314114542,0.17922491476042204,21,96,1
uniform,validation,zero,probability,3,0.3,0.4,0.04682799023629224,0.33333333333333337,0.2593701628268637,20,71,1
uniform,validation,zero,probability,5,0.5,0.6,0.11584741902127259,0.5,0.4561047835137748,22,171,1
