family,seed,parameter_count,selected_epoch,initial_validation_nll,fitted_validation_nll,nll_improvement
constant,17,5,120,3.4112066786601476,2.85682914823599,0.5543775304241576
constant,29,5,120,3.431146059578693,2.860996487307178,0.5701495722715153
constant,43,5,120,3.389831938271297,2.8541968810050626,0.5356350572662345
linear,17,50,120,3.6136118451956687,2.808152092542238,0.8054597526534306
linear,29,50,120,3.5939689179449967,2.8038591958437022,0.7901097221012945
linear,43,50,120,3.6272293660709938,2.80963018363462,0.817599182436374
feedforward,17,4285,109,3.5376652837085016,2.668394891692725,0.8692703920157765
feedforward,29,4285,116,3.4088349480799423,2.6664142460057634,0.7424207020741789
feedforward,43,4285,117,3.390860749000163,2.6692846954832694,0.7215760535168938
recurrent,17,4293,116,3.270060349369775,2.6479121784064787,0.6221481709632961
recurrent,29,4293,117,3.417005376224327,2.6503829938635732,0.7666223823607536
recurrent,43,4293,113,3.5372834835127045,2.648604778061384,0.8886787054513205
