condition,origin,check,count,above_1e_9,above_1e_4,max_abs,mean_abs,rmse
Equal Baseline BC 1,recorded_behavioral_clone,adjacent_next_pool,19968,18974,6866,0.0051729093007261305,0.001102028798289204,0.0018925803313881557
Equal Baseline BC 1,recorded_behavioral_clone,allocation_excess,20480,0,0,0.0,0.0,0.0
Equal Baseline BC 1,recorded_behavioral_clone,contribution_excess,20480,0,0,0.0,0.0,0.0
Equal Baseline BC 1,recorded_behavioral_clone,initial_pool,512,0,0,0.0,0.0,0.0
Equal Baseline BC 1,recorded_behavioral_clone,mechanism_surplus,20480,12544,0,1.6346817005796765e-05,4.925689436290316e-07,1.1638429927951982e-06
Equal Baseline BC 1,recorded_behavioral_clone,negative_contribution,20480,0,0,0.0,0.0,0.0
Equal Baseline BC 1,recorded_behavioral_clone,negative_offer,20480,0,0,0.0,0.0,0.0
Equal Baseline BC 1,recorded_behavioral_clone,player_surplus,81920,46342,0,3.7677001927249876e-06,7.644392910528732e-08,2.1724382555884154e-07
Equal Baseline BC 1,recorded_behavioral_clone,pool_bound_violation,20480,0,0,0.0,0.0,0.0
Equal Baseline Exp 1,human,adjacent_next_pool,1560,1474,1134,0.009199867025017738,0.006265009410010311,0.007421989544126928
Equal Baseline Exp 1,human,allocation_excess,1600,0,0,0.0,0.0,0.0
Equal Baseline Exp 1,human,contribution_excess,1600,0,0,0.0,0.0,0.0
Equal Baseline Exp 1,human,direct_next_pool,1600,1514,1172,0.009199867025017738,0.0063173852465111665,0.007453051761181277
Equal Baseline Exp 1,human,human_integer_grid,1600,0,0,0.0,0.0,0.0
Equal Baseline Exp 1,human,initial_pool,40,0,0,0.0,0.0,0.0
Equal Baseline Exp 1,human,mechanism_surplus,1600,0,0,0.0,0.0,0.0
Equal Baseline Exp 1,human,negative_contribution,1600,0,0,0.0,0.0,0.0
Equal Baseline Exp 1,human,negative_offer,1600,0,0,0.0,0.0,0.0
Equal Baseline Exp 1,human,next_field_to_adjacent_pool,1560,0,0,0.0,0.0,0.0
Equal Baseline Exp 1,human,player_surplus,6400,0,0,0.0,0.0,0.0
Equal Baseline Exp 1,human,pool_bound_violation,1600,0,0,0.0,0.0,0.0
Equal Baseline Exp 1,human,pre_pool_field,1600,0,0,0.0,0.0,0.0
Interpolating Baseline BC 1,recorded_behavioral_clone,adjacent_next_pool,19968,18074,1697,0.00850440165637453,0.0002878630649629979,0.000989357938169501
Interpolating Baseline BC 1,recorded_behavioral_clone,allocation_excess,20480,0,0,0.0,0.0,0.0
Interpolating Baseline BC 1,recorded_behavioral_clone,contribution_excess,20480,0,0,0.0,0.0,0.0
Interpolating Baseline BC 1,recorded_behavioral_clone,initial_pool,512,0,0,0.0,0.0,0.0
Interpolating Baseline BC 1,recorded_behavioral_clone,mechanism_surplus,20480,18362,0,2.3445472720595717e-05,9.327309686830364e-07,1.758545123723763e-06
Interpolating Baseline BC 1,recorded_behavioral_clone,negative_contribution,20480,0,0,0.0,0.0,0.0
Interpolating Baseline BC 1,recorded_behavioral_clone,negative_offer,20480,0,0,0.0,0.0,0.0
Interpolating Baseline BC 1,recorded_behavioral_clone,player_surplus,81920,50741,0,9.053649904444683e-06,1.3736116110611876e-07,3.694718384521343e-07
Interpolating Baseline BC 1,recorded_behavioral_clone,pool_bound_violation,20480,0,0,0.0,0.0,0.0
Interpolating Baseline BC 2,recorded_behavioral_clone,adjacent_next_pool,19968,18164,1536,0.007658919127425179,0.0002596010385880197,0.0009355396601738634
Interpolating Baseline BC 2,recorded_behavioral_clone,allocation_excess,20480,0,0,0.0,0.0,0.0
Interpolating Baseline BC 2,recorded_behavioral_clone,contribution_excess,20480,0,0,0.0,0.0,0.0
Interpolating Baseline BC 2,recorded_behavioral_clone,initial_pool,512,0,0,0.0,0.0,0.0
Interpolating Baseline BC 2,recorded_behavioral_clone,mechanism_surplus,20480,18549,0,1.8771057142430436e-05,9.969995778897446e-07,1.7758511161633532e-06
Interpolating Baseline BC 2,recorded_behavioral_clone,negative_contribution,20480,0,0,0.0,0.0,0.0
Interpolating Baseline BC 2,recorded_behavioral_clone,negative_offer,20480,0,0,0.0,0.0,0.0
Interpolating Baseline BC 2,recorded_behavioral_clone,player_surplus,81920,52854,0,1.067237855068015e-05,1.4309132354435377e-07,3.5996131273415553e-07
Interpolating Baseline BC 2,recorded_behavioral_clone,pool_bound_violation,20480,0,0,0.0,0.0,0.0
Interpolating Baseline Exp 2,human,adjacent_next_pool,1560,1257,89,0.009000549092888832,0.0005059670881369642,0.0021049640383239946
Interpolating Baseline Exp 2,human,allocation_excess,1600,0,0,0.0,0.0,0.0
Interpolating Baseline Exp 2,human,contribution_excess,1600,0,0,0.0,0.0,0.0
Interpolating Baseline Exp 2,human,direct_next_pool,1600,1290,95,0.009000549092888832,0.0005263942196011903,0.002147208068478088
Interpolating Baseline Exp 2,human,human_integer_grid,1600,0,0,0.0,0.0,0.0
Interpolating Baseline Exp 2,human,initial_pool,40,0,0,0.0,0.0,0.0
Interpolating Baseline Exp 2,human,mechanism_surplus,1600,578,0,1.1444091796875e-05,4.22745943069458e-07,9.654756607368627e-07
Interpolating Baseline Exp 2,human,negative_contribution,1600,0,0,0.0,0.0,0.0
Interpolating Baseline Exp 2,human,negative_offer,1600,0,0,0.0,0.0,0.0
Interpolating Baseline Exp 2,human,next_field_to_adjacent_pool,1560,0,0,0.0,0.0,0.0
Interpolating Baseline Exp 2,human,player_surplus,6400,0,0,0.0,0.0,0.0
Interpolating Baseline Exp 2,human,pool_bound_violation,1600,0,0,0.0,0.0,0.0
Interpolating Baseline Exp 2,human,pre_pool_field,1600,0,0,0.0,0.0,0.0
Interpolating Baseline Exp 3,human,adjacent_next_pool,3120,2600,512,0.009046325460076332,0.0014483186942864455,0.0035682206798256983
Interpolating Baseline Exp 3,human,allocation_excess,3200,0,0,0.0,0.0,0.0
Interpolating Baseline Exp 3,human,contribution_excess,3200,0,0,0.0,0.0,0.0
Interpolating Baseline Exp 3,human,direct_next_pool,3200,2671,533,0.009046325460076332,0.0014699355080937504,0.0035947314815585048
Interpolating Baseline Exp 3,human,human_integer_grid,3200,0,0,0.0,0.0,0.0
Interpolating Baseline Exp 3,human,initial_pool,80,0,0,0.0,0.0,0.0
Interpolating Baseline Exp 3,human,mechanism_surplus,3200,1013,0,9.5367431640625e-06,3.9134174585342406e-07,9.473881259208726e-07
Interpolating Baseline Exp 3,human,negative_contribution,3200,0,0,0.0,0.0,0.0
Interpolating Baseline Exp 3,human,negative_offer,3200,0,0,0.0,0.0,0.0
Interpolating Baseline Exp 3,human,next_field_to_adjacent_pool,3120,0,0,0.0,0.0,0.0
Interpolating Baseline Exp 3,human,player_surplus,12800,0,0,0.0,0.0,0.0
Interpolating Baseline Exp 3,human,pool_bound_violation,3200,0,0,0.0,0.0,0.0
Interpolating Baseline Exp 3,human,pre_pool_field,3200,0,0,0.0,0.0,0.0
Mixed Baseline BC 1,recorded_behavioral_clone,adjacent_next_pool,19968,19092,4309,0.005179269894142635,0.0007058063338245536,0.001528257264111623
Mixed Baseline BC 1,recorded_behavioral_clone,allocation_excess,20480,0,0,0.0,0.0,0.0
Mixed Baseline BC 1,recorded_behavioral_clone,contribution_excess,20480,0,0,0.0,0.0,0.0
Mixed Baseline BC 1,recorded_behavioral_clone,initial_pool,512,0,0,0.0,0.0,0.0
Mixed Baseline BC 1,recorded_behavioral_clone,mechanism_surplus,20480,15288,0,1.7378082276309215e-05,6.090623658563742e-07,1.2756132732359117e-06
Mixed Baseline BC 1,recorded_behavioral_clone,negative_contribution,20480,0,0,0.0,0.0,0.0
Mixed Baseline BC 1,recorded_behavioral_clone,negative_offer,20480,0,0,0.0,0.0,0.0
Mixed Baseline BC 1,recorded_behavioral_clone,player_surplus,81920,57298,0,3.7628173856774083e-06,9.634287143717274e-08,2.3822881854455792e-07
Mixed Baseline BC 1,recorded_behavioral_clone,pool_bound_violation,20480,0,0,0.0,0.0,0.0
Mixed Baseline Exp 1,human,adjacent_next_pool,1560,1466,558,0.009076857939362526,0.003152683057272401,0.005268711411290624
Mixed Baseline Exp 1,human,allocation_excess,1600,0,0,0.0,0.0,0.0
Mixed Baseline Exp 1,human,contribution_excess,1600,0,0,0.0,0.0,0.0
Mixed Baseline Exp 1,human,direct_next_pool,1600,1505,586,0.009076857939362526,0.003227895037270433,0.005331091557473072
Mixed Baseline Exp 1,human,human_integer_grid,1600,0,0,0.0,0.0,0.0
Mixed Baseline Exp 1,human,initial_pool,40,0,0,0.0,0.0,0.0
Mixed Baseline Exp 1,human,mechanism_surplus,1600,378,0,1.1444091796875e-05,2.7869828045368195e-07,8.882400670856275e-07
Mixed Baseline Exp 1,human,negative_contribution,1600,0,0,0.0,0.0,0.0
Mixed Baseline Exp 1,human,negative_offer,1600,0,0,0.0,0.0,0.0
Mixed Baseline Exp 1,human,next_field_to_adjacent_pool,1560,0,0,0.0,0.0,0.0
Mixed Baseline Exp 1,human,player_surplus,6400,0,0,0.0,0.0,0.0
Mixed Baseline Exp 1,human,pool_bound_violation,1600,0,0,0.0,0.0,0.0
Mixed Baseline Exp 1,human,pre_pool_field,1600,0,0,0.0,0.0,0.0
Proportional Baseline BC 1,recorded_behavioral_clone,adjacent_next_pool,19968,15358,1939,0.007613560172467259,0.00033017668554308,0.0010711552442508477
Proportional Baseline BC 1,recorded_behavioral_clone,allocation_excess,20480,0,0,0.0,0.0,0.0
Proportional Baseline BC 1,recorded_behavioral_clone,contribution_excess,20480,0,0,0.0,0.0,0.0
Proportional Baseline BC 1,recorded_behavioral_clone,initial_pool,512,0,0,0.0,0.0,0.0
Proportional Baseline BC 1,recorded_behavioral_clone,mechanism_surplus,20480,17958,0,1.9891190817133975e-05,7.235400776541537e-07,1.5054809750897477e-06
Proportional Baseline BC 1,recorded_behavioral_clone,negative_contribution,20480,0,0,0.0,0.0,0.0
Proportional Baseline BC 1,recorded_behavioral_clone,negative_offer,20480,0,0,0.0,0.0,0.0
Proportional Baseline BC 1,recorded_behavioral_clone,player_surplus,81920,35290,0,1.3462829599575343e-05,1.0913288901372259e-07,4.0990452628983137e-07
Proportional Baseline BC 1,recorded_behavioral_clone,pool_bound_violation,20480,0,0,0.0,0.0,0.0
Proportional Baseline Exp 1,human,adjacent_next_pool,1560,1007,353,0.009002456441521645,0.0016751124155817744,0.003797917907776662
Proportional Baseline Exp 1,human,allocation_excess,1600,0,0,0.0,0.0,0.0
Proportional Baseline Exp 1,human,contribution_excess,1600,0,0,0.0,0.0,0.0
Proportional Baseline Exp 1,human,direct_next_pool,1600,1034,370,0.009002456441521645,0.001726871421792548,0.00385856468044459
Proportional Baseline Exp 1,human,human_integer_grid,1600,0,0,0.0,0.0,0.0
Proportional Baseline Exp 1,human,initial_pool,40,0,0,0.0,0.0,0.0
Proportional Baseline Exp 1,human,mechanism_surplus,1600,410,0,7.62939453125e-06,2.3953616619110106e-07,7.162918593060871e-07
Proportional Baseline Exp 1,human,negative_contribution,1600,0,0,0.0,0.0,0.0
Proportional Baseline Exp 1,human,negative_offer,1600,0,0,0.0,0.0,0.0
Proportional Baseline Exp 1,human,next_field_to_adjacent_pool,1560,0,0,0.0,0.0,0.0
Proportional Baseline Exp 1,human,player_surplus,6400,0,0,0.0,0.0,0.0
Proportional Baseline Exp 1,human,pool_bound_violation,1600,0,0,0.0,0.0,0.0
Proportional Baseline Exp 1,human,pre_pool_field,1600,0,0,0.0,0.0,0.0
Proportional Baseline Exp 2,human,adjacent_next_pool,1560,927,211,0.009000549092888832,0.0011934818955466055,0.0032413984550766534
Proportional Baseline Exp 2,human,allocation_excess,1600,0,0,0.0,0.0,0.0
Proportional Baseline Exp 2,human,contribution_excess,1600,0,0,0.0,0.0,0.0
Proportional Baseline Exp 2,human,direct_next_pool,1600,953,227,0.009000549092888832,0.0012517881020897015,0.0033197203018907975
Proportional Baseline Exp 2,human,human_integer_grid,1600,0,0,0.0,0.0,0.0
Proportional Baseline Exp 2,human,initial_pool,40,0,0,0.0,0.0,0.0
Proportional Baseline Exp 2,human,mechanism_surplus,1600,324,0,5.7220458984375e-06,2.465397119522095e-07,7.160066100498719e-07
Proportional Baseline Exp 2,human,negative_contribution,1600,0,0,0.0,0.0,0.0
Proportional Baseline Exp 2,human,negative_offer,1600,0,0,0.0,0.0,0.0
Proportional Baseline Exp 2,human,next_field_to_adjacent_pool,1560,0,0,0.0,0.0,0.0
Proportional Baseline Exp 2,human,player_surplus,6400,0,0,0.0,0.0,0.0
Proportional Baseline Exp 2,human,pool_bound_violation,1600,0,0,0.0,0.0,0.0
Proportional Baseline Exp 2,human,pre_pool_field,1600,0,0,0.0,0.0,0.0
Proportional Baseline Game 1 Exp 4,human,adjacent_next_pool,1171,506,130,0.008999999999995225,0.0009800936806148585,0.0029354451223149967
Proportional Baseline Game 1 Exp 4,human,allocation_excess,1211,0,0,0.0,0.0,0.0
Proportional Baseline Game 1 Exp 4,human,contribution_excess,1211,0,0,0.0,0.0,0.0
Proportional Baseline Game 1 Exp 4,human,direct_next_pool,1211,521,139,0.008999999999995225,0.0010134654830718265,0.002985519429060305
Proportional Baseline Game 1 Exp 4,human,human_integer_grid,1211,0,0,0.0,0.0,0.0
Proportional Baseline Game 1 Exp 4,human,initial_pool,40,0,0,0.0,0.0,0.0
Proportional Baseline Game 1 Exp 4,human,mechanism_surplus,1211,707,0,1.100000000064938e-05,1.7117919073038219e-06,2.913765018053956e-06
Proportional Baseline Game 1 Exp 4,human,negative_contribution,1211,0,0,0.0,0.0,0.0
Proportional Baseline Game 1 Exp 4,human,negative_offer,1211,0,0,0.0,0.0,0.0
Proportional Baseline Game 1 Exp 4,human,next_field_to_adjacent_pool,1171,0,0,0.0,0.0,0.0
Proportional Baseline Game 1 Exp 4,human,player_surplus,4844,1497,0,9.999999988963282e-06,4.113329894054967e-07,1.2168479870053417e-06
Proportional Baseline Game 1 Exp 4,human,pool_bound_violation,1211,0,0,0.0,0.0,0.0
Proportional Baseline Game 1 Exp 4,human,pre_pool_field,1211,0,0,0.0,0.0,0.0
Proportional Baseline Game 2 Exp 4,human,adjacent_next_pool,1051,250,46,0.008999999999995225,0.000387223977164982,0.0018454249834788238
Proportional Baseline Game 2 Exp 4,human,allocation_excess,1091,0,0,0.0,0.0,0.0
Proportional Baseline Game 2 Exp 4,human,contribution_excess,1091,0,0,0.0,0.0,0.0
Proportional Baseline Game 2 Exp 4,human,direct_next_pool,1091,262,51,0.008999999999995225,0.00041340091659061414,0.0019067344362436354
Proportional Baseline Game 2 Exp 4,human,human_integer_grid,1091,0,0,0.0,0.0,0.0
Proportional Baseline Game 2 Exp 4,human,initial_pool,40,0,0,0.0,0.0,0.0
Proportional Baseline Game 2 Exp 4,human,mechanism_surplus,1091,778,0,1.4000000007285962e-05,2.041860678614801e-06,2.9867041593898428e-06
Proportional Baseline Game 2 Exp 4,human,negative_contribution,1091,0,0,0.0,0.0,0.0
Proportional Baseline Game 2 Exp 4,human,negative_offer,1091,0,0,0.0,0.0,0.0
Proportional Baseline Game 2 Exp 4,human,next_field_to_adjacent_pool,1051,0,0,0.0,0.0,0.0
Proportional Baseline Game 2 Exp 4,human,player_surplus,4364,1982,0,1.0000000003174137e-05,5.609431121314994e-07,1.2448005373732564e-06
Proportional Baseline Game 2 Exp 4,human,pool_bound_violation,1091,0,0,0.0,0.0,0.0
Proportional Baseline Game 2 Exp 4,human,pre_pool_field,1091,0,0,0.0,0.0,0.0
Proportional Baseline Game 3 Exp 4,human,adjacent_next_pool,1090,183,53,0.0090099999999984,0.00042955403669762526,0.0019446668204406473
Proportional Baseline Game 3 Exp 4,human,allocation_excess,1130,0,0,0.0,0.0,0.0
Proportional Baseline Game 3 Exp 4,human,contribution_excess,1130,0,0,0.0,0.0,0.0
Proportional Baseline Game 3 Exp 4,human,direct_next_pool,1130,196,59,0.0090099999999984,0.00046127778761090603,0.002015489749734023
Proportional Baseline Game 3 Exp 4,human,human_integer_grid,1130,0,0,0.0,0.0,0.0
Proportional Baseline Game 3 Exp 4,human,initial_pool,40,0,0,0.0,0.0,0.0
Proportional Baseline Game 3 Exp 4,human,mechanism_surplus,1130,876,0,1.3999999993075107e-05,2.386212389410084e-06,3.4074618006867374e-06
Proportional Baseline Game 3 Exp 4,human,negative_contribution,1130,0,0,0.0,0.0,0.0
Proportional Baseline Game 3 Exp 4,human,negative_offer,1130,0,0,0.0,0.0,0.0
Proportional Baseline Game 3 Exp 4,human,next_field_to_adjacent_pool,1090,0,0,0.0,0.0,0.0
Proportional Baseline Game 3 Exp 4,human,player_surplus,4520,2349,0,9.999999988963282e-06,6.287807235924427e-07,1.3100391332681608e-06
Proportional Baseline Game 3 Exp 4,human,pool_bound_violation,1130,0,0,0.0,0.0,0.0
Proportional Baseline Game 3 Exp 4,human,pre_pool_field,1130,0,0,0.0,0.0,0.0
RL Agent (M1) BC 1,recorded_behavioral_clone,adjacent_next_pool,19968,16691,1493,0.009535024925253311,0.00028755097011943836,0.0010593553691761552
RL Agent (M1) BC 1,recorded_behavioral_clone,allocation_excess,20480,9226,0,3.1683349618560896e-05,2.6294435701908993e-06,5.303464384337276e-06
RL Agent (M1) BC 1,recorded_behavioral_clone,contribution_excess,20480,0,0,0.0,0.0,0.0
RL Agent (M1) BC 1,recorded_behavioral_clone,initial_pool,512,0,0,0.0,0.0,0.0
RL Agent (M1) BC 1,recorded_behavioral_clone,mechanism_surplus,20480,18726,0,1.8955249800001184e-05,1.091788968613111e-06,1.8273103539904393e-06
RL Agent (M1) BC 1,recorded_behavioral_clone,negative_contribution,20480,0,0,0.0,0.0,0.0
RL Agent (M1) BC 1,recorded_behavioral_clone,negative_offer,20480,0,0,0.0,0.0,0.0
RL Agent (M1) BC 1,recorded_behavioral_clone,player_surplus,81920,56341,0,1.2244491585988726e-05,1.5152960904126498e-07,3.8061274200184056e-07
RL Agent (M1) BC 1,recorded_behavioral_clone,pool_bound_violation,20480,0,0,0.0,0.0,0.0
RL Agent (M1) Exp 1,human,adjacent_next_pool,1560,1311,324,0.010002182330936193,0.0020802874050736488,0.004557135896390003
RL Agent (M1) Exp 1,human,allocation_excess,1600,626,0,2.288818359375e-05,1.9545682060861936e-06,4.086610810481764e-06
RL Agent (M1) Exp 1,human,contribution_excess,1600,0,0,0.0,0.0,0.0
RL Agent (M1) Exp 1,human,direct_next_pool,1600,1344,338,0.010002182330936193,0.002115845622378456,0.004596009234155675
RL Agent (M1) Exp 1,human,human_integer_grid,1600,0,0,0.0,0.0,0.0
RL Agent (M1) Exp 1,human,initial_pool,40,0,0,0.0,0.0,0.0
RL Agent (M1) Exp 1,human,mechanism_surplus,1600,1029,0,1.1444091796875e-05,8.714376257107359e-07,1.522864825563009e-06
RL Agent (M1) Exp 1,human,negative_contribution,1600,0,0,0.0,0.0,0.0
RL Agent (M1) Exp 1,human,negative_offer,1600,0,0,0.0,0.0,0.0
RL Agent (M1) Exp 1,human,next_field_to_adjacent_pool,1560,0,0,0.0,0.0,0.0
RL Agent (M1) Exp 1,human,player_surplus,6400,0,0,0.0,0.0,0.0
RL Agent (M1) Exp 1,human,pool_bound_violation,1600,0,0,0.0,0.0,0.0
RL Agent (M1) Exp 1,human,pre_pool_field,1600,0,0,0.0,0.0,0.0
RL Agent (M1) Exp 2,human,adjacent_next_pool,1560,1358,226,0.010001972783356905,0.0014522547994044207,0.003806209421307328
RL Agent (M1) Exp 2,human,allocation_excess,1600,664,0,2.193450927734375e-05,2.0270043099746004e-06,4.188236737643815e-06
RL Agent (M1) Exp 2,human,contribution_excess,1600,0,0,0.0,0.0,0.0
RL Agent (M1) Exp 2,human,direct_next_pool,1600,1391,237,0.010001972783356905,0.0014847525252460992,0.003848707542940751
RL Agent (M1) Exp 2,human,human_integer_grid,1600,0,0,0.0,0.0,0.0
RL Agent (M1) Exp 2,human,initial_pool,40,0,0,0.0,0.0,0.0
RL Agent (M1) Exp 2,human,mechanism_surplus,1600,1133,0,1.1444091796875e-05,9.119218683550922e-07,1.6181635950371022e-06
RL Agent (M1) Exp 2,human,negative_contribution,1600,0,0,0.0,0.0,0.0
RL Agent (M1) Exp 2,human,negative_offer,1600,0,0,0.0,0.0,0.0
RL Agent (M1) Exp 2,human,next_field_to_adjacent_pool,1560,0,0,0.0,0.0,0.0
RL Agent (M1) Exp 2,human,player_surplus,6400,0,0,0.0,0.0,0.0
RL Agent (M1) Exp 2,human,pool_bound_violation,1600,0,0,0.0,0.0,0.0
RL Agent (M1) Exp 2,human,pre_pool_field,1600,0,0,0.0,0.0,0.0
RL Agent (M2) BC 2,recorded_behavioral_clone,adjacent_next_pool,19968,17110,927,0.009699064426861526,0.0001869822875759129,0.0008658221414002559
RL Agent (M2) BC 2,recorded_behavioral_clone,allocation_excess,20480,806,0,3.0350341802432013e-05,3.026467684542738e-07,1.892203123240625e-06
RL Agent (M2) BC 2,recorded_behavioral_clone,contribution_excess,20480,0,0,0.0,0.0,0.0
RL Agent (M2) BC 2,recorded_behavioral_clone,initial_pool,512,0,0,0.0,0.0,0.0
RL Agent (M2) BC 2,recorded_behavioral_clone,mechanism_surplus,20480,19136,0,1.763801574838908e-05,1.2058074924671597e-06,1.9605029938275566e-06
RL Agent (M2) BC 2,recorded_behavioral_clone,negative_contribution,20480,0,0,0.0,0.0,0.0
RL Agent (M2) BC 2,recorded_behavioral_clone,negative_offer,20480,0,0,0.0,0.0,0.0
RL Agent (M2) BC 2,recorded_behavioral_clone,player_surplus,81920,54666,0,1.0933532706758342e-05,1.6171564965020829e-07,4.0102228630452196e-07
RL Agent (M2) BC 2,recorded_behavioral_clone,pool_bound_violation,20480,0,0,0.0,0.0,0.0
RL Agent (M2) Exp 3,human,adjacent_next_pool,3120,2574,286,0.010000001236448952,0.0009132968118697396,0.0030124367927352046
RL Agent (M2) Exp 3,human,allocation_excess,3200,99,0,2.193450927734375e-05,2.354523754033444e-07,1.6125893195231878e-06
RL Agent (M2) Exp 3,human,contribution_excess,3200,0,0,0.0,0.0,0.0
RL Agent (M2) Exp 3,human,direct_next_pool,3200,2649,300,0.010000001236448952,0.0009343134789455179,0.003047196327030663
RL Agent (M2) Exp 3,human,human_integer_grid,3200,0,0,0.0,0.0,0.0
RL Agent (M2) Exp 3,human,initial_pool,80,0,0,0.0,0.0,0.0
RL Agent (M2) Exp 3,human,mechanism_surplus,3200,2383,0,1.52587890625e-05,8.34799919299921e-07,1.4794661365941586e-06
RL Agent (M2) Exp 3,human,negative_contribution,3200,0,0,0.0,0.0,0.0
RL Agent (M2) Exp 3,human,negative_offer,3200,0,0,0.0,0.0,0.0
RL Agent (M2) Exp 3,human,next_field_to_adjacent_pool,3120,0,0,0.0,0.0,0.0
RL Agent (M2) Exp 3,human,player_surplus,12800,0,0,0.0,0.0,0.0
RL Agent (M2) Exp 3,human,pool_bound_violation,3200,0,0,0.0,0.0,0.0
RL Agent (M2) Exp 3,human,pre_pool_field,3200,0,0,0.0,0.0,0.0
RL Agent (M2) Game 1 Exp 4,human,adjacent_next_pool,1084,890,98,0.010000001069,0.0008959988152492889,0.00298111477284536
RL Agent (M2) Game 1 Exp 4,human,allocation_excess,1124,41,0,1.7999999982976078e-05,2.810591449187294e-07,1.775052002806137e-06
RL Agent (M2) Game 1 Exp 4,human,contribution_excess,1124,0,0,0.0,0.0,0.0
RL Agent (M2) Game 1 Exp 4,human,direct_next_pool,1124,927,104,0.010000001069,0.0009176530270164469,0.0030173812646216228
RL Agent (M2) Game 1 Exp 4,human,human_integer_grid,1124,0,0,0.0,0.0,0.0
RL Agent (M2) Game 1 Exp 4,human,initial_pool,40,0,0,0.0,0.0,0.0
RL Agent (M2) Game 1 Exp 4,human,mechanism_surplus,1124,942,0,2.3199999986900366e-05,1.7024513102198093e-06,2.7139999871137136e-06
RL Agent (M2) Game 1 Exp 4,human,negative_contribution,1124,0,0,0.0,0.0,0.0
RL Agent (M2) Game 1 Exp 4,human,negative_offer,1124,0,0,0.0,0.0,0.0
RL Agent (M2) Game 1 Exp 4,human,next_field_to_adjacent_pool,1084,0,0,0.0,0.0,0.0
RL Agent (M2) Game 1 Exp 4,human,player_surplus,4496,1233,0,1.0000000003174137e-05,3.7508856808619423e-07,9.823950921905582e-07
RL Agent (M2) Game 1 Exp 4,human,pool_bound_violation,1124,0,0,0.0,0.0,0.0
RL Agent (M2) Game 1 Exp 4,human,pre_pool_field,1124,0,0,0.0,0.0,0.0
RL Agent (M2) Game 2 Exp 4,human,adjacent_next_pool,1095,811,47,0.0100000008222,0.00043352899218231187,0.0020717394159054056
RL Agent (M2) Game 2 Exp 4,human,allocation_excess,1135,45,0,2.0000000006348273e-05,2.955986075704265e-07,1.7743274468127297e-06
RL Agent (M2) Game 2 Exp 4,human,contribution_excess,1135,0,0,0.0,0.0,0.0
RL Agent (M2) Game 2 Exp 4,human,direct_next_pool,1135,845,51,0.0100000008222,0.00045363349961326065,0.002119732203814829
RL Agent (M2) Game 2 Exp 4,human,human_integer_grid,1135,0,0,0.0,0.0,0.0
RL Agent (M2) Game 2 Exp 4,human,initial_pool,40,0,0,0.0,0.0,0.0
RL Agent (M2) Game 2 Exp 4,human,mechanism_surplus,1135,990,0,1.1599999993450183e-05,1.871262454549898e-06,2.6419440999758286e-06
RL Agent (M2) Game 2 Exp 4,human,negative_contribution,1135,0,0,0.0,0.0,0.0
RL Agent (M2) Game 2 Exp 4,human,negative_offer,1135,0,0,0.0,0.0,0.0
RL Agent (M2) Game 2 Exp 4,human,next_field_to_adjacent_pool,1095,0,0,0.0,0.0,0.0
RL Agent (M2) Game 2 Exp 4,human,player_surplus,4540,1452,0,5.99999998840417e-06,4.5383740157546364e-07,1.0482094408185647e-06
RL Agent (M2) Game 2 Exp 4,human,pool_bound_violation,1135,0,0,0.0,0.0,0.0
RL Agent (M2) Game 2 Exp 4,human,pre_pool_field,1135,0,0,0.0,0.0,0.0
RL Agent (M2) Game 3 Exp 4,human,adjacent_next_pool,1091,768,6,0.0099999994642,5.952751950676732e-05,0.0007396720248643379
RL Agent (M2) Game 3 Exp 4,human,allocation_excess,1131,30,0,2.7999999986150215e-05,1.8709124899630878e-07,1.5222197477544778e-06
RL Agent (M2) Game 3 Exp 4,human,contribution_excess,1131,0,0,0.0,0.0,0.0
RL Agent (M2) Game 3 Exp 4,human,direct_next_pool,1131,802,7,0.010000000202700001,6.644461167345045e-05,0.0007849740756445005
RL Agent (M2) Game 3 Exp 4,human,human_integer_grid,1131,0,0,0.0,0.0,0.0
RL Agent (M2) Game 3 Exp 4,human,initial_pool,40,0,0,0.0,0.0,0.0
RL Agent (M2) Game 3 Exp 4,human,mechanism_surplus,1131,1014,0,1.100000000064938e-05,2.0965156155044396e-06,2.799284687526277e-06
RL Agent (M2) Game 3 Exp 4,human,negative_contribution,1131,0,0,0.0,0.0,0.0
RL Agent (M2) Game 3 Exp 4,human,negative_offer,1131,0,0,0.0,0.0,0.0
RL Agent (M2) Game 3 Exp 4,human,next_field_to_adjacent_pool,1091,0,0,0.0,0.0,0.0
RL Agent (M2) Game 3 Exp 4,human,player_surplus,4524,1570,0,7.999999994012796e-06,4.983351686933907e-07,1.098129092695719e-06
RL Agent (M2) Game 3 Exp 4,human,pool_bound_violation,1131,0,0,0.0,0.0,0.0
RL Agent (M2) Game 3 Exp 4,human,pre_pool_field,1131,0,0,0.0,0.0,0.0
