nonforced_choices,nll,predicted_fraction,observed_fraction,p_zero,observed_zero,signal_clipping_count,signal_defined_rounds,family,seed,checkpoint_sha256,selected_epoch,group_index,key,mechanism,split,tilt,tilt_denominator,nodes
20,2.4505379096543285,0.3882690427308962,0.3213588568905448,0.2053015761011177,0.2,0,39,T03-GRU,17,4146b729f335ff47d4f2e59c62a77fc77d8cdc8db568839126dcc5cf41f884a7,116,11,"[""Equal Baseline Exp 1"",""30843571"",""0""]",Equal,test,"[0.0,0.0]",offer,41
40,1.538131584687782,0.43338038585445265,0.4824683097337905,0.2806284972172487,0.35,0,39,T03-GRU,17,4146b729f335ff47d4f2e59c62a77fc77d8cdc8db568839126dcc5cf41f884a7,116,13,"[""Equal Baseline Exp 1"",""35368456"",""0""]",Equal,test,"[0.0,0.0]",offer,41
28,2.0739717308136267,0.3943561881053065,0.36725032776224387,0.2194258749262831,0.2857142857142857,0,39,T03-GRU,17,4146b729f335ff47d4f2e59c62a77fc77d8cdc8db568839126dcc5cf41f884a7,116,20,"[""Equal Baseline Exp 1"",""40800498"",""0""]",Equal,test,"[0.0,0.0]",offer,41
48,1.7909567603529624,0.48430634355119156,0.4998606309407574,0.2202684185874987,0.125,0,39,T03-GRU,17,4146b729f335ff47d4f2e59c62a77fc77d8cdc8db568839126dcc5cf41f884a7,116,25,"[""Equal Baseline Exp 1"",""46096247"",""0""]",Equal,test,"[0.0,0.0]",offer,41
20,2.218403603522345,0.36486039602189685,0.2735059339740145,0.2561780094765826,0.2,0,39,T03-GRU,17,4146b729f335ff47d4f2e59c62a77fc77d8cdc8db568839126dcc5cf41f884a7,116,31,"[""Equal Baseline Exp 1"",""75670883"",""0""]",Equal,test,"[0.0,0.0]",offer,41
28,2.0377334560640157,0.42691323581090895,0.40116988307414514,0.2319848002920503,0.21428571428571427,0,39,T03-GRU,17,4146b729f335ff47d4f2e59c62a77fc77d8cdc8db568839126dcc5cf41f884a7,116,35,"[""Equal Baseline Exp 1"",""92291462"",""0""]",Equal,test,"[0.0,0.0]",offer,41
52,2.411614101710357,0.5475211472383552,0.5216043547818867,0.09585723001385427,0.057692307692307696,0,39,T03-GRU,17,4146b729f335ff47d4f2e59c62a77fc77d8cdc8db568839126dcc5cf41f884a7,116,36,"[""Equal Baseline Exp 1"",""92992435"",""0""]",Equal,test,"[0.0,0.0]",offer,41
16,2.4923972196957265,0.3810793928391698,0.281845268828987,0.166817923533958,0.25,0,39,T03-GRU,17,4146b729f335ff47d4f2e59c62a77fc77d8cdc8db568839126dcc5cf41f884a7,116,38,"[""Equal Baseline Exp 1"",""94815040"",""0""]",Equal,test,"[0.0,0.0]",offer,41
160,2.6443216293955034,0.6759750756503328,0.7168249249703282,0.04271021168967375,0.0375,0,39,T03-GRU,17,4146b729f335ff47d4f2e59c62a77fc77d8cdc8db568839126dcc5cf41f884a7,116,44,"[""Mixed Baseline Exp 1"",""18823620"",""0""]",Mixed,test,"[0.0,0.0]",offer,41
160,2.397251500949861,0.6500066195934618,0.6718478804525125,0.05052874124499931,0.00625,0,39,T03-GRU,17,4146b729f335ff47d4f2e59c62a77fc77d8cdc8db568839126dcc5cf41f884a7,116,47,"[""Mixed Baseline Exp 1"",""26185795"",""0""]",Mixed,test,"[0.0,0.0]",offer,41
160,2.946614978683222,0.6762527096616064,0.6797335163161133,0.03867349733278985,0.025,0,39,T03-GRU,17,4146b729f335ff47d4f2e59c62a77fc77d8cdc8db568839126dcc5cf41f884a7,116,52,"[""Mixed Baseline Exp 1"",""37465807"",""0""]",Mixed,test,"[0.0,0.0]",offer,41
38,1.9286493764893393,0.4376364811670186,0.4545508413559751,0.22581142044619498,0.10526315789473684,0,39,T03-GRU,17,4146b729f335ff47d4f2e59c62a77fc77d8cdc8db568839126dcc5cf41f884a7,116,57,"[""Mixed Baseline Exp 1"",""47841996"",""0""]",Mixed,test,"[0.0,0.0]",offer,41
144,3.1215705703560728,0.6057200604714347,0.5450884746657113,0.0986583249756842,0.13194444444444445,0,39,T03-GRU,17,4146b729f335ff47d4f2e59c62a77fc77d8cdc8db568839126dcc5cf41f884a7,116,60,"[""Mixed Baseline Exp 1"",""50116627"",""0""]",Mixed,test,"[0.0,0.0]",offer,41
160,2.1883264692767397,0.6411137422717488,0.6842882984653282,0.05720559267551926,0.01875,0,39,T03-GRU,17,4146b729f335ff47d4f2e59c62a77fc77d8cdc8db568839126dcc5cf41f884a7,116,64,"[""Mixed Baseline Exp 1"",""64291720"",""0""]",Mixed,test,"[0.0,0.0]",offer,41
138,2.7571515429164677,0.6579087011642316,0.582530541129837,0.06542338625156252,0.10869565217391304,0,39,T03-GRU,17,4146b729f335ff47d4f2e59c62a77fc77d8cdc8db568839126dcc5cf41f884a7,116,73,"[""Mixed Baseline Exp 1"",""85460730"",""0""]",Mixed,test,"[0.0,0.0]",offer,41
47,2.1977142491455033,0.47738127333645564,0.42533258046478645,0.15446107065020553,0.2765957446808511,0,39,T03-GRU,17,4146b729f335ff47d4f2e59c62a77fc77d8cdc8db568839126dcc5cf41f884a7,116,78,"[""Mixed Baseline Exp 1"",""95675568"",""0""]",Mixed,test,"[0.0,0.0]",offer,41
57,3.0145919505422083,0.6046106095876345,0.6330124525408342,0.10770536016118272,0.05263157894736842,0,39,T03-GRU,17,4146b729f335ff47d4f2e59c62a77fc77d8cdc8db568839126dcc5cf41f884a7,116,80,"[""Proportional Baseline Exp 1"",""11095201"",""0""]",Proportional,test,"[0.0,0.0]",offer,41
26,2.549422793392139,0.4494509873588631,0.39088597333382313,0.1577122425111675,0.15384615384615385,0,39,T03-GRU,17,4146b729f335ff47d4f2e59c62a77fc77d8cdc8db568839126dcc5cf41f884a7,116,82,"[""Proportional Baseline Exp 1"",""14606420"",""0""]",Proportional,test,"[0.0,0.0]",offer,41
104,3.375733454572267,0.6820211488426374,0.7337442128283118,0.10126818933311046,0.028846153846153848,0,39,T03-GRU,17,4146b729f335ff47d4f2e59c62a77fc77d8cdc8db568839126dcc5cf41f884a7,116,89,"[""Proportional Baseline Exp 1"",""36303454"",""0""]",Proportional,test,"[0.0,0.0]",offer,41
89,2.8582064077269314,0.6869882599802251,0.7803095086068019,0.04223858839429966,0.033707865168539325,0,39,T03-GRU,17,4146b729f335ff47d4f2e59c62a77fc77d8cdc8db568839126dcc5cf41f884a7,116,97,"[""Proportional Baseline Exp 1"",""45673270"",""0""]",Proportional,test,"[0.0,0.0]",offer,41
88,3.213497992459257,0.7036629165152504,0.7720946882803723,0.07015966449174309,0.022727272727272728,0,39,T03-GRU,17,4146b729f335ff47d4f2e59c62a77fc77d8cdc8db568839126dcc5cf41f884a7,116,104,"[""Proportional Baseline Exp 1"",""63752993"",""0""]",Proportional,test,"[0.0,0.0]",offer,41
83,3.2145731045064405,0.6441232891283348,0.696077295786726,0.06252391576253964,0.03614457831325301,0,39,T03-GRU,17,4146b729f335ff47d4f2e59c62a77fc77d8cdc8db568839126dcc5cf41f884a7,116,107,"[""Proportional Baseline Exp 1"",""69384851"",""0""]",Proportional,test,"[0.0,0.0]",offer,41
88,2.380214732656537,0.6024303710318363,0.682554200088679,0.13292225137600555,0.03409090909090909,0,39,T03-GRU,17,4146b729f335ff47d4f2e59c62a77fc77d8cdc8db568839126dcc5cf41f884a7,116,111,"[""Proportional Baseline Exp 1"",""76356479"",""0""]",Proportional,test,"[0.0,0.0]",offer,41
52,4.131320698533835,0.6896879071267961,0.6602456460601386,0.05601388140868509,0.057692307692307696,0,39,T03-GRU,17,4146b729f335ff47d4f2e59c62a77fc77d8cdc8db568839126dcc5cf41f884a7,116,117,"[""Proportional Baseline Exp 1"",""85019022"",""0""]",Proportional,test,"[0.0,0.0]",offer,41
20,2.5131664069077604,0.44461824040981435,0.3213588568905448,0.15311603341287935,0.2,0,39,Audit-T03-GRU-floor-tilt-0.6,17,4146b729f335ff47d4f2e59c62a77fc77d8cdc8db568839126dcc5cf41f884a7,116,11,"[""Equal Baseline Exp 1"",""30843571"",""0""]",Equal,test,"[0.6,0.0]",floor,41
40,1.5287379484194616,0.5116903227666987,0.4824683097337905,0.20203355467789272,0.35,0,39,Audit-T03-GRU-floor-tilt-0.6,17,4146b729f335ff47d4f2e59c62a77fc77d8cdc8db568839126dcc5cf41f884a7,116,13,"[""Equal Baseline Exp 1"",""35368456"",""0""]",Equal,test,"[0.6,0.0]",floor,41
28,2.1196420844239054,0.45807947613981864,0.36725032776224387,0.1617383365561477,0.2857142857142857,0,39,Audit-T03-GRU-floor-tilt-0.6,17,4146b729f335ff47d4f2e59c62a77fc77d8cdc8db568839126dcc5cf41f884a7,116,20,"[""Equal Baseline Exp 1"",""40800498"",""0""]",Equal,test,"[0.6,0.0]",floor,41
48,1.8009054182991668,0.5592068545909422,0.4998606309407574,0.15133752870968128,0.125,0,39,Audit-T03-GRU-floor-tilt-0.6,17,4146b729f335ff47d4f2e59c62a77fc77d8cdc8db568839126dcc5cf41f884a7,116,25,"[""Equal Baseline Exp 1"",""46096247"",""0""]",Equal,test,"[0.6,0.0]",floor,41
20,2.305345329798201,0.4284686789227523,0.2735059339740145,0.19374770833308555,0.2,0,39,Audit-T03-GRU-floor-tilt-0.6,17,4146b729f335ff47d4f2e59c62a77fc77d8cdc8db568839126dcc5cf41f884a7,116,31,"[""Equal Baseline Exp 1"",""75670883"",""0""]",Equal,test,"[0.6,0.0]",floor,41
28,2.07800189857342,0.49798742073751,0.40116988307414514,0.16933283894164006,0.21428571428571427,0,39,Audit-T03-GRU-floor-tilt-0.6,17,4146b729f335ff47d4f2e59c62a77fc77d8cdc8db568839126dcc5cf41f884a7,116,35,"[""Equal Baseline Exp 1"",""92291462"",""0""]",Equal,test,"[0.6,0.0]",floor,41
52,2.4504226183818627,0.5977825245099327,0.5216043547818867,0.06432156493059188,0.057692307692307696,0,39,Audit-T03-GRU-floor-tilt-0.6,17,4146b729f335ff47d4f2e59c62a77fc77d8cdc8db568839126dcc5cf41f884a7,116,36,"[""Equal Baseline Exp 1"",""92992435"",""0""]",Equal,test,"[0.6,0.0]",floor,41
16,2.573547236529339,0.4346415982955199,0.281845268828987,0.12976688830048835,0.25,0,39,Audit-T03-GRU-floor-tilt-0.6,17,4146b729f335ff47d4f2e59c62a77fc77d8cdc8db568839126dcc5cf41f884a7,116,38,"[""Equal Baseline Exp 1"",""94815040"",""0""]",Equal,test,"[0.6,0.0]",floor,41
160,2.6308864949367203,0.7148436639040866,0.7168249249703282,0.027986571829901226,0.0375,0,39,Audit-T03-GRU-floor-tilt-0.6,17,4146b729f335ff47d4f2e59c62a77fc77d8cdc8db568839126dcc5cf41f884a7,116,44,"[""Mixed Baseline Exp 1"",""18823620"",""0""]",Mixed,test,"[0.6,0.0]",floor,41
160,2.3975686858946195,0.6931997498000924,0.6718478804525125,0.03363605382258131,0.00625,0,39,Audit-T03-GRU-floor-tilt-0.6,17,4146b729f335ff47d4f2e59c62a77fc77d8cdc8db568839126dcc5cf41f884a7,116,47,"[""Mixed Baseline Exp 1"",""26185795"",""0""]",Mixed,test,"[0.6,0.0]",floor,41
160,2.956073550354856,0.7127004752012086,0.6797335163161133,0.02554943755051159,0.025,0,39,Audit-T03-GRU-floor-tilt-0.6,17,4146b729f335ff47d4f2e59c62a77fc77d8cdc8db568839126dcc5cf41f884a7,116,52,"[""Mixed Baseline Exp 1"",""37465807"",""0""]",Mixed,test,"[0.6,0.0]",floor,41
38,1.9327217895390874,0.5070054888068851,0.4545508413559751,0.15848986249569483,0.10526315789473684,0,39,Audit-T03-GRU-floor-tilt-0.6,17,4146b729f335ff47d4f2e59c62a77fc77d8cdc8db568839126dcc5cf41f884a7,116,57,"[""Mixed Baseline Exp 1"",""47841996"",""0""]",Mixed,test,"[0.6,0.0]",floor,41
144,3.17985867694893,0.6486677140251077,0.5450884746657113,0.07370112179192881,0.13194444444444445,0,39,Audit-T03-GRU-floor-tilt-0.6,17,4146b729f335ff47d4f2e59c62a77fc77d8cdc8db568839126dcc5cf41f884a7,116,60,"[""Mixed Baseline Exp 1"",""50116627"",""0""]",Mixed,test,"[0.6,0.0]",floor,41
160,2.1748462016382355,0.686660224353823,0.6842882984653282,0.038109247786719015,0.01875,0,39,Audit-T03-GRU-floor-tilt-0.6,17,4146b729f335ff47d4f2e59c62a77fc77d8cdc8db568839126dcc5cf41f884a7,116,64,"[""Mixed Baseline Exp 1"",""64291720"",""0""]",Mixed,test,"[0.6,0.0]",floor,41
138,2.8213110818020875,0.7002943787384343,0.582530541129837,0.04274305156206571,0.10869565217391304,0,39,Audit-T03-GRU-floor-tilt-0.6,17,4146b729f335ff47d4f2e59c62a77fc77d8cdc8db568839126dcc5cf41f884a7,116,73,"[""Mixed Baseline Exp 1"",""85460730"",""0""]",Mixed,test,"[0.6,0.0]",floor,41
47,2.254649002032417,0.5356071092358723,0.42533258046478645,0.10756628575974288,0.2765957446808511,0,39,Audit-T03-GRU-floor-tilt-0.6,17,4146b729f335ff47d4f2e59c62a77fc77d8cdc8db568839126dcc5cf41f884a7,116,78,"[""Mixed Baseline Exp 1"",""95675568"",""0""]",Mixed,test,"[0.6,0.0]",floor,41
57,3.0107434686420733,0.6460025155305944,0.6330124525408342,0.0779549370297079,0.05263157894736842,0,39,Audit-T03-GRU-floor-tilt-0.6,17,4146b729f335ff47d4f2e59c62a77fc77d8cdc8db568839126dcc5cf41f884a7,116,80,"[""Proportional Baseline Exp 1"",""11095201"",""0""]",Proportional,test,"[0.6,0.0]",floor,41
26,2.6119372850241835,0.5056614549653805,0.39088597333382313,0.11183894019607953,0.15384615384615385,0,39,Audit-T03-GRU-floor-tilt-0.6,17,4146b729f335ff47d4f2e59c62a77fc77d8cdc8db568839126dcc5cf41f884a7,116,82,"[""Proportional Baseline Exp 1"",""14606420"",""0""]",Proportional,test,"[0.6,0.0]",floor,41
104,3.3488430653995347,0.7182440949190455,0.7337442128283118,0.07367826032333584,0.028846153846153848,0,39,Audit-T03-GRU-floor-tilt-0.6,17,4146b729f335ff47d4f2e59c62a77fc77d8cdc8db568839126dcc5cf41f884a7,116,89,"[""Proportional Baseline Exp 1"",""36303454"",""0""]",Proportional,test,"[0.6,0.0]",floor,41
89,2.8124802571672984,0.7184196442239565,0.7803095086068019,0.02857025891323146,0.033707865168539325,0,39,Audit-T03-GRU-floor-tilt-0.6,17,4146b729f335ff47d4f2e59c62a77fc77d8cdc8db568839126dcc5cf41f884a7,116,97,"[""Proportional Baseline Exp 1"",""45673270"",""0""]",Proportional,test,"[0.6,0.0]",floor,41
88,3.1840202836111784,0.7400139414437258,0.7720946882803723,0.04767118612549841,0.022727272727272728,0,39,Audit-T03-GRU-floor-tilt-0.6,17,4146b729f335ff47d4f2e59c62a77fc77d8cdc8db568839126dcc5cf41f884a7,116,104,"[""Proportional Baseline Exp 1"",""63752993"",""0""]",Proportional,test,"[0.6,0.0]",floor,41
83,3.1984454423736057,0.6812575124380067,0.696077295786726,0.04220540904273648,0.03614457831325301,0,39,Audit-T03-GRU-floor-tilt-0.6,17,4146b729f335ff47d4f2e59c62a77fc77d8cdc8db568839126dcc5cf41f884a7,116,107,"[""Proportional Baseline Exp 1"",""69384851"",""0""]",Proportional,test,"[0.6,0.0]",floor,41
88,2.3358169538643945,0.652319051227445,0.682554200088679,0.08605334475190346,0.03409090909090909,0,39,Audit-T03-GRU-floor-tilt-0.6,17,4146b729f335ff47d4f2e59c62a77fc77d8cdc8db568839126dcc5cf41f884a7,116,111,"[""Proportional Baseline Exp 1"",""76356479"",""0""]",Proportional,test,"[0.6,0.0]",floor,41
52,4.158541256118646,0.7175459279945653,0.6602456460601386,0.039905243357409116,0.057692307692307696,0,39,Audit-T03-GRU-floor-tilt-0.6,17,4146b729f335ff47d4f2e59c62a77fc77d8cdc8db568839126dcc5cf41f884a7,116,117,"[""Proportional Baseline Exp 1"",""85019022"",""0""]",Proportional,test,"[0.6,0.0]",floor,41
20,2.2627283422127644,0.3682960097974344,0.3213588568905448,0.23323643041336362,0.2,0,39,T04-GRU,17,a8f92a9c4693f2c4efb1175208ad11230ff2b9c74c26ab466d117ec36676b61e,476,11,"[""Equal Baseline Exp 1"",""30843571"",""0""]",Equal,test,"[0.0,0.0]",offer,41
40,1.3840283927355088,0.45655454152833863,0.4824683097337905,0.27002213209005727,0.35,0,39,T04-GRU,17,a8f92a9c4693f2c4efb1175208ad11230ff2b9c74c26ab466d117ec36676b61e,476,13,"[""Equal Baseline Exp 1"",""35368456"",""0""]",Equal,test,"[0.0,0.0]",offer,41
28,1.942792645908245,0.4013448120402812,0.36725032776224387,0.19858130682631955,0.2857142857142857,0,39,T04-GRU,17,a8f92a9c4693f2c4efb1175208ad11230ff2b9c74c26ab466d117ec36676b61e,476,20,"[""Equal Baseline Exp 1"",""40800498"",""0""]",Equal,test,"[0.0,0.0]",offer,41
48,1.7474555037950592,0.4949083853382934,0.4998606309407574,0.19665827777989822,0.125,0,39,T04-GRU,17,a8f92a9c4693f2c4efb1175208ad11230ff2b9c74c26ab466d117ec36676b61e,476,25,"[""Equal Baseline Exp 1"",""46096247"",""0""]",Equal,test,"[0.0,0.0]",offer,41
20,2.099449508758457,0.35236487234183367,0.2735059339740145,0.24527210756976953,0.2,0,39,T04-GRU,17,a8f92a9c4693f2c4efb1175208ad11230ff2b9c74c26ab466d117ec36676b61e,476,31,"[""Equal Baseline Exp 1"",""75670883"",""0""]",Equal,test,"[0.0,0.0]",offer,41
28,2.013421261743004,0.4453638320505536,0.40116988307414514,0.19431329875403575,0.21428571428571427,0,39,T04-GRU,17,a8f92a9c4693f2c4efb1175208ad11230ff2b9c74c26ab466d117ec36676b61e,476,35,"[""Equal Baseline Exp 1"",""92291462"",""0""]",Equal,test,"[0.0,0.0]",offer,41
52,2.299116969100811,0.5164688848807857,0.5216043547818867,0.10781558978640968,0.057692307692307696,0,39,T04-GRU,17,a8f92a9c4693f2c4efb1175208ad11230ff2b9c74c26ab466d117ec36676b61e,476,36,"[""Equal Baseline Exp 1"",""92992435"",""0""]",Equal,test,"[0.0,0.0]",offer,41
16,2.4672767561447997,0.36129905363830467,0.281845268828987,0.15931477445907202,0.25,0,39,T04-GRU,17,a8f92a9c4693f2c4efb1175208ad11230ff2b9c74c26ab466d117ec36676b61e,476,38,"[""Equal Baseline Exp 1"",""94815040"",""0""]",Equal,test,"[0.0,0.0]",offer,41
160,2.7051238235898265,0.6487670858542172,0.7168249249703282,0.03558029995947465,0.0375,0,39,T04-GRU,17,a8f92a9c4693f2c4efb1175208ad11230ff2b9c74c26ab466d117ec36676b61e,476,44,"[""Mixed Baseline Exp 1"",""18823620"",""0""]",Mixed,test,"[0.0,0.0]",offer,41
160,2.3371805214455086,0.5954808457722417,0.6718478804525125,0.03560654375767154,0.00625,0,39,T04-GRU,17,a8f92a9c4693f2c4efb1175208ad11230ff2b9c74c26ab466d117ec36676b61e,476,47,"[""Mixed Baseline Exp 1"",""26185795"",""0""]",Mixed,test,"[0.0,0.0]",offer,41
160,2.7837742640465795,0.6310837211872186,0.6797335163161133,0.02038604015822133,0.025,0,39,T04-GRU,17,a8f92a9c4693f2c4efb1175208ad11230ff2b9c74c26ab466d117ec36676b61e,476,52,"[""Mixed Baseline Exp 1"",""37465807"",""0""]",Mixed,test,"[0.0,0.0]",offer,41
38,1.8789028976677407,0.45015442715189996,0.4545508413559751,0.19570734882123145,0.10526315789473684,0,39,T04-GRU,17,a8f92a9c4693f2c4efb1175208ad11230ff2b9c74c26ab466d117ec36676b61e,476,57,"[""Mixed Baseline Exp 1"",""47841996"",""0""]",Mixed,test,"[0.0,0.0]",offer,41
144,3.012732121813855,0.5719679954790216,0.5450884746657113,0.1948843892429593,0.13194444444444445,0,39,T04-GRU,17,a8f92a9c4693f2c4efb1175208ad11230ff2b9c74c26ab466d117ec36676b61e,476,60,"[""Mixed Baseline Exp 1"",""50116627"",""0""]",Mixed,test,"[0.0,0.0]",offer,41
160,2.0980782915087866,0.5945017436812489,0.6842882984653282,0.04328009372856896,0.01875,0,39,T04-GRU,17,a8f92a9c4693f2c4efb1175208ad11230ff2b9c74c26ab466d117ec36676b61e,476,64,"[""Mixed Baseline Exp 1"",""64291720"",""0""]",Mixed,test,"[0.0,0.0]",offer,41
138,2.562203576552549,0.6137311326225705,0.582530541129837,0.07666153123049199,0.10869565217391304,0,39,T04-GRU,17,a8f92a9c4693f2c4efb1175208ad11230ff2b9c74c26ab466d117ec36676b61e,476,73,"[""Mixed Baseline Exp 1"",""85460730"",""0""]",Mixed,test,"[0.0,0.0]",offer,41
47,2.2119188392273217,0.47868163766140354,0.42533258046478645,0.1497417826447213,0.2765957446808511,0,39,T04-GRU,17,a8f92a9c4693f2c4efb1175208ad11230ff2b9c74c26ab466d117ec36676b61e,476,78,"[""Mixed Baseline Exp 1"",""95675568"",""0""]",Mixed,test,"[0.0,0.0]",offer,41
57,2.8318212695820555,0.5973453098909313,0.6330124525408342,0.09353002672893752,0.05263157894736842,0,39,T04-GRU,17,a8f92a9c4693f2c4efb1175208ad11230ff2b9c74c26ab466d117ec36676b61e,476,80,"[""Proportional Baseline Exp 1"",""11095201"",""0""]",Proportional,test,"[0.0,0.0]",offer,41
26,2.5390404366779507,0.4500664184412929,0.39088597333382313,0.1503903926087721,0.15384615384615385,0,39,T04-GRU,17,a8f92a9c4693f2c4efb1175208ad11230ff2b9c74c26ab466d117ec36676b61e,476,82,"[""Proportional Baseline Exp 1"",""14606420"",""0""]",Proportional,test,"[0.0,0.0]",offer,41
104,3.3162741940441878,0.677840755933435,0.7337442128283118,0.11354277206130875,0.028846153846153848,0,39,T04-GRU,17,a8f92a9c4693f2c4efb1175208ad11230ff2b9c74c26ab466d117ec36676b61e,476,89,"[""Proportional Baseline Exp 1"",""36303454"",""0""]",Proportional,test,"[0.0,0.0]",offer,41
89,2.7575081035584987,0.7128260045579029,0.7803095086068019,0.0388279986853603,0.033707865168539325,0,39,T04-GRU,17,a8f92a9c4693f2c4efb1175208ad11230ff2b9c74c26ab466d117ec36676b61e,476,97,"[""Proportional Baseline Exp 1"",""45673270"",""0""]",Proportional,test,"[0.0,0.0]",offer,41
88,3.0923978683730824,0.7062560379647419,0.7720946882803723,0.0745714747536573,0.022727272727272728,0,39,T04-GRU,17,a8f92a9c4693f2c4efb1175208ad11230ff2b9c74c26ab466d117ec36676b61e,476,104,"[""Proportional Baseline Exp 1"",""63752993"",""0""]",Proportional,test,"[0.0,0.0]",offer,41
83,3.0691363543043115,0.6387881328547176,0.696077295786726,0.059782158529223174,0.03614457831325301,0,39,T04-GRU,17,a8f92a9c4693f2c4efb1175208ad11230ff2b9c74c26ab466d117ec36676b61e,476,107,"[""Proportional Baseline Exp 1"",""69384851"",""0""]",Proportional,test,"[0.0,0.0]",offer,41
88,2.328778463199269,0.6562789111157076,0.682554200088679,0.05565161767678401,0.03409090909090909,0,39,T04-GRU,17,a8f92a9c4693f2c4efb1175208ad11230ff2b9c74c26ab466d117ec36676b61e,476,111,"[""Proportional Baseline Exp 1"",""76356479"",""0""]",Proportional,test,"[0.0,0.0]",offer,41
52,4.040528601259677,0.6713418902386196,0.6602456460601386,0.059435591932892454,0.057692307692307696,0,39,T04-GRU,17,a8f92a9c4693f2c4efb1175208ad11230ff2b9c74c26ab466d117ec36676b61e,476,117,"[""Proportional Baseline Exp 1"",""85019022"",""0""]",Proportional,test,"[0.0,0.0]",offer,41
20,2.2646976490643462,0.37092777604770644,0.3213588568905448,0.23324682290136928,0.2,0,39,T04-GRU,29,d85aae54aeba7cf9de9a453c743dbaac3af05ae43385c8592b54f6d40694fc4f,460,11,"[""Equal Baseline Exp 1"",""30843571"",""0""]",Equal,test,"[0.0,0.0]",offer,41
40,1.400843236961131,0.458509459817228,0.4824683097337905,0.2675704131447012,0.35,0,39,T04-GRU,29,d85aae54aeba7cf9de9a453c743dbaac3af05ae43385c8592b54f6d40694fc4f,460,13,"[""Equal Baseline Exp 1"",""35368456"",""0""]",Equal,test,"[0.0,0.0]",offer,41
28,1.9415478134104822,0.40562095533451076,0.36725032776224387,0.19710554363027827,0.2857142857142857,0,39,T04-GRU,29,d85aae54aeba7cf9de9a453c743dbaac3af05ae43385c8592b54f6d40694fc4f,460,20,"[""Equal Baseline Exp 1"",""40800498"",""0""]",Equal,test,"[0.0,0.0]",offer,41
48,1.7496094014392438,0.4957253294722513,0.4998606309407574,0.197718286662893,0.125,0,39,T04-GRU,29,d85aae54aeba7cf9de9a453c743dbaac3af05ae43385c8592b54f6d40694fc4f,460,25,"[""Equal Baseline Exp 1"",""46096247"",""0""]",Equal,test,"[0.0,0.0]",offer,41
20,2.1124713923787874,0.35523299905827155,0.2735059339740145,0.24374401578182386,0.2,0,39,T04-GRU,29,d85aae54aeba7cf9de9a453c743dbaac3af05ae43385c8592b54f6d40694fc4f,460,31,"[""Equal Baseline Exp 1"",""75670883"",""0""]",Equal,test,"[0.0,0.0]",offer,41
28,2.0163403814921605,0.441044438803078,0.40116988307414514,0.19960328202187266,0.21428571428571427,0,39,T04-GRU,29,d85aae54aeba7cf9de9a453c743dbaac3af05ae43385c8592b54f6d40694fc4f,460,35,"[""Equal Baseline Exp 1"",""92291462"",""0""]",Equal,test,"[0.0,0.0]",offer,41
52,2.3289619697367607,0.52519691280976,0.5216043547818867,0.1060857264314142,0.057692307692307696,0,39,T04-GRU,29,d85aae54aeba7cf9de9a453c743dbaac3af05ae43385c8592b54f6d40694fc4f,460,36,"[""Equal Baseline Exp 1"",""92992435"",""0""]",Equal,test,"[0.0,0.0]",offer,41
16,2.469969205016718,0.3627418833283103,0.281845268828987,0.16155003514452576,0.25,0,39,T04-GRU,29,d85aae54aeba7cf9de9a453c743dbaac3af05ae43385c8592b54f6d40694fc4f,460,38,"[""Equal Baseline Exp 1"",""94815040"",""0""]",Equal,test,"[0.0,0.0]",offer,41
160,2.7226933014824715,0.6519298208359936,0.7168249249703282,0.04047093271125897,0.0375,0,39,T04-GRU,29,d85aae54aeba7cf9de9a453c743dbaac3af05ae43385c8592b54f6d40694fc4f,460,44,"[""Mixed Baseline Exp 1"",""18823620"",""0""]",Mixed,test,"[0.0,0.0]",offer,41
160,2.3402636939763806,0.5974688166415907,0.6718478804525125,0.040240303761542466,0.00625,0,39,T04-GRU,29,d85aae54aeba7cf9de9a453c743dbaac3af05ae43385c8592b54f6d40694fc4f,460,47,"[""Mixed Baseline Exp 1"",""26185795"",""0""]",Mixed,test,"[0.0,0.0]",offer,41
160,2.806831877263254,0.6299618484643035,0.6797335163161133,0.024107904592822076,0.025,0,39,T04-GRU,29,d85aae54aeba7cf9de9a453c743dbaac3af05ae43385c8592b54f6d40694fc4f,460,52,"[""Mixed Baseline Exp 1"",""37465807"",""0""]",Mixed,test,"[0.0,0.0]",offer,41
38,1.8869418205996797,0.4507506842474937,0.4545508413559751,0.19800374913760727,0.10526315789473684,0,39,T04-GRU,29,d85aae54aeba7cf9de9a453c743dbaac3af05ae43385c8592b54f6d40694fc4f,460,57,"[""Mixed Baseline Exp 1"",""47841996"",""0""]",Mixed,test,"[0.0,0.0]",offer,41
144,3.0638820280098766,0.5771238559461802,0.5450884746657113,0.16256719673900238,0.13194444444444445,0,39,T04-GRU,29,d85aae54aeba7cf9de9a453c743dbaac3af05ae43385c8592b54f6d40694fc4f,460,60,"[""Mixed Baseline Exp 1"",""50116627"",""0""]",Mixed,test,"[0.0,0.0]",offer,41
160,2.137326287592536,0.6034188382201469,0.6842882984653282,0.04831381276422505,0.01875,0,39,T04-GRU,29,d85aae54aeba7cf9de9a453c743dbaac3af05ae43385c8592b54f6d40694fc4f,460,64,"[""Mixed Baseline Exp 1"",""64291720"",""0""]",Mixed,test,"[0.0,0.0]",offer,41
138,2.54383952284392,0.6172034311810314,0.582530541129837,0.07837227041525044,0.10869565217391304,0,39,T04-GRU,29,d85aae54aeba7cf9de9a453c743dbaac3af05ae43385c8592b54f6d40694fc4f,460,73,"[""Mixed Baseline Exp 1"",""85460730"",""0""]",Mixed,test,"[0.0,0.0]",offer,41
47,2.2261937956418847,0.48153118420146596,0.42533258046478645,0.14852555758021352,0.2765957446808511,0,39,T04-GRU,29,d85aae54aeba7cf9de9a453c743dbaac3af05ae43385c8592b54f6d40694fc4f,460,78,"[""Mixed Baseline Exp 1"",""95675568"",""0""]",Mixed,test,"[0.0,0.0]",offer,41
57,2.8736016669057065,0.5979987970237972,0.6330124525408342,0.09368922058325928,0.05263157894736842,0,39,T04-GRU,29,d85aae54aeba7cf9de9a453c743dbaac3af05ae43385c8592b54f6d40694fc4f,460,80,"[""Proportional Baseline Exp 1"",""11095201"",""0""]",Proportional,test,"[0.0,0.0]",offer,41
26,2.5382985091767556,0.45006904321688723,0.39088597333382313,0.15225569760355828,0.15384615384615385,0,39,T04-GRU,29,d85aae54aeba7cf9de9a453c743dbaac3af05ae43385c8592b54f6d40694fc4f,460,82,"[""Proportional Baseline Exp 1"",""14606420"",""0""]",Proportional,test,"[0.0,0.0]",offer,41
104,3.230959068643045,0.6957367951289162,0.7337442128283118,0.08164547507402856,0.028846153846153848,0,39,T04-GRU,29,d85aae54aeba7cf9de9a453c743dbaac3af05ae43385c8592b54f6d40694fc4f,460,89,"[""Proportional Baseline Exp 1"",""36303454"",""0""]",Proportional,test,"[0.0,0.0]",offer,41
89,2.754752198034926,0.7080501148530828,0.7803095086068019,0.046957937623895614,0.033707865168539325,0,39,T04-GRU,29,d85aae54aeba7cf9de9a453c743dbaac3af05ae43385c8592b54f6d40694fc4f,460,97,"[""Proportional Baseline Exp 1"",""45673270"",""0""]",Proportional,test,"[0.0,0.0]",offer,41
88,3.06460981163748,0.7119013549298671,0.7720946882803723,0.0609648566662099,0.022727272727272728,0,39,T04-GRU,29,d85aae54aeba7cf9de9a453c743dbaac3af05ae43385c8592b54f6d40694fc4f,460,104,"[""Proportional Baseline Exp 1"",""63752993"",""0""]",Proportional,test,"[0.0,0.0]",offer,41
83,3.1005655575454942,0.641242562878132,0.696077295786726,0.06344485629678512,0.03614457831325301,0,39,T04-GRU,29,d85aae54aeba7cf9de9a453c743dbaac3af05ae43385c8592b54f6d40694fc4f,460,107,"[""Proportional Baseline Exp 1"",""69384851"",""0""]",Proportional,test,"[0.0,0.0]",offer,41
88,2.377265785728321,0.640028578923783,0.682554200088679,0.07960675901963155,0.03409090909090909,0,39,T04-GRU,29,d85aae54aeba7cf9de9a453c743dbaac3af05ae43385c8592b54f6d40694fc4f,460,111,"[""Proportional Baseline Exp 1"",""76356479"",""0""]",Proportional,test,"[0.0,0.0]",offer,41
52,3.943627811604737,0.6741641950967122,0.6602456460601386,0.060249673630055414,0.057692307692307696,0,39,T04-GRU,29,d85aae54aeba7cf9de9a453c743dbaac3af05ae43385c8592b54f6d40694fc4f,460,117,"[""Proportional Baseline Exp 1"",""85019022"",""0""]",Proportional,test,"[0.0,0.0]",offer,41
20,2.283433137413974,0.3782346217478604,0.3213588568905448,0.21854405230989943,0.2,0,39,T04-GRU,43,3bcb6bb2871153c8c95f34d6759c69fb18b7702b90f72633e8e8172973e52241,470,11,"[""Equal Baseline Exp 1"",""30843571"",""0""]",Equal,test,"[0.0,0.0]",offer,41
40,1.3882305199695852,0.46182911386130715,0.4824683097337905,0.2600417518868715,0.35,0,39,T04-GRU,43,3bcb6bb2871153c8c95f34d6759c69fb18b7702b90f72633e8e8172973e52241,470,13,"[""Equal Baseline Exp 1"",""35368456"",""0""]",Equal,test,"[0.0,0.0]",offer,41
28,1.9474706925905336,0.40387514394842416,0.36725032776224387,0.19282998346239916,0.2857142857142857,0,39,T04-GRU,43,3bcb6bb2871153c8c95f34d6759c69fb18b7702b90f72633e8e8172973e52241,470,20,"[""Equal Baseline Exp 1"",""40800498"",""0""]",Equal,test,"[0.0,0.0]",offer,41
48,1.7539953382758295,0.5066243050820876,0.4998606309407574,0.18729836315147463,0.125,0,39,T04-GRU,43,3bcb6bb2871153c8c95f34d6759c69fb18b7702b90f72633e8e8172973e52241,470,25,"[""Equal Baseline Exp 1"",""46096247"",""0""]",Equal,test,"[0.0,0.0]",offer,41
20,2.113327266870812,0.36061012204720844,0.2735059339740145,0.23433032027225367,0.2,0,39,T04-GRU,43,3bcb6bb2871153c8c95f34d6759c69fb18b7702b90f72633e8e8172973e52241,470,31,"[""Equal Baseline Exp 1"",""75670883"",""0""]",Equal,test,"[0.0,0.0]",offer,41
28,2.010748161115443,0.4556678662160086,0.40116988307414514,0.18446054666886266,0.21428571428571427,0,39,T04-GRU,43,3bcb6bb2871153c8c95f34d6759c69fb18b7702b90f72633e8e8172973e52241,470,35,"[""Equal Baseline Exp 1"",""92291462"",""0""]",Equal,test,"[0.0,0.0]",offer,41
52,2.325210554599029,0.5327067474571119,0.5216043547818867,0.10479226620962373,0.057692307692307696,0,39,T04-GRU,43,3bcb6bb2871153c8c95f34d6759c69fb18b7702b90f72633e8e8172973e52241,470,36,"[""Equal Baseline Exp 1"",""92992435"",""0""]",Equal,test,"[0.0,0.0]",offer,41
16,2.47185280498734,0.3617136071566949,0.281845268828987,0.15822642786394533,0.25,0,39,T04-GRU,43,3bcb6bb2871153c8c95f34d6759c69fb18b7702b90f72633e8e8172973e52241,470,38,"[""Equal Baseline Exp 1"",""94815040"",""0""]",Equal,test,"[0.0,0.0]",offer,41
160,2.7152119088254865,0.6258402510813548,0.7168249249703282,0.04017792087561528,0.0375,0,39,T04-GRU,43,3bcb6bb2871153c8c95f34d6759c69fb18b7702b90f72633e8e8172973e52241,470,44,"[""Mixed Baseline Exp 1"",""18823620"",""0""]",Mixed,test,"[0.0,0.0]",offer,41
160,2.3786648648022695,0.5926825586889233,0.6718478804525125,0.04716953263040558,0.00625,0,39,T04-GRU,43,3bcb6bb2871153c8c95f34d6759c69fb18b7702b90f72633e8e8172973e52241,470,47,"[""Mixed Baseline Exp 1"",""26185795"",""0""]",Mixed,test,"[0.0,0.0]",offer,41
160,2.824228741653902,0.621925470161379,0.6797335163161133,0.02925476784980751,0.025,0,39,T04-GRU,43,3bcb6bb2871153c8c95f34d6759c69fb18b7702b90f72633e8e8172973e52241,470,52,"[""Mixed Baseline Exp 1"",""37465807"",""0""]",Mixed,test,"[0.0,0.0]",offer,41
38,1.8876985980678191,0.4598432112435556,0.4545508413559751,0.18782655703586174,0.10526315789473684,0,39,T04-GRU,43,3bcb6bb2871153c8c95f34d6759c69fb18b7702b90f72633e8e8172973e52241,470,57,"[""Mixed Baseline Exp 1"",""47841996"",""0""]",Mixed,test,"[0.0,0.0]",offer,41
144,3.0225285799512616,0.5396158857477135,0.5450884746657113,0.19450544485661855,0.13194444444444445,0,39,T04-GRU,43,3bcb6bb2871153c8c95f34d6759c69fb18b7702b90f72633e8e8172973e52241,470,60,"[""Mixed Baseline Exp 1"",""50116627"",""0""]",Mixed,test,"[0.0,0.0]",offer,41
160,2.1694282673219325,0.5949818985649398,0.6842882984653282,0.05835454052519954,0.01875,0,39,T04-GRU,43,3bcb6bb2871153c8c95f34d6759c69fb18b7702b90f72633e8e8172973e52241,470,64,"[""Mixed Baseline Exp 1"",""64291720"",""0""]",Mixed,test,"[0.0,0.0]",offer,41
138,2.5669253657474504,0.6058169379152618,0.582530541129837,0.07811116607679257,0.10869565217391304,0,39,T04-GRU,43,3bcb6bb2871153c8c95f34d6759c69fb18b7702b90f72633e8e8172973e52241,470,73,"[""Mixed Baseline Exp 1"",""85460730"",""0""]",Mixed,test,"[0.0,0.0]",offer,41
47,2.2004437795008607,0.4824990503797301,0.42533258046478645,0.1476061501851002,0.2765957446808511,0,39,T04-GRU,43,3bcb6bb2871153c8c95f34d6759c69fb18b7702b90f72633e8e8172973e52241,470,78,"[""Mixed Baseline Exp 1"",""95675568"",""0""]",Mixed,test,"[0.0,0.0]",offer,41
57,2.8849448996027998,0.5901332794426684,0.6330124525408342,0.09326533159715994,0.05263157894736842,0,39,T04-GRU,43,3bcb6bb2871153c8c95f34d6759c69fb18b7702b90f72633e8e8172973e52241,470,80,"[""Proportional Baseline Exp 1"",""11095201"",""0""]",Proportional,test,"[0.0,0.0]",offer,41
26,2.5455662477179053,0.46215033423994395,0.39088597333382313,0.13901348557222717,0.15384615384615385,0,39,T04-GRU,43,3bcb6bb2871153c8c95f34d6759c69fb18b7702b90f72633e8e8172973e52241,470,82,"[""Proportional Baseline Exp 1"",""14606420"",""0""]",Proportional,test,"[0.0,0.0]",offer,41
104,3.2278585265725015,0.6946040588160624,0.7337442128283118,0.07695030989478341,0.028846153846153848,0,39,T04-GRU,43,3bcb6bb2871153c8c95f34d6759c69fb18b7702b90f72633e8e8172973e52241,470,89,"[""Proportional Baseline Exp 1"",""36303454"",""0""]",Proportional,test,"[0.0,0.0]",offer,41
89,2.8081210480860963,0.7011715595669297,0.7803095086068019,0.04272488133509154,0.033707865168539325,0,39,T04-GRU,43,3bcb6bb2871153c8c95f34d6759c69fb18b7702b90f72633e8e8172973e52241,470,97,"[""Proportional Baseline Exp 1"",""45673270"",""0""]",Proportional,test,"[0.0,0.0]",offer,41
88,3.102530586889628,0.7094376399425347,0.7720946882803723,0.061187743611238604,0.022727272727272728,0,39,T04-GRU,43,3bcb6bb2871153c8c95f34d6759c69fb18b7702b90f72633e8e8172973e52241,470,104,"[""Proportional Baseline Exp 1"",""63752993"",""0""]",Proportional,test,"[0.0,0.0]",offer,41
83,3.0943988820736106,0.6401635836783858,0.696077295786726,0.06273424984489945,0.03614457831325301,0,39,T04-GRU,43,3bcb6bb2871153c8c95f34d6759c69fb18b7702b90f72633e8e8172973e52241,470,107,"[""Proportional Baseline Exp 1"",""69384851"",""0""]",Proportional,test,"[0.0,0.0]",offer,41
88,2.341989951564882,0.6441900498209506,0.682554200088679,0.05887410235566965,0.03409090909090909,0,39,T04-GRU,43,3bcb6bb2871153c8c95f34d6759c69fb18b7702b90f72633e8e8172973e52241,470,111,"[""Proportional Baseline Exp 1"",""76356479"",""0""]",Proportional,test,"[0.0,0.0]",offer,41
52,4.042163572448103,0.6770618577481156,0.6602456460601386,0.05615400230671653,0.057692307692307696,0,39,T04-GRU,43,3bcb6bb2871153c8c95f34d6759c69fb18b7702b90f72633e8e8172973e52241,470,117,"[""Proportional Baseline Exp 1"",""85019022"",""0""]",Proportional,test,"[0.0,0.0]",offer,41
