procedure,mechanism,bin,lower,upper,weighted_mass,predicted,observed,group_count,round_seed_count
H0,Equal,0,0.0,0.1,0.834065934065934,0.018420649187704256,0.014986824769433468,8,144
H0,Equal,1,0.1,0.2,0.07715201465201466,0.14244718563396558,0.0,3,21
H0,Equal,2,0.2,0.3,0.030448717948717948,0.2313779209886546,0.34210526315789475,2,9
H0,Equal,3,0.3,0.4,0.022916666666666665,0.3294091388319923,0.45454545454545453,2,6
H0,Equal,4,0.4,0.5,0.0125,0.42462210976626047,1.0,1,3
H0,Equal,5,0.5,0.6,0.010416666666666666,0.5567481898278768,0.0,1,3
H0,Equal,6,0.6,0.7,0.0125,0.6495974197143985,0.0,1,3
H0,Equal,7,0.7,0.8,0.0,,,0,0
H0,Equal,8,0.8,0.9,0.0,,,0,0
H0,Equal,9,0.9,1.0,0.0,,,0,0
H0,Mixed,0,0.0,0.1,0.17430555555555555,0.03930899853691039,0.15139442231075698,8,75
H0,Mixed,1,0.1,0.2,0.1244212962962963,0.1489083520705641,0.16837209302325581,8,66
H0,Mixed,2,0.2,0.3,0.10810185185185185,0.23810874849095745,0.284796573875803,8,78
H0,Mixed,3,0.3,0.4,0.14097222222222222,0.3513666020452407,0.4187192118226601,6,128
H0,Mixed,4,0.4,0.5,0.19710648148148147,0.4483017562083518,0.44157369348209047,6,184
H0,Mixed,5,0.5,0.6,0.17175925925925925,0.5476607222342975,0.5970350404312669,7,153
H0,Mixed,6,0.6,0.7,0.06701388888888889,0.6460245827160084,0.5233160621761658,4,63
H0,Mixed,7,0.7,0.8,0.012847222222222222,0.7573623947204636,0.5135135135135135,2,12
H0,Mixed,8,0.8,0.9,0.003472222222222222,0.8340649515027845,0.0,1,3
H0,Mixed,9,0.9,1.0,0.0,,,0,0
H0,Proportional,0,0.0,0.1,0.11006944444444444,0.05040112235890655,0.028391167192429026,8,54
H0,Proportional,1,0.1,0.2,0.03576388888888889,0.17111850022832042,0.1747572815533981,7,24
H0,Proportional,2,0.2,0.3,0.02638888888888889,0.242011734720631,0.2368421052631579,4,15
H0,Proportional,3,0.3,0.4,0.021875,0.33601412998174207,0.28571428571428575,4,21
H0,Proportional,4,0.4,0.5,0.04409722222222222,0.46663920350988286,0.6929133858267716,7,32
H0,Proportional,5,0.5,0.6,0.06770833333333333,0.550702092029117,0.6153846153846154,6,65
H0,Proportional,6,0.6,0.7,0.24722222222222223,0.6612327759471397,0.771067415730337,8,227
H0,Proportional,7,0.7,0.8,0.21458333333333332,0.7456644263217095,0.9029126213592233,7,206
H0,Proportional,8,0.8,0.9,0.2125,0.8514798268519458,0.9411764705882354,5,204
H0,Proportional,9,0.9,1.0,0.019791666666666666,0.9222395844589834,0.8421052631578948,2,19
H0,all,0,0.0,0.1,0.3728136446886447,0.024823337103411787,0.03756469171434322,24,273
H0,all,1,0.1,0.2,0.07911239994573328,0.15015480337923853,0.11460097318385458,18,111
H0,all,2,0.2,0.3,0.0549798195631529,0.23749064534547956,0.2877037676778581,14,102
H0,all,3,0.3,0.4,0.0619212962962963,0.3468499696862223,0.40747663551401864,12,155
H0,all,4,0.4,0.5,0.08456790123456791,0.45032236095567724,0.5127737226277372,14,219
H0,all,5,0.5,0.6,0.08329475308641975,0.5488636279375821,0.5771190365910144,14,221
H0,all,6,0.6,0.7,0.10891203703703704,0.6576684251310004,0.6907545164718385,13,293
H0,all,7,0.7,0.8,0.07581018518518519,0.7463252275900359,0.8809160305343512,9,218
H0,all,8,0.8,0.9,0.07199074074074074,0.851199844933149,0.9260450160771704,6,207
H0,all,9,0.9,1.0,0.006597222222222222,0.9222395844589834,0.8421052631578948,2,19
H1,Equal,0,0.0,0.1,0.834065934065934,0.018042030747063793,0.014986824769433468,8,144
H1,Equal,1,0.1,0.2,0.07715201465201466,0.14244242487538505,0.13501483679525222,3,21
H1,Equal,2,0.2,0.3,0.02003205128205128,0.21788158881333555,0.0,2,6
H1,Equal,3,0.3,0.4,0.01875,0.36771108274032666,0.22222222222222224,2,5
H1,Equal,4,0.4,0.5,0.027083333333333334,0.4195383365610773,0.6923076923076923,2,7
H1,Equal,5,0.5,0.6,0.010416666666666666,0.5967823433065887,0.0,1,3
H1,Equal,6,0.6,0.7,0.0125,0.6936386293901137,0.0,1,3
H1,Equal,7,0.7,0.8,0.0,,,0,0
H1,Equal,8,0.8,0.9,0.0,,,0,0
H1,Equal,9,0.9,1.0,0.0,,,0,0
H1,Mixed,0,0.0,0.1,0.18993055555555555,0.04227098809287856,0.13893967093235832,8,77
H1,Mixed,1,0.1,0.2,0.11030092592592593,0.15373609505948727,0.1479538300104932,8,68
H1,Mixed,2,0.2,0.3,0.10416666666666666,0.2509803400682928,0.32,8,71
H1,Mixed,3,0.3,0.4,0.12789351851851852,0.3489450935784822,0.41990950226244345,6,116
H1,Mixed,4,0.4,0.5,0.20150462962962962,0.45136448227683873,0.402067777139575,7,179
H1,Mixed,5,0.5,0.6,0.13796296296296295,0.5486739486533543,0.6359060402684564,6,130
H1,Mixed,6,0.6,0.7,0.08796296296296297,0.6345051667203082,0.5894736842105263,5,83
H1,Mixed,7,0.7,0.8,0.030555555555555555,0.7306985418819513,0.48863636363636365,4,29
H1,Mixed,8,0.8,0.9,0.009722222222222222,0.8364601218436353,0.32142857142857145,2,9
H1,Mixed,9,0.9,1.0,0.0,,,0,0
H1,Proportional,0,0.0,0.1,0.11006944444444444,0.0486297610745609,0.028391167192429026,8,54
H1,Proportional,1,0.1,0.2,0.04548611111111111,0.17592201690970774,0.13740458015267176,6,23
H1,Proportional,2,0.2,0.3,0.013541666666666667,0.22391461845908917,0.23076923076923078,4,13
H1,Proportional,3,0.3,0.4,0.042013888888888885,0.36276959253807156,0.5537190082644629,6,30
H1,Proportional,4,0.4,0.5,0.035416666666666666,0.4756116873518959,0.6470588235294117,5,34
H1,Proportional,5,0.5,0.6,0.06608796296296296,0.554455388935715,0.48861646234676004,7,60
H1,Proportional,6,0.6,0.7,0.25613425925925926,0.6528132893501797,0.8255761409850881,8,239
H1,Proportional,7,0.7,0.8,0.2125,0.7546270541877848,0.892156862745098,7,204
H1,Proportional,8,0.8,0.9,0.17604166666666665,0.8473766080593921,0.9289940828402368,6,169
H1,Proportional,9,0.9,1.0,0.042708333333333334,0.9227734556937521,0.9268292682926829,3,41
H1,all,0,0.0,0.1,0.378021978021978,0.025068600873032552,0.03704713070628768,24,275
H1,all,1,0.1,0.2,0.07764635056301723,0.15432776012321672,0.1416083343343562,17,112
H1,all,2,0.2,0.3,0.045913461538461535,0.24350576487009923,0.2646887725421757,14,90
H1,all,3,0.3,0.4,0.0628858024691358,0.353888887054893,0.4300613496932515,14,151
H1,all,4,0.4,0.5,0.08800154320987653,0.45135235016613257,0.46470846120122755,14,220
H1,all,5,0.5,0.6,0.0714891975308642,0.5527921126684752,0.5596330275229358,14,193
H1,all,6,0.6,0.7,0.11886574074074074,0.6497282401861454,0.7383966244725738,14,325
H1,all,7,0.7,0.8,0.08101851851851852,0.7516188983550514,0.8414285714285714,11,233
H1,all,8,0.8,0.9,0.0619212962962963,0.8468052779396888,0.8971962616822429,8,178
H1,all,9,0.9,1.0,0.01423611111111111,0.9227734556937521,0.9268292682926829,3,41
P0,Equal,0,0.0,0.1,0.8298992673992673,0.026658189271066668,0.010041379310344828,8,143
P0,Equal,1,0.1,0.2,0.06494963369963369,0.15055122022518758,0.06415227352837505,4,18
P0,Equal,2,0.2,0.3,0.04681776556776557,0.24527324839651488,0.22249388753056235,3,13
P0,Equal,3,0.3,0.4,0.01597222222222222,0.3687900111381497,1.0,2,4
P0,Equal,4,0.4,0.5,0.019444444444444445,0.429308583629513,0.3571428571428571,2,5
P0,Equal,5,0.5,0.6,0.010416666666666666,0.5061456149277263,0.0,1,3
P0,Equal,6,0.6,0.7,0.0125,0.620246126122769,0.0,1,3
P0,Equal,7,0.7,0.8,0.0,,,0,0
P0,Equal,8,0.8,0.9,0.0,,,0,0
P0,Equal,9,0.9,1.0,0.0,,,0,0
P0,Mixed,0,0.0,0.1,0.1636574074074074,0.0486007474859607,0.18246110325318246,8,73
P0,Mixed,1,0.1,0.2,0.1167824074074074,0.15489823568544375,0.11000991080277503,8,66
P0,Mixed,2,0.2,0.3,0.1841435185185185,0.24926749481454125,0.25078566939032054,8,131
P0,Mixed,3,0.3,0.4,0.2335648148148148,0.3508702032636874,0.43161546085232905,6,216
P0,Mixed,4,0.4,0.5,0.16273148148148148,0.4512514574218192,0.670697012802276,7,150
P0,Mixed,5,0.5,0.6,0.10543981481481482,0.542464892052538,0.5510428100987925,5,94
P0,Mixed,6,0.6,0.7,0.028125,0.636176002056279,0.37037037037037035,3,27
P0,Mixed,7,0.7,0.8,0.005555555555555555,0.7061686929955593,0.18750000000000003,2,5
P0,Mixed,8,0.8,0.9,0.0,,,0,0
P0,Mixed,9,0.9,1.0,0.0,,,0,0
P0,Proportional,0,0.0,0.1,0.07604166666666666,0.04899192848705124,0.04109589041095891,8,42
P0,Proportional,1,0.1,0.2,0.04652777777777778,0.12420143217593321,0.06716417910447761,6,24
P0,Proportional,2,0.2,0.3,0.043402777777777776,0.24121995448068873,0.14400000000000002,4,21
P0,Proportional,3,0.3,0.4,0.025,0.3655002880259713,0.37499999999999994,6,24
P0,Proportional,4,0.4,0.5,0.035416666666666666,0.4673322329579881,0.35294117647058826,5,34
P0,Proportional,5,0.5,0.6,0.07847222222222222,0.5493148302604389,0.6946902654867256,8,65
P0,Proportional,6,0.6,0.7,0.21770833333333334,0.6538720680126876,0.7990430622009569,7,209
P0,Proportional,7,0.7,0.8,0.23055555555555554,0.7525474051887231,0.8493975903614458,8,211
P0,Proportional,8,0.8,0.9,0.23020833333333332,0.8383903047981,0.9683257918552036,7,221
P0,Proportional,9,0.9,1.0,0.016666666666666666,0.9029279142223542,0.8125,1,16
P0,all,0,0.0,0.1,0.3565327804911138,0.031603369846918986,0.038630804520066925,24,258
P0,all,1,0.1,0.2,0.07608660629493963,0.14740418297670982,0.08822791933893138,18,108
P0,all,2,0.2,0.3,0.09145468728802063,0.2473128390424137,0.22906506703257987,15,165
P0,all,3,0.3,0.4,0.09151234567901234,0.35324500587554625,0.4595278246205734,14,244
P0,all,4,0.4,0.5,0.07253086419753087,0.4519080076967981,0.5909574468085106,14,189
P0,all,5,0.5,0.6,0.06477623456790123,0.5432841434901341,0.5795116140559857,14,162
P0,all,6,0.6,0.7,0.0861111111111111,0.6503184184824374,0.713709677419355,11,239
P0,all,7,0.7,0.8,0.0787037037037037,0.7514561413724133,0.8338235294117647,10,216
P0,all,8,0.8,0.9,0.0767361111111111,0.8383903047981,0.9683257918552036,7,221
P0,all,9,0.9,1.0,0.005555555555555556,0.9029279142223542,0.8125,1,16
P1,Equal,0,0.0,0.1,0.8244505494505494,0.023231086383191792,0.015161612795734757,8,141
P1,Equal,1,0.1,0.2,0.0763507326007326,0.1456588139365655,0.0,3,21
P1,Equal,2,0.2,0.3,0.030448717948717948,0.2372806535919206,0.34210526315789475,2,9
P1,Equal,3,0.3,0.4,0.022916666666666665,0.3578221903464597,0.5454545454545455,2,6
P1,Equal,4,0.4,0.5,0.022916666666666665,0.4785015813332011,0.45454545454545453,2,6
P1,Equal,5,0.5,0.6,0.010416666666666666,0.580910315120957,0.0,1,3
P1,Equal,6,0.6,0.7,0.0125,0.6718710548875393,0.0,1,3
P1,Equal,7,0.7,0.8,0.0,,,0,0
P1,Equal,8,0.8,0.9,0.0,,,0,0
P1,Equal,9,0.9,1.0,0.0,,,0,0
P1,Mixed,0,0.0,0.1,0.17638888888888887,0.04600247111509816,0.16929133858267717,8,78
P1,Mixed,1,0.1,0.2,0.12083333333333333,0.15782870298090063,0.06896551724137931,8,67
P1,Mixed,2,0.2,0.3,0.16041666666666665,0.255062235930608,0.31385281385281383,8,117
P1,Mixed,3,0.3,0.4,0.16527777777777777,0.3570516540943239,0.4502801120448179,6,152
P1,Mixed,4,0.4,0.5,0.1675925925925926,0.44569409892134193,0.4779005524861878,7,149
P1,Mixed,5,0.5,0.6,0.12060185185185185,0.5397218148545657,0.6506717850287908,5,114
P1,Mixed,6,0.6,0.7,0.065625,0.6481881952410503,0.6190476190476191,3,63
P1,Mixed,7,0.7,0.8,0.02326388888888889,0.7399607545693111,0.26865671641791045,4,22
P1,Mixed,8,0.8,0.9,0.0,,,0,0
P1,Mixed,9,0.9,1.0,0.0,,,0,0
P1,Proportional,0,0.0,0.1,0.09305555555555556,0.05299225306609646,0.033582089552238806,8,48
P1,Proportional,1,0.1,0.2,0.04444444444444444,0.15169873214246307,0.09375000000000001,6,22
P1,Proportional,2,0.2,0.3,0.03159722222222222,0.23164600467835705,0.16483516483516483,5,20
P1,Proportional,3,0.3,0.4,0.01875,0.3711938258437531,0.33333333333333337,5,18
P1,Proportional,4,0.4,0.5,0.049305555555555554,0.43751277916167275,0.5985915492957746,6,37
P1,Proportional,5,0.5,0.6,0.07708333333333334,0.5593054994382642,0.6486486486486487,6,74
P1,Proportional,6,0.6,0.7,0.22847222222222222,0.6537307461499767,0.7613981762917933,8,209
P1,Proportional,7,0.7,0.8,0.22395833333333334,0.75733129843268,0.9209302325581394,7,215
P1,Proportional,8,0.8,0.9,0.19583333333333333,0.8425755315184157,0.9308510638297872,6,188
P1,Proportional,9,0.9,1.0,0.0375,0.9240478664334384,0.9166666666666667,2,36
P1,all,0,0.0,0.1,0.3646316646316646,0.02943466276744662,0.04158178926219444,24,267
P1,all,1,0.1,0.2,0.08054283679283679,0.15285568431395075,0.05173230584594006,17,110
P1,all,2,0.2,0.3,0.07415420227920227,0.24930255224258824,0.2965542081882579,15,146
P1,all,3,0.3,0.4,0.06898148148148148,0.3584183196431664,0.45022371364653246,13,176
P1,all,4,0.4,0.5,0.07993827160493827,0.4471471101664814,0.5004826254826255,15,192
P1,all,5,0.5,0.6,0.06936728395061728,0.5490375539851099,0.6173526140155728,12,191
P1,all,6,0.6,0.7,0.10219907407407408,0.6532839839673777,0.6998867497168743,12,275
P1,all,7,0.7,0.8,0.08240740740740742,0.755696710737672,0.8595505617977528,11,237
P1,all,8,0.8,0.9,0.06527777777777778,0.8425755315184157,0.9308510638297872,6,188
P1,all,9,0.9,1.0,0.012499999999999999,0.9240478664334384,0.9166666666666667,2,36
feedforward_continued,Equal,0,0.0,0.1,0.7231532356532356,0.0411401563610727,0.0,8,124
feedforward_continued,Equal,1,0.1,0.2,0.12182539682539682,0.15333768424927235,0.057003257328990226,5,29
feedforward_continued,Equal,2,0.2,0.3,0.05591422466422466,0.22210790094819124,0.062099085573904735,5,12
feedforward_continued,Equal,3,0.3,0.4,0.027777777777777776,0.3809657581830911,0.45000000000000007,2,7
feedforward_continued,Equal,4,0.4,0.5,0.007638888888888889,0.40132953163869645,0.0,2,2
feedforward_continued,Equal,5,0.5,0.6,0.02123015873015873,0.5928089197917902,0.3598130841121495,3,5
feedforward_continued,Equal,6,0.6,0.7,0.04246031746031746,0.6342943409181514,0.3598130841121495,3,10
feedforward_continued,Equal,7,0.7,0.8,0.0,,,0,0
feedforward_continued,Equal,8,0.8,0.9,0.0,,,0,0
feedforward_continued,Equal,9,0.9,1.0,0.0,,,0,0
feedforward_continued,Mixed,0,0.0,0.1,0.1545138888888889,0.06069396583931675,0.3595505617977528,8,116
feedforward_continued,Mixed,1,0.1,0.2,0.669212962962963,0.1352799861384788,0.3516084399861639,8,521
feedforward_continued,Mixed,2,0.2,0.3,0.11377314814814814,0.23533425007785505,0.4710071210579858,6,78
feedforward_continued,Mixed,3,0.3,0.4,0.009027777777777777,0.351577709574424,0.0,3,8
feedforward_continued,Mixed,4,0.4,0.5,0.019212962962962963,0.46444674951182063,0.3012048192771084,3,14
feedforward_continued,Mixed,5,0.5,0.6,0.025694444444444443,0.5394124383571139,0.4954954954954955,3,17
feedforward_continued,Mixed,6,0.6,0.7,0.003356481481481481,0.6525135026169133,1.0,2,3
feedforward_continued,Mixed,7,0.7,0.8,0.003125,0.7119979124738627,0.6666666666666666,1,3
feedforward_continued,Mixed,8,0.8,0.9,0.0020833333333333333,0.813662805030296,0.0,1,2
feedforward_continued,Mixed,9,0.9,1.0,0.0,,,0,0
feedforward_continued,Proportional,0,0.0,0.1,0.03576388888888889,0.020370871034279654,0.08737864077669905,8,24
feedforward_continued,Proportional,1,0.1,0.2,0.07905092592592593,0.1533747850961101,0.09224011713030747,5,38
feedforward_continued,Proportional,2,0.2,0.3,0.04525462962962963,0.24019158753997955,0.32225063938618925,7,40
feedforward_continued,Proportional,3,0.3,0.4,0.024421296296296295,0.35183701019749075,0.38388625592417064,5,20
feedforward_continued,Proportional,4,0.4,0.5,0.07106481481481482,0.4504661860751914,0.46905537459283386,8,51
feedforward_continued,Proportional,5,0.5,0.6,0.07916666666666666,0.560132585344494,0.8815789473684211,7,76
feedforward_continued,Proportional,6,0.6,0.7,0.26979166666666665,0.6495222156012188,0.8146718146718147,7,259
feedforward_continued,Proportional,7,0.7,0.8,0.1361111111111111,0.7565394233532464,0.6913265306122449,7,110
feedforward_continued,Proportional,8,0.8,0.9,0.12708333333333333,0.8548943349631333,0.9344262295081968,6,122
feedforward_continued,Proportional,9,0.9,1.0,0.13229166666666667,0.9317486023163415,0.9448818897637795,5,127
feedforward_continued,all,0,0.0,0.1,0.3044770044770045,0.04363464658402693,0.06424191284587621,24,264
feedforward_continued,all,1,0.1,0.2,0.2900297619047619,0.1394523129441866,0.28679474754384965,18,588
feedforward_continued,all,2,0.2,0.3,0.07164733414733414,0.23291627665719167,0.33331558143388007,18,130
feedforward_continued,all,3,0.3,0.4,0.020408950617283952,0.36501408783065686,0.35727788279773154,10,35
feedforward_continued,all,4,0.4,0.5,0.03263888888888889,0.4493760611788224,0.3995271867612293,13,67
feedforward_continued,all,5,0.5,0.6,0.04203042328042328,0.561412064102944,0.7150537634408602,13,98
feedforward_continued,all,6,0.6,0.7,0.10520282186948854,0.6475053489351494,0.7554484492875104,12,272
feedforward_continued,all,7,0.7,0.8,0.046412037037037036,0.7555397385704172,0.6907730673316708,8,113
feedforward_continued,all,8,0.8,0.9,0.04305555555555555,0.8542293102867972,0.9193548387096775,7,124
feedforward_continued,all,9,0.9,1.0,0.044097222222222225,0.9317486023163415,0.9448818897637795,5,127
feedforward_original,Equal,0,0.0,0.1,0.6593253968253968,0.05217284461695809,0.0,8,116
feedforward_original,Equal,1,0.1,0.2,0.20047313797313795,0.12960845360026144,0.05196041111534069,7,39
feedforward_original,Equal,2,0.2,0.3,0.041094322344322344,0.2745920627839056,0.0,3,10
feedforward_original,Equal,3,0.3,0.4,0.035416666666666666,0.3708700161877963,0.35294117647058826,2,9
feedforward_original,Equal,4,0.4,0.5,0.02123015873015873,0.4983847833280022,0.3598130841121495,3,5
feedforward_original,Equal,5,0.5,0.6,0.04246031746031746,0.5338878667212215,0.3598130841121495,3,10
feedforward_original,Equal,6,0.6,0.7,0.0,,,0,0
feedforward_original,Equal,7,0.7,0.8,0.0,,,0,0
feedforward_original,Equal,8,0.8,0.9,0.0,,,0,0
feedforward_original,Equal,9,0.9,1.0,0.0,,,0,0
feedforward_original,Mixed,0,0.0,0.1,0.3265046296296296,0.07490790558295646,0.3456221198156682,8,260
feedforward_original,Mixed,1,0.1,0.2,0.44108796296296293,0.13461581596033706,0.3526633429546051,8,329
feedforward_original,Mixed,2,0.2,0.3,0.14375,0.2423862235818037,0.4001610305958132,6,103
feedforward_original,Mixed,3,0.3,0.4,0.04583333333333333,0.3582320807163868,0.40404040404040403,4,35
feedforward_original,Mixed,4,0.4,0.5,0.02372685185185185,0.4587716758479337,0.43414634146341463,4,18
feedforward_original,Mixed,5,0.5,0.6,0.018055555555555554,0.5284102861362043,0.7564102564102564,3,16
feedforward_original,Mixed,6,0.6,0.7,0.0010416666666666667,0.6308917670052259,0.0,1,1
feedforward_original,Mixed,7,0.7,0.8,0.0,,,0,0
feedforward_original,Mixed,8,0.8,0.9,0.0,,,0,0
feedforward_original,Mixed,9,0.9,1.0,0.0,,,0,0
feedforward_original,Proportional,0,0.0,0.1,0.041435185185185186,0.02448609733857677,0.07541899441340782,8,26
feedforward_original,Proportional,1,0.1,0.2,0.08900462962962963,0.14538785517738936,0.12873862158647595,5,51
feedforward_original,Proportional,2,0.2,0.3,0.03900462962962963,0.24289994638294762,0.29376854599406527,7,34
feedforward_original,Proportional,3,0.3,0.4,0.061689814814814815,0.35031121701004325,0.4559099437148218,8,42
feedforward_original,Proportional,4,0.4,0.5,0.0712962962962963,0.4568689951120132,0.7305194805194805,8,65
feedforward_original,Proportional,5,0.5,0.6,0.12291666666666666,0.5618047629727201,0.864406779661017,7,118
feedforward_original,Proportional,6,0.6,0.7,0.14027777777777778,0.6415150883713405,0.6856435643564356,8,114
feedforward_original,Proportional,7,0.7,0.8,0.153125,0.7477851392060645,0.8571428571428571,6,147
feedforward_original,Proportional,8,0.8,0.9,0.171875,0.8505758166549259,0.8848484848484848,6,165
feedforward_original,Proportional,9,0.9,1.0,0.109375,0.9189155800701021,0.9428571428571428,5,105
feedforward_original,all,0,0.0,0.1,0.3424217372134039,0.05828216973430983,0.11289413961274124,24,402
feedforward_original,all,1,0.1,0.2,0.24352191018857683,0.13455410996656092,0.24286733983286912,20,419
feedforward_original,all,2,0.2,0.3,0.07461631732465066,0.24838810428432243,0.3081608418229649,16,147
feedforward_original,all,3,0.3,0.4,0.0476466049382716,0.3579449454117473,0.41376518218623487,14,86
feedforward_original,all,4,0.4,0.5,0.03875110229276896,0.46483893095689666,0.6023325273787512,15,88
feedforward_original,all,5,0.5,0.6,0.06114417989417989,0.5520555869965778,0.7369749414097712,13,144
feedforward_original,all,6,0.6,0.7,0.04710648148148148,0.6414367837912464,0.6805896805896805,9,115
feedforward_original,all,7,0.7,0.8,0.05104166666666667,0.7477851392060645,0.8571428571428571,6,147
feedforward_original,all,8,0.8,0.9,0.057291666666666664,0.8505758166549259,0.8848484848484848,6,165
feedforward_original,all,9,0.9,1.0,0.036458333333333336,0.9189155800701021,0.9428571428571428,5,105
recurrent_continued,Equal,0,0.0,0.1,0.7849358974358974,0.016667729968996587,0.0,8,133
recurrent_continued,Equal,1,0.1,0.2,0.09955738705738705,0.15181784642315582,0.11160508968266135,5,27
recurrent_continued,Equal,2,0.2,0.3,0.028899572649572648,0.2306615309307803,0.40850277264325324,3,8
recurrent_continued,Equal,3,0.3,0.4,0.019444444444444445,0.35321578855338626,0.0,2,5
recurrent_continued,Equal,4,0.4,0.5,0.009424603174603174,0.46360190336541435,0.0,2,2
recurrent_continued,Equal,5,0.5,0.6,0.025793650793650792,0.5401621343903675,0.40384615384615385,2,6
recurrent_continued,Equal,6,0.6,0.7,0.03194444444444444,0.6373102377094946,0.39130434782608703,2,8
recurrent_continued,Equal,7,0.7,0.8,0.0,,,0,0
recurrent_continued,Equal,8,0.8,0.9,0.0,,,0,0
recurrent_continued,Equal,9,0.9,1.0,0.0,,,0,0
recurrent_continued,Mixed,0,0.0,0.1,0.17766203703703703,0.029098056083653692,0.019543973941368076,8,80
recurrent_continued,Mixed,1,0.1,0.2,0.121875,0.1661818242797869,0.3295346628679962,8,75
recurrent_continued,Mixed,2,0.2,0.3,0.2943287037037037,0.26281655799969617,0.5045222178529296,7,254
recurrent_continued,Mixed,3,0.3,0.4,0.2003472222222222,0.3344560040700655,0.46793760831889086,7,178
recurrent_continued,Mixed,4,0.4,0.5,0.10706018518518517,0.44457028345514393,0.3437837837837838,5,87
recurrent_continued,Mixed,5,0.5,0.6,0.062268518518518515,0.5416849190531255,0.5223048327137547,4,55
recurrent_continued,Mixed,6,0.6,0.7,0.024652777777777777,0.6451985338116883,0.3615023474178403,3,22
recurrent_continued,Mixed,7,0.7,0.8,0.011805555555555555,0.7386039991037948,0.36274509803921573,2,11
recurrent_continued,Mixed,8,0.8,0.9,0.0,,,0,0
recurrent_continued,Mixed,9,0.9,1.0,0.0,,,0,0
recurrent_continued,Proportional,0,0.0,0.1,0.11840277777777777,0.04210384076788238,0.026392961876832845,8,62
recurrent_continued,Proportional,1,0.1,0.2,0.022916666666666665,0.15281396214732834,0.45454545454545453,6,22
recurrent_continued,Proportional,2,0.2,0.3,0.04444444444444444,0.242597169523649,0.14062500000000003,5,22
recurrent_continued,Proportional,3,0.3,0.4,0.042708333333333334,0.3513401785447739,0.6585365853658537,6,41
recurrent_continued,Proportional,4,0.4,0.5,0.036458333333333336,0.46694547478893184,0.657142857142857,6,35
recurrent_continued,Proportional,5,0.5,0.6,0.12546296296296297,0.5585575593742377,0.8339483394833948,8,117
recurrent_continued,Proportional,6,0.6,0.7,0.2533564814814815,0.6485836971455166,0.7560529922338968,8,226
recurrent_continued,Proportional,7,0.7,0.8,0.11145833333333333,0.7511126135107825,0.8411214953271029,7,107
recurrent_continued,Proportional,8,0.8,0.9,0.16770833333333332,0.860871794769033,0.9627329192546585,6,161
recurrent_continued,Proportional,9,0.9,1.0,0.07708333333333334,0.9163514974795194,0.9324324324324323,5,74
recurrent_continued,all,0,0.0,0.1,0.36033357075023736,0.021496684449653202,0.006102884251099508,24,275
recurrent_continued,all,1,0.1,0.2,0.08144968457468457,0.1590756500702776,0.25246594523129134,19,124
recurrent_continued,all,2,0.2,0.3,0.12255757359924026,0.2578450006193022,0.4529868997748021,15,284
recurrent_continued,all,3,0.3,0.4,0.08750000000000001,0.3385926461222547,0.46428571428571425,15,224
recurrent_continued,all,4,0.4,0.5,0.05098104056437389,0.4510768045621554,0.3972972972972973,13,124
recurrent_continued,all,5,0.5,0.6,0.07117504409171076,0.5514149833773239,0.6911104227969647,14,178
recurrent_continued,all,6,0.6,0.7,0.1033179012345679,0.6471525863932958,0.6870799103808813,13,256
recurrent_continued,all,7,0.7,0.8,0.04108796296296296,0.749914605370395,0.7953051643192488,9,118
recurrent_continued,all,8,0.8,0.9,0.05590277777777777,0.860871794769033,0.9627329192546585,6,161
recurrent_continued,all,9,0.9,1.0,0.025694444444444447,0.9163514974795194,0.9324324324324323,5,74
recurrent_original,Equal,0,0.0,0.1,0.789514652014652,0.0233744684033453,0.0,8,131
recurrent_original,Equal,1,0.1,0.2,0.0688568376068376,0.1514331417454417,0.33281613653995346,3,20
recurrent_original,Equal,2,0.2,0.3,0.06752136752136752,0.23365618364228924,0.0,3,20
recurrent_original,Equal,3,0.3,0.4,0.02827380952380952,0.34249652143181997,0.0,2,6
recurrent_original,Equal,4,0.4,0.5,0.035416666666666666,0.47167640372811404,0.6470588235294117,2,9
recurrent_original,Equal,5,0.5,0.6,0.006944444444444444,0.5905582983365198,0.0,1,2
recurrent_original,Equal,6,0.6,0.7,0.003472222222222222,0.6093164287114244,0.0,1,1
recurrent_original,Equal,7,0.7,0.8,0.0,,,0,0
recurrent_original,Equal,8,0.8,0.9,0.0,,,0,0
recurrent_original,Equal,9,0.9,1.0,0.0,,,0,0
recurrent_original,Mixed,0,0.0,0.1,0.18402777777777776,0.03481829069393172,0.03773584905660377,8,86
recurrent_original,Mixed,1,0.1,0.2,0.09050925925925926,0.14023634537497562,0.2710997442455243,8,45
recurrent_original,Mixed,2,0.2,0.3,0.07719907407407407,0.2549532444107727,0.3028485757121439,7,38
recurrent_original,Mixed,3,0.3,0.4,0.08148148148148147,0.36364511679160166,0.3835227272727273,7,66
recurrent_original,Mixed,4,0.4,0.5,0.24502314814814813,0.4629918481335754,0.5356636750118092,6,227
recurrent_original,Mixed,5,0.5,0.6,0.2818287037037037,0.5450045463691414,0.47679671457905537,6,262
recurrent_original,Mixed,6,0.6,0.7,0.03993055555555555,0.6195315134408711,0.4173913043478261,5,38
recurrent_original,Mixed,7,0.7,0.8,0.0,,,0,0
recurrent_original,Mixed,8,0.8,0.9,0.0,,,0,0
recurrent_original,Mixed,9,0.9,1.0,0.0,,,0,0
recurrent_original,Proportional,0,0.0,0.1,0.12881944444444443,0.05018426213269081,0.07277628032345014,8,72
recurrent_original,Proportional,1,0.1,0.2,0.0125,0.15729971337042017,0.25,4,12
recurrent_original,Proportional,2,0.2,0.3,0.04652777777777778,0.24056521870285108,0.26865671641791045,8,24
recurrent_original,Proportional,3,0.3,0.4,0.026041666666666668,0.3494196565604092,0.36,6,25
recurrent_original,Proportional,4,0.4,0.5,0.040625,0.4585862844114172,0.717948717948718,6,39
recurrent_original,Proportional,5,0.5,0.6,0.06180555555555555,0.5568223546063696,0.8651685393258427,8,49
recurrent_original,Proportional,6,0.6,0.7,0.17222222222222222,0.6579457392924714,0.7923387096774193,8,155
recurrent_original,Proportional,7,0.7,0.8,0.3302083333333333,0.7622957894891271,0.8138801261829652,7,317
recurrent_original,Proportional,8,0.8,0.9,0.18125,0.8177509840972257,0.9540229885057472,6,174
recurrent_original,Proportional,9,0.9,1.0,0.0,,,0,0
recurrent_original,all,0,0.0,0.1,0.36745395807895803,0.02841782489928142,0.014804071898569438,24,289
recurrent_original,all,1,0.1,0.2,0.05728869895536562,0.14596329273276615,0.2942913385826772,15,77
recurrent_original,all,2,0.2,0.3,0.06374940645773979,0.24393379786648817,0.1876076532749872,18,82
recurrent_original,all,3,0.3,0.4,0.04526565255731923,0.3565138373651612,0.2991598685011567,15,97
recurrent_original,all,4,0.4,0.5,0.1070216049382716,0.46339239649170494,0.5710165825522711,14,275
recurrent_original,all,5,0.5,0.6,0.11685956790123457,0.5479903287120672,0.5358204027731924,15,313
recurrent_original,all,6,0.6,0.7,0.071875,0.6500489130787123,0.710144927536232,14,194
recurrent_original,all,7,0.7,0.8,0.11006944444444444,0.7622957894891271,0.8138801261829652,7,317
recurrent_original,all,8,0.8,0.9,0.06041666666666667,0.8177509840972257,0.9540229885057472,6,174
recurrent_original,all,9,0.9,1.0,0.0,,,0,0
