family,budget,seed,selected_epoch,checkpoint_sha256,group_index,group_key,mechanism,source_round_start,source_round_stop_exclusive,nonforced_choices,nll
P0,conditional,17,480,2a32c5df362e28a7968ed071e518312fb34e7ee610149942050165cd367b68a9,13,"[""Equal Baseline Exp 1"",""35368456"",""0""]",Equal,5,15,20,0.5659890877461077
P0,conditional,17,480,2a32c5df362e28a7968ed071e518312fb34e7ee610149942050165cd367b68a9,20,"[""Equal Baseline Exp 1"",""40800498"",""0""]",Equal,5,15,8,0.7556709282727992
P0,conditional,17,480,2a32c5df362e28a7968ed071e518312fb34e7ee610149942050165cd367b68a9,25,"[""Equal Baseline Exp 1"",""46096247"",""0""]",Equal,5,15,28,0.9601339200474878
P0,conditional,17,480,2a32c5df362e28a7968ed071e518312fb34e7ee610149942050165cd367b68a9,35,"[""Equal Baseline Exp 1"",""92291462"",""0""]",Equal,5,15,8,0.8362406587321352
P0,conditional,17,480,2a32c5df362e28a7968ed071e518312fb34e7ee610149942050165cd367b68a9,36,"[""Equal Baseline Exp 1"",""92992435"",""0""]",Equal,5,15,32,1.7578821742557285
P0,conditional,17,480,2a32c5df362e28a7968ed071e518312fb34e7ee610149942050165cd367b68a9,44,"[""Mixed Baseline Exp 1"",""18823620"",""0""]",Mixed,5,15,40,3.076973865970296
P0,conditional,17,480,2a32c5df362e28a7968ed071e518312fb34e7ee610149942050165cd367b68a9,47,"[""Mixed Baseline Exp 1"",""26185795"",""0""]",Mixed,5,15,40,2.5280970046675777
P0,conditional,17,480,2a32c5df362e28a7968ed071e518312fb34e7ee610149942050165cd367b68a9,52,"[""Mixed Baseline Exp 1"",""37465807"",""0""]",Mixed,5,15,40,2.99737238864403
P0,conditional,17,480,2a32c5df362e28a7968ed071e518312fb34e7ee610149942050165cd367b68a9,57,"[""Mixed Baseline Exp 1"",""47841996"",""0""]",Mixed,5,15,18,1.0444257787694473
P0,conditional,17,480,2a32c5df362e28a7968ed071e518312fb34e7ee610149942050165cd367b68a9,60,"[""Mixed Baseline Exp 1"",""50116627"",""0""]",Mixed,5,15,40,2.8291127974382144
P0,conditional,17,480,2a32c5df362e28a7968ed071e518312fb34e7ee610149942050165cd367b68a9,64,"[""Mixed Baseline Exp 1"",""64291720"",""0""]",Mixed,5,15,40,1.9414223323400819
P0,conditional,17,480,2a32c5df362e28a7968ed071e518312fb34e7ee610149942050165cd367b68a9,73,"[""Mixed Baseline Exp 1"",""85460730"",""0""]",Mixed,5,15,40,3.3331675946548387
P0,conditional,17,480,2a32c5df362e28a7968ed071e518312fb34e7ee610149942050165cd367b68a9,78,"[""Mixed Baseline Exp 1"",""95675568"",""0""]",Mixed,5,15,27,1.325000652270206
P0,conditional,17,480,2a32c5df362e28a7968ed071e518312fb34e7ee610149942050165cd367b68a9,80,"[""Proportional Baseline Exp 1"",""11095201"",""0""]",Proportional,5,15,14,2.0564970424807165
P0,conditional,17,480,2a32c5df362e28a7968ed071e518312fb34e7ee610149942050165cd367b68a9,82,"[""Proportional Baseline Exp 1"",""14606420"",""0""]",Proportional,5,15,6,1.1070659162343122
P0,conditional,17,480,2a32c5df362e28a7968ed071e518312fb34e7ee610149942050165cd367b68a9,89,"[""Proportional Baseline Exp 1"",""36303454"",""0""]",Proportional,5,15,31,2.6975305200926374
P0,conditional,17,480,2a32c5df362e28a7968ed071e518312fb34e7ee610149942050165cd367b68a9,97,"[""Proportional Baseline Exp 1"",""45673270"",""0""]",Proportional,5,15,32,2.7040679417011253
P0,conditional,17,480,2a32c5df362e28a7968ed071e518312fb34e7ee610149942050165cd367b68a9,104,"[""Proportional Baseline Exp 1"",""63752993"",""0""]",Proportional,5,15,20,3.491933766726215
P0,conditional,17,480,2a32c5df362e28a7968ed071e518312fb34e7ee610149942050165cd367b68a9,107,"[""Proportional Baseline Exp 1"",""69384851"",""0""]",Proportional,5,15,38,2.491194628592781
P0,conditional,17,480,2a32c5df362e28a7968ed071e518312fb34e7ee610149942050165cd367b68a9,111,"[""Proportional Baseline Exp 1"",""76356479"",""0""]",Proportional,5,15,23,1.6612205844136947
P0,conditional,17,480,2a32c5df362e28a7968ed071e518312fb34e7ee610149942050165cd367b68a9,117,"[""Proportional Baseline Exp 1"",""85019022"",""0""]",Proportional,5,15,10,4.278100258186694
P0,conditional,29,480,2fdd756d345c2013996866284f7792835fdb659a3c5df2690b00800af5d89642,13,"[""Equal Baseline Exp 1"",""35368456"",""0""]",Equal,5,15,20,0.5732430094334938
P0,conditional,29,480,2fdd756d345c2013996866284f7792835fdb659a3c5df2690b00800af5d89642,20,"[""Equal Baseline Exp 1"",""40800498"",""0""]",Equal,5,15,8,0.7610467731228453
P0,conditional,29,480,2fdd756d345c2013996866284f7792835fdb659a3c5df2690b00800af5d89642,25,"[""Equal Baseline Exp 1"",""46096247"",""0""]",Equal,5,15,28,0.9619171097433151
P0,conditional,29,480,2fdd756d345c2013996866284f7792835fdb659a3c5df2690b00800af5d89642,35,"[""Equal Baseline Exp 1"",""92291462"",""0""]",Equal,5,15,8,0.8256880706153997
P0,conditional,29,480,2fdd756d345c2013996866284f7792835fdb659a3c5df2690b00800af5d89642,36,"[""Equal Baseline Exp 1"",""92992435"",""0""]",Equal,5,15,32,1.7484983726200691
P0,conditional,29,480,2fdd756d345c2013996866284f7792835fdb659a3c5df2690b00800af5d89642,44,"[""Mixed Baseline Exp 1"",""18823620"",""0""]",Mixed,5,15,40,3.105410864559544
P0,conditional,29,480,2fdd756d345c2013996866284f7792835fdb659a3c5df2690b00800af5d89642,47,"[""Mixed Baseline Exp 1"",""26185795"",""0""]",Mixed,5,15,40,2.5305508476535135
P0,conditional,29,480,2fdd756d345c2013996866284f7792835fdb659a3c5df2690b00800af5d89642,52,"[""Mixed Baseline Exp 1"",""37465807"",""0""]",Mixed,5,15,40,2.9995821864282193
P0,conditional,29,480,2fdd756d345c2013996866284f7792835fdb659a3c5df2690b00800af5d89642,57,"[""Mixed Baseline Exp 1"",""47841996"",""0""]",Mixed,5,15,18,1.0383246000106543
P0,conditional,29,480,2fdd756d345c2013996866284f7792835fdb659a3c5df2690b00800af5d89642,60,"[""Mixed Baseline Exp 1"",""50116627"",""0""]",Mixed,5,15,40,2.8487123675296258
P0,conditional,29,480,2fdd756d345c2013996866284f7792835fdb659a3c5df2690b00800af5d89642,64,"[""Mixed Baseline Exp 1"",""64291720"",""0""]",Mixed,5,15,40,1.9693828127234976
P0,conditional,29,480,2fdd756d345c2013996866284f7792835fdb659a3c5df2690b00800af5d89642,73,"[""Mixed Baseline Exp 1"",""85460730"",""0""]",Mixed,5,15,40,3.3192318785150006
P0,conditional,29,480,2fdd756d345c2013996866284f7792835fdb659a3c5df2690b00800af5d89642,78,"[""Mixed Baseline Exp 1"",""95675568"",""0""]",Mixed,5,15,27,1.3294309429193778
P0,conditional,29,480,2fdd756d345c2013996866284f7792835fdb659a3c5df2690b00800af5d89642,80,"[""Proportional Baseline Exp 1"",""11095201"",""0""]",Proportional,5,15,14,2.1326688395184656
P0,conditional,29,480,2fdd756d345c2013996866284f7792835fdb659a3c5df2690b00800af5d89642,82,"[""Proportional Baseline Exp 1"",""14606420"",""0""]",Proportional,5,15,6,1.1037147375131404
P0,conditional,29,480,2fdd756d345c2013996866284f7792835fdb659a3c5df2690b00800af5d89642,89,"[""Proportional Baseline Exp 1"",""36303454"",""0""]",Proportional,5,15,31,2.7001468323745565
P0,conditional,29,480,2fdd756d345c2013996866284f7792835fdb659a3c5df2690b00800af5d89642,97,"[""Proportional Baseline Exp 1"",""45673270"",""0""]",Proportional,5,15,32,2.6730367884826
P0,conditional,29,480,2fdd756d345c2013996866284f7792835fdb659a3c5df2690b00800af5d89642,104,"[""Proportional Baseline Exp 1"",""63752993"",""0""]",Proportional,5,15,20,3.469106301135711
P0,conditional,29,480,2fdd756d345c2013996866284f7792835fdb659a3c5df2690b00800af5d89642,107,"[""Proportional Baseline Exp 1"",""69384851"",""0""]",Proportional,5,15,38,2.4970814524071803
P0,conditional,29,480,2fdd756d345c2013996866284f7792835fdb659a3c5df2690b00800af5d89642,111,"[""Proportional Baseline Exp 1"",""76356479"",""0""]",Proportional,5,15,23,1.6864471572391857
P0,conditional,29,480,2fdd756d345c2013996866284f7792835fdb659a3c5df2690b00800af5d89642,117,"[""Proportional Baseline Exp 1"",""85019022"",""0""]",Proportional,5,15,10,4.26610491760873
P0,conditional,43,480,56f691d06b0452d030688fb9a09ff57445ec796c118db8e2dc5aa9166d73a662,13,"[""Equal Baseline Exp 1"",""35368456"",""0""]",Equal,5,15,20,0.5733579438318837
P0,conditional,43,480,56f691d06b0452d030688fb9a09ff57445ec796c118db8e2dc5aa9166d73a662,20,"[""Equal Baseline Exp 1"",""40800498"",""0""]",Equal,5,15,8,0.7636762976294367
P0,conditional,43,480,56f691d06b0452d030688fb9a09ff57445ec796c118db8e2dc5aa9166d73a662,25,"[""Equal Baseline Exp 1"",""46096247"",""0""]",Equal,5,15,28,0.9599923551632711
P0,conditional,43,480,56f691d06b0452d030688fb9a09ff57445ec796c118db8e2dc5aa9166d73a662,35,"[""Equal Baseline Exp 1"",""92291462"",""0""]",Equal,5,15,8,0.8307163811331806
P0,conditional,43,480,56f691d06b0452d030688fb9a09ff57445ec796c118db8e2dc5aa9166d73a662,36,"[""Equal Baseline Exp 1"",""92992435"",""0""]",Equal,5,15,32,1.7438220064962802
P0,conditional,43,480,56f691d06b0452d030688fb9a09ff57445ec796c118db8e2dc5aa9166d73a662,44,"[""Mixed Baseline Exp 1"",""18823620"",""0""]",Mixed,5,15,40,3.099764855254331
P0,conditional,43,480,56f691d06b0452d030688fb9a09ff57445ec796c118db8e2dc5aa9166d73a662,47,"[""Mixed Baseline Exp 1"",""26185795"",""0""]",Mixed,5,15,40,2.525288212779615
P0,conditional,43,480,56f691d06b0452d030688fb9a09ff57445ec796c118db8e2dc5aa9166d73a662,52,"[""Mixed Baseline Exp 1"",""37465807"",""0""]",Mixed,5,15,40,3.0029003367231026
P0,conditional,43,480,56f691d06b0452d030688fb9a09ff57445ec796c118db8e2dc5aa9166d73a662,57,"[""Mixed Baseline Exp 1"",""47841996"",""0""]",Mixed,5,15,18,1.0371020023770556
P0,conditional,43,480,56f691d06b0452d030688fb9a09ff57445ec796c118db8e2dc5aa9166d73a662,60,"[""Mixed Baseline Exp 1"",""50116627"",""0""]",Mixed,5,15,40,2.852252931069044
P0,conditional,43,480,56f691d06b0452d030688fb9a09ff57445ec796c118db8e2dc5aa9166d73a662,64,"[""Mixed Baseline Exp 1"",""64291720"",""0""]",Mixed,5,15,40,1.958080234514302
P0,conditional,43,480,56f691d06b0452d030688fb9a09ff57445ec796c118db8e2dc5aa9166d73a662,73,"[""Mixed Baseline Exp 1"",""85460730"",""0""]",Mixed,5,15,40,3.3168197346878996
P0,conditional,43,480,56f691d06b0452d030688fb9a09ff57445ec796c118db8e2dc5aa9166d73a662,78,"[""Mixed Baseline Exp 1"",""95675568"",""0""]",Mixed,5,15,27,1.334348624944204
P0,conditional,43,480,56f691d06b0452d030688fb9a09ff57445ec796c118db8e2dc5aa9166d73a662,80,"[""Proportional Baseline Exp 1"",""11095201"",""0""]",Proportional,5,15,14,2.0838622497429915
P0,conditional,43,480,56f691d06b0452d030688fb9a09ff57445ec796c118db8e2dc5aa9166d73a662,82,"[""Proportional Baseline Exp 1"",""14606420"",""0""]",Proportional,5,15,6,1.0948775221557296
P0,conditional,43,480,56f691d06b0452d030688fb9a09ff57445ec796c118db8e2dc5aa9166d73a662,89,"[""Proportional Baseline Exp 1"",""36303454"",""0""]",Proportional,5,15,31,2.7028923628707457
P0,conditional,43,480,56f691d06b0452d030688fb9a09ff57445ec796c118db8e2dc5aa9166d73a662,97,"[""Proportional Baseline Exp 1"",""45673270"",""0""]",Proportional,5,15,32,2.6736108006211143
P0,conditional,43,480,56f691d06b0452d030688fb9a09ff57445ec796c118db8e2dc5aa9166d73a662,104,"[""Proportional Baseline Exp 1"",""63752993"",""0""]",Proportional,5,15,20,3.4545613055238045
P0,conditional,43,480,56f691d06b0452d030688fb9a09ff57445ec796c118db8e2dc5aa9166d73a662,107,"[""Proportional Baseline Exp 1"",""69384851"",""0""]",Proportional,5,15,38,2.497137651770895
P0,conditional,43,480,56f691d06b0452d030688fb9a09ff57445ec796c118db8e2dc5aa9166d73a662,111,"[""Proportional Baseline Exp 1"",""76356479"",""0""]",Proportional,5,15,23,1.6846009472136554
P0,conditional,43,480,56f691d06b0452d030688fb9a09ff57445ec796c118db8e2dc5aa9166d73a662,117,"[""Proportional Baseline Exp 1"",""85019022"",""0""]",Proportional,5,15,10,4.268990528495484
P1,conditional,17,480,019662b85c044462d5d4b319ab65b2ab52128d7a7c3091fc3dd9df5daaf9a19e,13,"[""Equal Baseline Exp 1"",""35368456"",""0""]",Equal,5,15,20,0.598937504844119
P1,conditional,17,480,019662b85c044462d5d4b319ab65b2ab52128d7a7c3091fc3dd9df5daaf9a19e,20,"[""Equal Baseline Exp 1"",""40800498"",""0""]",Equal,5,15,8,0.7485161697462269
P1,conditional,17,480,019662b85c044462d5d4b319ab65b2ab52128d7a7c3091fc3dd9df5daaf9a19e,25,"[""Equal Baseline Exp 1"",""46096247"",""0""]",Equal,5,15,28,0.9674289280628651
P1,conditional,17,480,019662b85c044462d5d4b319ab65b2ab52128d7a7c3091fc3dd9df5daaf9a19e,35,"[""Equal Baseline Exp 1"",""92291462"",""0""]",Equal,5,15,8,0.8399126697410646
P1,conditional,17,480,019662b85c044462d5d4b319ab65b2ab52128d7a7c3091fc3dd9df5daaf9a19e,36,"[""Equal Baseline Exp 1"",""92992435"",""0""]",Equal,5,15,32,1.7589860098687362
P1,conditional,17,480,019662b85c044462d5d4b319ab65b2ab52128d7a7c3091fc3dd9df5daaf9a19e,44,"[""Mixed Baseline Exp 1"",""18823620"",""0""]",Mixed,5,15,40,3.082510002259261
P1,conditional,17,480,019662b85c044462d5d4b319ab65b2ab52128d7a7c3091fc3dd9df5daaf9a19e,47,"[""Mixed Baseline Exp 1"",""26185795"",""0""]",Mixed,5,15,40,2.5289256575943995
P1,conditional,17,480,019662b85c044462d5d4b319ab65b2ab52128d7a7c3091fc3dd9df5daaf9a19e,52,"[""Mixed Baseline Exp 1"",""37465807"",""0""]",Mixed,5,15,40,2.979996884671359
P1,conditional,17,480,019662b85c044462d5d4b319ab65b2ab52128d7a7c3091fc3dd9df5daaf9a19e,57,"[""Mixed Baseline Exp 1"",""47841996"",""0""]",Mixed,5,15,18,1.0475022398690954
P1,conditional,17,480,019662b85c044462d5d4b319ab65b2ab52128d7a7c3091fc3dd9df5daaf9a19e,60,"[""Mixed Baseline Exp 1"",""50116627"",""0""]",Mixed,5,15,40,2.8557569051940277
P1,conditional,17,480,019662b85c044462d5d4b319ab65b2ab52128d7a7c3091fc3dd9df5daaf9a19e,64,"[""Mixed Baseline Exp 1"",""64291720"",""0""]",Mixed,5,15,40,1.9317110551285808
P1,conditional,17,480,019662b85c044462d5d4b319ab65b2ab52128d7a7c3091fc3dd9df5daaf9a19e,73,"[""Mixed Baseline Exp 1"",""85460730"",""0""]",Mixed,5,15,40,3.3267782497856615
P1,conditional,17,480,019662b85c044462d5d4b319ab65b2ab52128d7a7c3091fc3dd9df5daaf9a19e,78,"[""Mixed Baseline Exp 1"",""95675568"",""0""]",Mixed,5,15,27,1.3302882010927364
P1,conditional,17,480,019662b85c044462d5d4b319ab65b2ab52128d7a7c3091fc3dd9df5daaf9a19e,80,"[""Proportional Baseline Exp 1"",""11095201"",""0""]",Proportional,5,15,14,2.094327897831823
P1,conditional,17,480,019662b85c044462d5d4b319ab65b2ab52128d7a7c3091fc3dd9df5daaf9a19e,82,"[""Proportional Baseline Exp 1"",""14606420"",""0""]",Proportional,5,15,6,1.0770019175474
P1,conditional,17,480,019662b85c044462d5d4b319ab65b2ab52128d7a7c3091fc3dd9df5daaf9a19e,89,"[""Proportional Baseline Exp 1"",""36303454"",""0""]",Proportional,5,15,31,2.6918120160046133
P1,conditional,17,480,019662b85c044462d5d4b319ab65b2ab52128d7a7c3091fc3dd9df5daaf9a19e,97,"[""Proportional Baseline Exp 1"",""45673270"",""0""]",Proportional,5,15,32,2.700645662751901
P1,conditional,17,480,019662b85c044462d5d4b319ab65b2ab52128d7a7c3091fc3dd9df5daaf9a19e,104,"[""Proportional Baseline Exp 1"",""63752993"",""0""]",Proportional,5,15,20,3.4791004162852857
P1,conditional,17,480,019662b85c044462d5d4b319ab65b2ab52128d7a7c3091fc3dd9df5daaf9a19e,107,"[""Proportional Baseline Exp 1"",""69384851"",""0""]",Proportional,5,15,38,2.485391622655392
P1,conditional,17,480,019662b85c044462d5d4b319ab65b2ab52128d7a7c3091fc3dd9df5daaf9a19e,111,"[""Proportional Baseline Exp 1"",""76356479"",""0""]",Proportional,5,15,23,1.6687804135556201
P1,conditional,17,480,019662b85c044462d5d4b319ab65b2ab52128d7a7c3091fc3dd9df5daaf9a19e,117,"[""Proportional Baseline Exp 1"",""85019022"",""0""]",Proportional,5,15,10,4.294440414346455
P1,conditional,29,480,deda3db37265ccd7344a0aef229ce761bfbfae8f29b44fe12a07d6b993a09087,13,"[""Equal Baseline Exp 1"",""35368456"",""0""]",Equal,5,15,20,0.6045989776274061
P1,conditional,29,480,deda3db37265ccd7344a0aef229ce761bfbfae8f29b44fe12a07d6b993a09087,20,"[""Equal Baseline Exp 1"",""40800498"",""0""]",Equal,5,15,8,0.754065300255606
P1,conditional,29,480,deda3db37265ccd7344a0aef229ce761bfbfae8f29b44fe12a07d6b993a09087,25,"[""Equal Baseline Exp 1"",""46096247"",""0""]",Equal,5,15,28,0.9689495786938338
P1,conditional,29,480,deda3db37265ccd7344a0aef229ce761bfbfae8f29b44fe12a07d6b993a09087,35,"[""Equal Baseline Exp 1"",""92291462"",""0""]",Equal,5,15,8,0.8303538765219065
P1,conditional,29,480,deda3db37265ccd7344a0aef229ce761bfbfae8f29b44fe12a07d6b993a09087,36,"[""Equal Baseline Exp 1"",""92992435"",""0""]",Equal,5,15,32,1.7493937725951065
P1,conditional,29,480,deda3db37265ccd7344a0aef229ce761bfbfae8f29b44fe12a07d6b993a09087,44,"[""Mixed Baseline Exp 1"",""18823620"",""0""]",Mixed,5,15,40,3.110361857607624
P1,conditional,29,480,deda3db37265ccd7344a0aef229ce761bfbfae8f29b44fe12a07d6b993a09087,47,"[""Mixed Baseline Exp 1"",""26185795"",""0""]",Mixed,5,15,40,2.5308359218807617
P1,conditional,29,480,deda3db37265ccd7344a0aef229ce761bfbfae8f29b44fe12a07d6b993a09087,52,"[""Mixed Baseline Exp 1"",""37465807"",""0""]",Mixed,5,15,40,2.980053085753925
P1,conditional,29,480,deda3db37265ccd7344a0aef229ce761bfbfae8f29b44fe12a07d6b993a09087,57,"[""Mixed Baseline Exp 1"",""47841996"",""0""]",Mixed,5,15,18,1.0424129959374453
P1,conditional,29,480,deda3db37265ccd7344a0aef229ce761bfbfae8f29b44fe12a07d6b993a09087,60,"[""Mixed Baseline Exp 1"",""50116627"",""0""]",Mixed,5,15,40,2.8734395780790734
P1,conditional,29,480,deda3db37265ccd7344a0aef229ce761bfbfae8f29b44fe12a07d6b993a09087,64,"[""Mixed Baseline Exp 1"",""64291720"",""0""]",Mixed,5,15,40,1.9544774477201503
P1,conditional,29,480,deda3db37265ccd7344a0aef229ce761bfbfae8f29b44fe12a07d6b993a09087,73,"[""Mixed Baseline Exp 1"",""85460730"",""0""]",Mixed,5,15,40,3.314607303465529
P1,conditional,29,480,deda3db37265ccd7344a0aef229ce761bfbfae8f29b44fe12a07d6b993a09087,78,"[""Mixed Baseline Exp 1"",""95675568"",""0""]",Mixed,5,15,27,1.3356261916136845
P1,conditional,29,480,deda3db37265ccd7344a0aef229ce761bfbfae8f29b44fe12a07d6b993a09087,80,"[""Proportional Baseline Exp 1"",""11095201"",""0""]",Proportional,5,15,14,2.168475912387695
P1,conditional,29,480,deda3db37265ccd7344a0aef229ce761bfbfae8f29b44fe12a07d6b993a09087,82,"[""Proportional Baseline Exp 1"",""14606420"",""0""]",Proportional,5,15,6,1.0724552505153062
P1,conditional,29,480,deda3db37265ccd7344a0aef229ce761bfbfae8f29b44fe12a07d6b993a09087,89,"[""Proportional Baseline Exp 1"",""36303454"",""0""]",Proportional,5,15,31,2.6944422002949375
P1,conditional,29,480,deda3db37265ccd7344a0aef229ce761bfbfae8f29b44fe12a07d6b993a09087,97,"[""Proportional Baseline Exp 1"",""45673270"",""0""]",Proportional,5,15,32,2.6737731889576213
P1,conditional,29,480,deda3db37265ccd7344a0aef229ce761bfbfae8f29b44fe12a07d6b993a09087,104,"[""Proportional Baseline Exp 1"",""63752993"",""0""]",Proportional,5,15,20,3.456804549928491
P1,conditional,29,480,deda3db37265ccd7344a0aef229ce761bfbfae8f29b44fe12a07d6b993a09087,107,"[""Proportional Baseline Exp 1"",""69384851"",""0""]",Proportional,5,15,38,2.4895222696354202
P1,conditional,29,480,deda3db37265ccd7344a0aef229ce761bfbfae8f29b44fe12a07d6b993a09087,111,"[""Proportional Baseline Exp 1"",""76356479"",""0""]",Proportional,5,15,23,1.6922079911197734
P1,conditional,29,480,deda3db37265ccd7344a0aef229ce761bfbfae8f29b44fe12a07d6b993a09087,117,"[""Proportional Baseline Exp 1"",""85019022"",""0""]",Proportional,5,15,10,4.284745829864452
P1,conditional,43,480,940393c41c87f14644bfb449765c900f06cf92bcc858839f5814aeafbaa2b354,13,"[""Equal Baseline Exp 1"",""35368456"",""0""]",Equal,5,15,20,0.6041272546831432
P1,conditional,43,480,940393c41c87f14644bfb449765c900f06cf92bcc858839f5814aeafbaa2b354,20,"[""Equal Baseline Exp 1"",""40800498"",""0""]",Equal,5,15,8,0.7559216429196927
P1,conditional,43,480,940393c41c87f14644bfb449765c900f06cf92bcc858839f5814aeafbaa2b354,25,"[""Equal Baseline Exp 1"",""46096247"",""0""]",Equal,5,15,28,0.9679962886203926
P1,conditional,43,480,940393c41c87f14644bfb449765c900f06cf92bcc858839f5814aeafbaa2b354,35,"[""Equal Baseline Exp 1"",""92291462"",""0""]",Equal,5,15,8,0.8343397696657676
P1,conditional,43,480,940393c41c87f14644bfb449765c900f06cf92bcc858839f5814aeafbaa2b354,36,"[""Equal Baseline Exp 1"",""92992435"",""0""]",Equal,5,15,32,1.7442391920660802
P1,conditional,43,480,940393c41c87f14644bfb449765c900f06cf92bcc858839f5814aeafbaa2b354,44,"[""Mixed Baseline Exp 1"",""18823620"",""0""]",Mixed,5,15,40,3.1049469272208166
P1,conditional,43,480,940393c41c87f14644bfb449765c900f06cf92bcc858839f5814aeafbaa2b354,47,"[""Mixed Baseline Exp 1"",""26185795"",""0""]",Mixed,5,15,40,2.5254348654727856
P1,conditional,43,480,940393c41c87f14644bfb449765c900f06cf92bcc858839f5814aeafbaa2b354,52,"[""Mixed Baseline Exp 1"",""37465807"",""0""]",Mixed,5,15,40,2.9826816624735555
P1,conditional,43,480,940393c41c87f14644bfb449765c900f06cf92bcc858839f5814aeafbaa2b354,57,"[""Mixed Baseline Exp 1"",""47841996"",""0""]",Mixed,5,15,18,1.0421048107813944
P1,conditional,43,480,940393c41c87f14644bfb449765c900f06cf92bcc858839f5814aeafbaa2b354,60,"[""Mixed Baseline Exp 1"",""50116627"",""0""]",Mixed,5,15,40,2.877425294989519
P1,conditional,43,480,940393c41c87f14644bfb449765c900f06cf92bcc858839f5814aeafbaa2b354,64,"[""Mixed Baseline Exp 1"",""64291720"",""0""]",Mixed,5,15,40,1.9430443212195563
P1,conditional,43,480,940393c41c87f14644bfb449765c900f06cf92bcc858839f5814aeafbaa2b354,73,"[""Mixed Baseline Exp 1"",""85460730"",""0""]",Mixed,5,15,40,3.3123053185456683
P1,conditional,43,480,940393c41c87f14644bfb449765c900f06cf92bcc858839f5814aeafbaa2b354,78,"[""Mixed Baseline Exp 1"",""95675568"",""0""]",Mixed,5,15,27,1.3387155701532891
P1,conditional,43,480,940393c41c87f14644bfb449765c900f06cf92bcc858839f5814aeafbaa2b354,80,"[""Proportional Baseline Exp 1"",""11095201"",""0""]",Proportional,5,15,14,2.117515967548417
P1,conditional,43,480,940393c41c87f14644bfb449765c900f06cf92bcc858839f5814aeafbaa2b354,82,"[""Proportional Baseline Exp 1"",""14606420"",""0""]",Proportional,5,15,6,1.0624453533174865
P1,conditional,43,480,940393c41c87f14644bfb449765c900f06cf92bcc858839f5814aeafbaa2b354,89,"[""Proportional Baseline Exp 1"",""36303454"",""0""]",Proportional,5,15,31,2.6973059684823495
P1,conditional,43,480,940393c41c87f14644bfb449765c900f06cf92bcc858839f5814aeafbaa2b354,97,"[""Proportional Baseline Exp 1"",""45673270"",""0""]",Proportional,5,15,32,2.6736244373009224
P1,conditional,43,480,940393c41c87f14644bfb449765c900f06cf92bcc858839f5814aeafbaa2b354,104,"[""Proportional Baseline Exp 1"",""63752993"",""0""]",Proportional,5,15,20,3.442863211645561
P1,conditional,43,480,940393c41c87f14644bfb449765c900f06cf92bcc858839f5814aeafbaa2b354,107,"[""Proportional Baseline Exp 1"",""69384851"",""0""]",Proportional,5,15,38,2.489976177370426
P1,conditional,43,480,940393c41c87f14644bfb449765c900f06cf92bcc858839f5814aeafbaa2b354,111,"[""Proportional Baseline Exp 1"",""76356479"",""0""]",Proportional,5,15,23,1.6900209354440905
P1,conditional,43,480,940393c41c87f14644bfb449765c900f06cf92bcc858839f5814aeafbaa2b354,117,"[""Proportional Baseline Exp 1"",""85019022"",""0""]",Proportional,5,15,10,4.286501385072092
H0,conditional,17,480,7d6fc5c3d04529b68cb0425df74ed5b246e7aaad2fc64e4dd871c41437a87349,13,"[""Equal Baseline Exp 1"",""35368456"",""0""]",Equal,5,15,20,0.6175543483353435
H0,conditional,17,480,7d6fc5c3d04529b68cb0425df74ed5b246e7aaad2fc64e4dd871c41437a87349,20,"[""Equal Baseline Exp 1"",""40800498"",""0""]",Equal,5,15,8,0.7655460168984173
H0,conditional,17,480,7d6fc5c3d04529b68cb0425df74ed5b246e7aaad2fc64e4dd871c41437a87349,25,"[""Equal Baseline Exp 1"",""46096247"",""0""]",Equal,5,15,28,0.9870539261705865
H0,conditional,17,480,7d6fc5c3d04529b68cb0425df74ed5b246e7aaad2fc64e4dd871c41437a87349,35,"[""Equal Baseline Exp 1"",""92291462"",""0""]",Equal,5,15,8,0.8125500783023258
H0,conditional,17,480,7d6fc5c3d04529b68cb0425df74ed5b246e7aaad2fc64e4dd871c41437a87349,36,"[""Equal Baseline Exp 1"",""92992435"",""0""]",Equal,5,15,32,1.7561046680779742
H0,conditional,17,480,7d6fc5c3d04529b68cb0425df74ed5b246e7aaad2fc64e4dd871c41437a87349,44,"[""Mixed Baseline Exp 1"",""18823620"",""0""]",Mixed,5,15,40,3.0470084979003005
H0,conditional,17,480,7d6fc5c3d04529b68cb0425df74ed5b246e7aaad2fc64e4dd871c41437a87349,47,"[""Mixed Baseline Exp 1"",""26185795"",""0""]",Mixed,5,15,40,2.508163632062945
H0,conditional,17,480,7d6fc5c3d04529b68cb0425df74ed5b246e7aaad2fc64e4dd871c41437a87349,52,"[""Mixed Baseline Exp 1"",""37465807"",""0""]",Mixed,5,15,40,2.9555862208654142
H0,conditional,17,480,7d6fc5c3d04529b68cb0425df74ed5b246e7aaad2fc64e4dd871c41437a87349,57,"[""Mixed Baseline Exp 1"",""47841996"",""0""]",Mixed,5,15,18,1.071724135254986
H0,conditional,17,480,7d6fc5c3d04529b68cb0425df74ed5b246e7aaad2fc64e4dd871c41437a87349,60,"[""Mixed Baseline Exp 1"",""50116627"",""0""]",Mixed,5,15,40,2.797099844228283
H0,conditional,17,480,7d6fc5c3d04529b68cb0425df74ed5b246e7aaad2fc64e4dd871c41437a87349,64,"[""Mixed Baseline Exp 1"",""64291720"",""0""]",Mixed,5,15,40,1.9457158084161066
H0,conditional,17,480,7d6fc5c3d04529b68cb0425df74ed5b246e7aaad2fc64e4dd871c41437a87349,73,"[""Mixed Baseline Exp 1"",""85460730"",""0""]",Mixed,5,15,40,3.315666050160887
H0,conditional,17,480,7d6fc5c3d04529b68cb0425df74ed5b246e7aaad2fc64e4dd871c41437a87349,78,"[""Mixed Baseline Exp 1"",""95675568"",""0""]",Mixed,5,15,27,1.3666837122346935
H0,conditional,17,480,7d6fc5c3d04529b68cb0425df74ed5b246e7aaad2fc64e4dd871c41437a87349,80,"[""Proportional Baseline Exp 1"",""11095201"",""0""]",Proportional,5,15,14,2.0785716504912832
H0,conditional,17,480,7d6fc5c3d04529b68cb0425df74ed5b246e7aaad2fc64e4dd871c41437a87349,82,"[""Proportional Baseline Exp 1"",""14606420"",""0""]",Proportional,5,15,6,1.0993711344615822
H0,conditional,17,480,7d6fc5c3d04529b68cb0425df74ed5b246e7aaad2fc64e4dd871c41437a87349,89,"[""Proportional Baseline Exp 1"",""36303454"",""0""]",Proportional,5,15,31,2.6966233409354157
H0,conditional,17,480,7d6fc5c3d04529b68cb0425df74ed5b246e7aaad2fc64e4dd871c41437a87349,97,"[""Proportional Baseline Exp 1"",""45673270"",""0""]",Proportional,5,15,32,2.7018977595795697
H0,conditional,17,480,7d6fc5c3d04529b68cb0425df74ed5b246e7aaad2fc64e4dd871c41437a87349,104,"[""Proportional Baseline Exp 1"",""63752993"",""0""]",Proportional,5,15,20,3.442491387197072
H0,conditional,17,480,7d6fc5c3d04529b68cb0425df74ed5b246e7aaad2fc64e4dd871c41437a87349,107,"[""Proportional Baseline Exp 1"",""69384851"",""0""]",Proportional,5,15,38,2.492879612680471
H0,conditional,17,480,7d6fc5c3d04529b68cb0425df74ed5b246e7aaad2fc64e4dd871c41437a87349,111,"[""Proportional Baseline Exp 1"",""76356479"",""0""]",Proportional,5,15,23,1.5859841580207514
H0,conditional,17,480,7d6fc5c3d04529b68cb0425df74ed5b246e7aaad2fc64e4dd871c41437a87349,117,"[""Proportional Baseline Exp 1"",""85019022"",""0""]",Proportional,5,15,10,4.2673109909814615
H0,conditional,29,479,9c6cade561becf4363b269f5db19158a0a5c4dc9895ce7f7edae5e1253718aa4,13,"[""Equal Baseline Exp 1"",""35368456"",""0""]",Equal,5,15,20,0.6194473321548504
H0,conditional,29,479,9c6cade561becf4363b269f5db19158a0a5c4dc9895ce7f7edae5e1253718aa4,20,"[""Equal Baseline Exp 1"",""40800498"",""0""]",Equal,5,15,8,0.7757887068758546
H0,conditional,29,479,9c6cade561becf4363b269f5db19158a0a5c4dc9895ce7f7edae5e1253718aa4,25,"[""Equal Baseline Exp 1"",""46096247"",""0""]",Equal,5,15,28,0.9885230401560234
H0,conditional,29,479,9c6cade561becf4363b269f5db19158a0a5c4dc9895ce7f7edae5e1253718aa4,35,"[""Equal Baseline Exp 1"",""92291462"",""0""]",Equal,5,15,8,0.8013184208661281
H0,conditional,29,479,9c6cade561becf4363b269f5db19158a0a5c4dc9895ce7f7edae5e1253718aa4,36,"[""Equal Baseline Exp 1"",""92992435"",""0""]",Equal,5,15,32,1.7451422305726845
H0,conditional,29,479,9c6cade561becf4363b269f5db19158a0a5c4dc9895ce7f7edae5e1253718aa4,44,"[""Mixed Baseline Exp 1"",""18823620"",""0""]",Mixed,5,15,40,3.0778910125194203
H0,conditional,29,479,9c6cade561becf4363b269f5db19158a0a5c4dc9895ce7f7edae5e1253718aa4,47,"[""Mixed Baseline Exp 1"",""26185795"",""0""]",Mixed,5,15,40,2.5106468151280463
H0,conditional,29,479,9c6cade561becf4363b269f5db19158a0a5c4dc9895ce7f7edae5e1253718aa4,52,"[""Mixed Baseline Exp 1"",""37465807"",""0""]",Mixed,5,15,40,2.952062175917854
H0,conditional,29,479,9c6cade561becf4363b269f5db19158a0a5c4dc9895ce7f7edae5e1253718aa4,57,"[""Mixed Baseline Exp 1"",""47841996"",""0""]",Mixed,5,15,18,1.0679462703497764
H0,conditional,29,479,9c6cade561becf4363b269f5db19158a0a5c4dc9895ce7f7edae5e1253718aa4,60,"[""Mixed Baseline Exp 1"",""50116627"",""0""]",Mixed,5,15,40,2.80312585797803
H0,conditional,29,479,9c6cade561becf4363b269f5db19158a0a5c4dc9895ce7f7edae5e1253718aa4,64,"[""Mixed Baseline Exp 1"",""64291720"",""0""]",Mixed,5,15,40,1.958836961882858
H0,conditional,29,479,9c6cade561becf4363b269f5db19158a0a5c4dc9895ce7f7edae5e1253718aa4,73,"[""Mixed Baseline Exp 1"",""85460730"",""0""]",Mixed,5,15,40,3.3040821250153116
H0,conditional,29,479,9c6cade561becf4363b269f5db19158a0a5c4dc9895ce7f7edae5e1253718aa4,78,"[""Mixed Baseline Exp 1"",""95675568"",""0""]",Mixed,5,15,27,1.373717851390509
H0,conditional,29,479,9c6cade561becf4363b269f5db19158a0a5c4dc9895ce7f7edae5e1253718aa4,80,"[""Proportional Baseline Exp 1"",""11095201"",""0""]",Proportional,5,15,14,2.14928527260336
H0,conditional,29,479,9c6cade561becf4363b269f5db19158a0a5c4dc9895ce7f7edae5e1253718aa4,82,"[""Proportional Baseline Exp 1"",""14606420"",""0""]",Proportional,5,15,6,1.0977140409811152
H0,conditional,29,479,9c6cade561becf4363b269f5db19158a0a5c4dc9895ce7f7edae5e1253718aa4,89,"[""Proportional Baseline Exp 1"",""36303454"",""0""]",Proportional,5,15,31,2.6957470464303857
H0,conditional,29,479,9c6cade561becf4363b269f5db19158a0a5c4dc9895ce7f7edae5e1253718aa4,97,"[""Proportional Baseline Exp 1"",""45673270"",""0""]",Proportional,5,15,32,2.687162627259503
H0,conditional,29,479,9c6cade561becf4363b269f5db19158a0a5c4dc9895ce7f7edae5e1253718aa4,104,"[""Proportional Baseline Exp 1"",""63752993"",""0""]",Proportional,5,15,20,3.4271851846566683
H0,conditional,29,479,9c6cade561becf4363b269f5db19158a0a5c4dc9895ce7f7edae5e1253718aa4,107,"[""Proportional Baseline Exp 1"",""69384851"",""0""]",Proportional,5,15,38,2.499129527151932
H0,conditional,29,479,9c6cade561becf4363b269f5db19158a0a5c4dc9895ce7f7edae5e1253718aa4,111,"[""Proportional Baseline Exp 1"",""76356479"",""0""]",Proportional,5,15,23,1.6074047443132966
H0,conditional,29,479,9c6cade561becf4363b269f5db19158a0a5c4dc9895ce7f7edae5e1253718aa4,117,"[""Proportional Baseline Exp 1"",""85019022"",""0""]",Proportional,5,15,10,4.273415473070187
H0,conditional,43,480,4606995065f47f7e6aded0b67ffbe1074066ada14798652153d70e8ee4df7b19,13,"[""Equal Baseline Exp 1"",""35368456"",""0""]",Equal,5,15,20,0.6165100801882086
H0,conditional,43,480,4606995065f47f7e6aded0b67ffbe1074066ada14798652153d70e8ee4df7b19,20,"[""Equal Baseline Exp 1"",""40800498"",""0""]",Equal,5,15,8,0.775876451402006
H0,conditional,43,480,4606995065f47f7e6aded0b67ffbe1074066ada14798652153d70e8ee4df7b19,25,"[""Equal Baseline Exp 1"",""46096247"",""0""]",Equal,5,15,28,0.9856437602791503
H0,conditional,43,480,4606995065f47f7e6aded0b67ffbe1074066ada14798652153d70e8ee4df7b19,35,"[""Equal Baseline Exp 1"",""92291462"",""0""]",Equal,5,15,8,0.8082425884505635
H0,conditional,43,480,4606995065f47f7e6aded0b67ffbe1074066ada14798652153d70e8ee4df7b19,36,"[""Equal Baseline Exp 1"",""92992435"",""0""]",Equal,5,15,32,1.742524636490871
H0,conditional,43,480,4606995065f47f7e6aded0b67ffbe1074066ada14798652153d70e8ee4df7b19,44,"[""Mixed Baseline Exp 1"",""18823620"",""0""]",Mixed,5,15,40,3.072638911480792
H0,conditional,43,480,4606995065f47f7e6aded0b67ffbe1074066ada14798652153d70e8ee4df7b19,47,"[""Mixed Baseline Exp 1"",""26185795"",""0""]",Mixed,5,15,40,2.509125693474536
H0,conditional,43,480,4606995065f47f7e6aded0b67ffbe1074066ada14798652153d70e8ee4df7b19,52,"[""Mixed Baseline Exp 1"",""37465807"",""0""]",Mixed,5,15,40,2.9588082976525363
H0,conditional,43,480,4606995065f47f7e6aded0b67ffbe1074066ada14798652153d70e8ee4df7b19,57,"[""Mixed Baseline Exp 1"",""47841996"",""0""]",Mixed,5,15,18,1.0678314339485817
H0,conditional,43,480,4606995065f47f7e6aded0b67ffbe1074066ada14798652153d70e8ee4df7b19,60,"[""Mixed Baseline Exp 1"",""50116627"",""0""]",Mixed,5,15,40,2.808037097845606
H0,conditional,43,480,4606995065f47f7e6aded0b67ffbe1074066ada14798652153d70e8ee4df7b19,64,"[""Mixed Baseline Exp 1"",""64291720"",""0""]",Mixed,5,15,40,1.952773526466394
H0,conditional,43,480,4606995065f47f7e6aded0b67ffbe1074066ada14798652153d70e8ee4df7b19,73,"[""Mixed Baseline Exp 1"",""85460730"",""0""]",Mixed,5,15,40,3.302663843041928
H0,conditional,43,480,4606995065f47f7e6aded0b67ffbe1074066ada14798652153d70e8ee4df7b19,78,"[""Mixed Baseline Exp 1"",""95675568"",""0""]",Mixed,5,15,27,1.3758987703920769
H0,conditional,43,480,4606995065f47f7e6aded0b67ffbe1074066ada14798652153d70e8ee4df7b19,80,"[""Proportional Baseline Exp 1"",""11095201"",""0""]",Proportional,5,15,14,2.1144760087114087
H0,conditional,43,480,4606995065f47f7e6aded0b67ffbe1074066ada14798652153d70e8ee4df7b19,82,"[""Proportional Baseline Exp 1"",""14606420"",""0""]",Proportional,5,15,6,1.0936169479514553
H0,conditional,43,480,4606995065f47f7e6aded0b67ffbe1074066ada14798652153d70e8ee4df7b19,89,"[""Proportional Baseline Exp 1"",""36303454"",""0""]",Proportional,5,15,31,2.6978884097895754
H0,conditional,43,480,4606995065f47f7e6aded0b67ffbe1074066ada14798652153d70e8ee4df7b19,97,"[""Proportional Baseline Exp 1"",""45673270"",""0""]",Proportional,5,15,32,2.6853522899947118
H0,conditional,43,480,4606995065f47f7e6aded0b67ffbe1074066ada14798652153d70e8ee4df7b19,104,"[""Proportional Baseline Exp 1"",""63752993"",""0""]",Proportional,5,15,20,3.415646308196513
H0,conditional,43,480,4606995065f47f7e6aded0b67ffbe1074066ada14798652153d70e8ee4df7b19,107,"[""Proportional Baseline Exp 1"",""69384851"",""0""]",Proportional,5,15,38,2.4970688011303834
H0,conditional,43,480,4606995065f47f7e6aded0b67ffbe1074066ada14798652153d70e8ee4df7b19,111,"[""Proportional Baseline Exp 1"",""76356479"",""0""]",Proportional,5,15,23,1.6076763774345761
H0,conditional,43,480,4606995065f47f7e6aded0b67ffbe1074066ada14798652153d70e8ee4df7b19,117,"[""Proportional Baseline Exp 1"",""85019022"",""0""]",Proportional,5,15,10,4.276090951789678
H1,conditional,17,480,0ce02615f56b7851dfb95f26cf20d12849e454da4d5b7e1462530a74cb7ada1d,13,"[""Equal Baseline Exp 1"",""35368456"",""0""]",Equal,5,15,20,0.6303311245733172
H1,conditional,17,480,0ce02615f56b7851dfb95f26cf20d12849e454da4d5b7e1462530a74cb7ada1d,20,"[""Equal Baseline Exp 1"",""40800498"",""0""]",Equal,5,15,8,0.7579800192564505
H1,conditional,17,480,0ce02615f56b7851dfb95f26cf20d12849e454da4d5b7e1462530a74cb7ada1d,25,"[""Equal Baseline Exp 1"",""46096247"",""0""]",Equal,5,15,28,0.984213378688425
H1,conditional,17,480,0ce02615f56b7851dfb95f26cf20d12849e454da4d5b7e1462530a74cb7ada1d,35,"[""Equal Baseline Exp 1"",""92291462"",""0""]",Equal,5,15,8,0.8309752243065629
H1,conditional,17,480,0ce02615f56b7851dfb95f26cf20d12849e454da4d5b7e1462530a74cb7ada1d,36,"[""Equal Baseline Exp 1"",""92992435"",""0""]",Equal,5,15,32,1.7573545794437768
H1,conditional,17,480,0ce02615f56b7851dfb95f26cf20d12849e454da4d5b7e1462530a74cb7ada1d,44,"[""Mixed Baseline Exp 1"",""18823620"",""0""]",Mixed,5,15,40,3.0635976190766985
H1,conditional,17,480,0ce02615f56b7851dfb95f26cf20d12849e454da4d5b7e1462530a74cb7ada1d,47,"[""Mixed Baseline Exp 1"",""26185795"",""0""]",Mixed,5,15,40,2.5099194927152237
H1,conditional,17,480,0ce02615f56b7851dfb95f26cf20d12849e454da4d5b7e1462530a74cb7ada1d,52,"[""Mixed Baseline Exp 1"",""37465807"",""0""]",Mixed,5,15,40,2.9458361398956545
H1,conditional,17,480,0ce02615f56b7851dfb95f26cf20d12849e454da4d5b7e1462530a74cb7ada1d,57,"[""Mixed Baseline Exp 1"",""47841996"",""0""]",Mixed,5,15,18,1.0692905242513198
H1,conditional,17,480,0ce02615f56b7851dfb95f26cf20d12849e454da4d5b7e1462530a74cb7ada1d,60,"[""Mixed Baseline Exp 1"",""50116627"",""0""]",Mixed,5,15,40,2.8149371289662333
H1,conditional,17,480,0ce02615f56b7851dfb95f26cf20d12849e454da4d5b7e1462530a74cb7ada1d,64,"[""Mixed Baseline Exp 1"",""64291720"",""0""]",Mixed,5,15,40,1.934885848851981
H1,conditional,17,480,0ce02615f56b7851dfb95f26cf20d12849e454da4d5b7e1462530a74cb7ada1d,73,"[""Mixed Baseline Exp 1"",""85460730"",""0""]",Mixed,5,15,40,3.312773639724912
H1,conditional,17,480,0ce02615f56b7851dfb95f26cf20d12849e454da4d5b7e1462530a74cb7ada1d,78,"[""Mixed Baseline Exp 1"",""95675568"",""0""]",Mixed,5,15,27,1.3799342489561441
H1,conditional,17,480,0ce02615f56b7851dfb95f26cf20d12849e454da4d5b7e1462530a74cb7ada1d,80,"[""Proportional Baseline Exp 1"",""11095201"",""0""]",Proportional,5,15,14,2.1142039368573253
H1,conditional,17,480,0ce02615f56b7851dfb95f26cf20d12849e454da4d5b7e1462530a74cb7ada1d,82,"[""Proportional Baseline Exp 1"",""14606420"",""0""]",Proportional,5,15,6,1.0886358471710136
H1,conditional,17,480,0ce02615f56b7851dfb95f26cf20d12849e454da4d5b7e1462530a74cb7ada1d,89,"[""Proportional Baseline Exp 1"",""36303454"",""0""]",Proportional,5,15,31,2.697198304377019
H1,conditional,17,480,0ce02615f56b7851dfb95f26cf20d12849e454da4d5b7e1462530a74cb7ada1d,97,"[""Proportional Baseline Exp 1"",""45673270"",""0""]",Proportional,5,15,32,2.7010129004372976
H1,conditional,17,480,0ce02615f56b7851dfb95f26cf20d12849e454da4d5b7e1462530a74cb7ada1d,104,"[""Proportional Baseline Exp 1"",""63752993"",""0""]",Proportional,5,15,20,3.433034080505788
H1,conditional,17,480,0ce02615f56b7851dfb95f26cf20d12849e454da4d5b7e1462530a74cb7ada1d,107,"[""Proportional Baseline Exp 1"",""69384851"",""0""]",Proportional,5,15,38,2.4813816536235227
H1,conditional,17,480,0ce02615f56b7851dfb95f26cf20d12849e454da4d5b7e1462530a74cb7ada1d,111,"[""Proportional Baseline Exp 1"",""76356479"",""0""]",Proportional,5,15,23,1.6013223897888684
H1,conditional,17,480,0ce02615f56b7851dfb95f26cf20d12849e454da4d5b7e1462530a74cb7ada1d,117,"[""Proportional Baseline Exp 1"",""85019022"",""0""]",Proportional,5,15,10,4.28780252531293
H1,conditional,29,479,2ab1b391d4a2f416d83303dcb3d6f62da00f43cad1a8db76b1ccdab82faf37e9,13,"[""Equal Baseline Exp 1"",""35368456"",""0""]",Equal,5,15,20,0.632033351451369
H1,conditional,29,479,2ab1b391d4a2f416d83303dcb3d6f62da00f43cad1a8db76b1ccdab82faf37e9,20,"[""Equal Baseline Exp 1"",""40800498"",""0""]",Equal,5,15,8,0.7688299573369949
H1,conditional,29,479,2ab1b391d4a2f416d83303dcb3d6f62da00f43cad1a8db76b1ccdab82faf37e9,25,"[""Equal Baseline Exp 1"",""46096247"",""0""]",Equal,5,15,28,0.984321564120281
H1,conditional,29,479,2ab1b391d4a2f416d83303dcb3d6f62da00f43cad1a8db76b1ccdab82faf37e9,35,"[""Equal Baseline Exp 1"",""92291462"",""0""]",Equal,5,15,8,0.8210871475148325
H1,conditional,29,479,2ab1b391d4a2f416d83303dcb3d6f62da00f43cad1a8db76b1ccdab82faf37e9,36,"[""Equal Baseline Exp 1"",""92992435"",""0""]",Equal,5,15,32,1.7463109145781115
H1,conditional,29,479,2ab1b391d4a2f416d83303dcb3d6f62da00f43cad1a8db76b1ccdab82faf37e9,44,"[""Mixed Baseline Exp 1"",""18823620"",""0""]",Mixed,5,15,40,3.0943922089021667
H1,conditional,29,479,2ab1b391d4a2f416d83303dcb3d6f62da00f43cad1a8db76b1ccdab82faf37e9,47,"[""Mixed Baseline Exp 1"",""26185795"",""0""]",Mixed,5,15,40,2.511969278255369
H1,conditional,29,479,2ab1b391d4a2f416d83303dcb3d6f62da00f43cad1a8db76b1ccdab82faf37e9,52,"[""Mixed Baseline Exp 1"",""37465807"",""0""]",Mixed,5,15,40,2.9418310936292187
H1,conditional,29,479,2ab1b391d4a2f416d83303dcb3d6f62da00f43cad1a8db76b1ccdab82faf37e9,57,"[""Mixed Baseline Exp 1"",""47841996"",""0""]",Mixed,5,15,18,1.0651281884678119
H1,conditional,29,479,2ab1b391d4a2f416d83303dcb3d6f62da00f43cad1a8db76b1ccdab82faf37e9,60,"[""Mixed Baseline Exp 1"",""50116627"",""0""]",Mixed,5,15,40,2.8192799838342166
H1,conditional,29,479,2ab1b391d4a2f416d83303dcb3d6f62da00f43cad1a8db76b1ccdab82faf37e9,64,"[""Mixed Baseline Exp 1"",""64291720"",""0""]",Mixed,5,15,40,1.9463898329246139
H1,conditional,29,479,2ab1b391d4a2f416d83303dcb3d6f62da00f43cad1a8db76b1ccdab82faf37e9,73,"[""Mixed Baseline Exp 1"",""85460730"",""0""]",Mixed,5,15,40,3.3014758211627657
H1,conditional,29,479,2ab1b391d4a2f416d83303dcb3d6f62da00f43cad1a8db76b1ccdab82faf37e9,78,"[""Mixed Baseline Exp 1"",""95675568"",""0""]",Mixed,5,15,27,1.3885950155818223
H1,conditional,29,479,2ab1b391d4a2f416d83303dcb3d6f62da00f43cad1a8db76b1ccdab82faf37e9,80,"[""Proportional Baseline Exp 1"",""11095201"",""0""]",Proportional,5,15,14,2.181887602704841
H1,conditional,29,479,2ab1b391d4a2f416d83303dcb3d6f62da00f43cad1a8db76b1ccdab82faf37e9,82,"[""Proportional Baseline Exp 1"",""14606420"",""0""]",Proportional,5,15,6,1.0856574598061473
H1,conditional,29,479,2ab1b391d4a2f416d83303dcb3d6f62da00f43cad1a8db76b1ccdab82faf37e9,89,"[""Proportional Baseline Exp 1"",""36303454"",""0""]",Proportional,5,15,31,2.6971866498149213
H1,conditional,29,479,2ab1b391d4a2f416d83303dcb3d6f62da00f43cad1a8db76b1ccdab82faf37e9,97,"[""Proportional Baseline Exp 1"",""45673270"",""0""]",Proportional,5,15,32,2.687428792664461
H1,conditional,29,479,2ab1b391d4a2f416d83303dcb3d6f62da00f43cad1a8db76b1ccdab82faf37e9,104,"[""Proportional Baseline Exp 1"",""63752993"",""0""]",Proportional,5,15,20,3.4177730366126995
H1,conditional,29,479,2ab1b391d4a2f416d83303dcb3d6f62da00f43cad1a8db76b1ccdab82faf37e9,107,"[""Proportional Baseline Exp 1"",""69384851"",""0""]",Proportional,5,15,38,2.4863188530089135
H1,conditional,29,479,2ab1b391d4a2f416d83303dcb3d6f62da00f43cad1a8db76b1ccdab82faf37e9,111,"[""Proportional Baseline Exp 1"",""76356479"",""0""]",Proportional,5,15,23,1.6231699691430053
H1,conditional,29,479,2ab1b391d4a2f416d83303dcb3d6f62da00f43cad1a8db76b1ccdab82faf37e9,117,"[""Proportional Baseline Exp 1"",""85019022"",""0""]",Proportional,5,15,10,4.29346896917089
H1,conditional,43,480,8db1ae16acc2a45e47b63d73d19b64849a67d78319bffa949269b6d8298094f1,13,"[""Equal Baseline Exp 1"",""35368456"",""0""]",Equal,5,15,20,0.6292835206974399
H1,conditional,43,480,8db1ae16acc2a45e47b63d73d19b64849a67d78319bffa949269b6d8298094f1,20,"[""Equal Baseline Exp 1"",""40800498"",""0""]",Equal,5,15,8,0.7682726003071658
H1,conditional,43,480,8db1ae16acc2a45e47b63d73d19b64849a67d78319bffa949269b6d8298094f1,25,"[""Equal Baseline Exp 1"",""46096247"",""0""]",Equal,5,15,28,0.9828807669201567
H1,conditional,43,480,8db1ae16acc2a45e47b63d73d19b64849a67d78319bffa949269b6d8298094f1,35,"[""Equal Baseline Exp 1"",""92291462"",""0""]",Equal,5,15,8,0.825990167778731
H1,conditional,43,480,8db1ae16acc2a45e47b63d73d19b64849a67d78319bffa949269b6d8298094f1,36,"[""Equal Baseline Exp 1"",""92992435"",""0""]",Equal,5,15,32,1.7436153754986519
H1,conditional,43,480,8db1ae16acc2a45e47b63d73d19b64849a67d78319bffa949269b6d8298094f1,44,"[""Mixed Baseline Exp 1"",""18823620"",""0""]",Mixed,5,15,40,3.089802563092424
H1,conditional,43,480,8db1ae16acc2a45e47b63d73d19b64849a67d78319bffa949269b6d8298094f1,47,"[""Mixed Baseline Exp 1"",""26185795"",""0""]",Mixed,5,15,40,2.5104384990422988
H1,conditional,43,480,8db1ae16acc2a45e47b63d73d19b64849a67d78319bffa949269b6d8298094f1,52,"[""Mixed Baseline Exp 1"",""37465807"",""0""]",Mixed,5,15,40,2.947873103824546
H1,conditional,43,480,8db1ae16acc2a45e47b63d73d19b64849a67d78319bffa949269b6d8298094f1,57,"[""Mixed Baseline Exp 1"",""47841996"",""0""]",Mixed,5,15,18,1.0656879593514883
H1,conditional,43,480,8db1ae16acc2a45e47b63d73d19b64849a67d78319bffa949269b6d8298094f1,60,"[""Mixed Baseline Exp 1"",""50116627"",""0""]",Mixed,5,15,40,2.825228103889774
H1,conditional,43,480,8db1ae16acc2a45e47b63d73d19b64849a67d78319bffa949269b6d8298094f1,64,"[""Mixed Baseline Exp 1"",""64291720"",""0""]",Mixed,5,15,40,1.9397615832581234
H1,conditional,43,480,8db1ae16acc2a45e47b63d73d19b64849a67d78319bffa949269b6d8298094f1,73,"[""Mixed Baseline Exp 1"",""85460730"",""0""]",Mixed,5,15,40,3.3005028865169925
H1,conditional,43,480,8db1ae16acc2a45e47b63d73d19b64849a67d78319bffa949269b6d8298094f1,78,"[""Mixed Baseline Exp 1"",""95675568"",""0""]",Mixed,5,15,27,1.3894766464704364
H1,conditional,43,480,8db1ae16acc2a45e47b63d73d19b64849a67d78319bffa949269b6d8298094f1,80,"[""Proportional Baseline Exp 1"",""11095201"",""0""]",Proportional,5,15,14,2.1473514645903014
H1,conditional,43,480,8db1ae16acc2a45e47b63d73d19b64849a67d78319bffa949269b6d8298094f1,82,"[""Proportional Baseline Exp 1"",""14606420"",""0""]",Proportional,5,15,6,1.0800976368993738
H1,conditional,43,480,8db1ae16acc2a45e47b63d73d19b64849a67d78319bffa949269b6d8298094f1,89,"[""Proportional Baseline Exp 1"",""36303454"",""0""]",Proportional,5,15,31,2.6998807966568545
H1,conditional,43,480,8db1ae16acc2a45e47b63d73d19b64849a67d78319bffa949269b6d8298094f1,97,"[""Proportional Baseline Exp 1"",""45673270"",""0""]",Proportional,5,15,32,2.685387824292061
H1,conditional,43,480,8db1ae16acc2a45e47b63d73d19b64849a67d78319bffa949269b6d8298094f1,104,"[""Proportional Baseline Exp 1"",""63752993"",""0""]",Proportional,5,15,20,3.4066268053759585
H1,conditional,43,480,8db1ae16acc2a45e47b63d73d19b64849a67d78319bffa949269b6d8298094f1,107,"[""Proportional Baseline Exp 1"",""69384851"",""0""]",Proportional,5,15,38,2.4845961264827903
H1,conditional,43,480,8db1ae16acc2a45e47b63d73d19b64849a67d78319bffa949269b6d8298094f1,111,"[""Proportional Baseline Exp 1"",""76356479"",""0""]",Proportional,5,15,23,1.6224971569889097
H1,conditional,43,480,8db1ae16acc2a45e47b63d73d19b64849a67d78319bffa949269b6d8298094f1,117,"[""Proportional Baseline Exp 1"",""85019022"",""0""]",Proportional,5,15,10,4.296422359677443
feedforward,original,17,109,be65c3cf7720e5805db3f1eeb285d832d662e8b54d5684fc51e051e9ce4032a2,13,"[""Equal Baseline Exp 1"",""35368456"",""0""]",Equal,5,15,20,0.767769932209893
feedforward,original,17,109,be65c3cf7720e5805db3f1eeb285d832d662e8b54d5684fc51e051e9ce4032a2,20,"[""Equal Baseline Exp 1"",""40800498"",""0""]",Equal,5,15,8,0.9376945004702908
feedforward,original,17,109,be65c3cf7720e5805db3f1eeb285d832d662e8b54d5684fc51e051e9ce4032a2,25,"[""Equal Baseline Exp 1"",""46096247"",""0""]",Equal,5,15,28,0.9676972639962369
feedforward,original,17,109,be65c3cf7720e5805db3f1eeb285d832d662e8b54d5684fc51e051e9ce4032a2,35,"[""Equal Baseline Exp 1"",""92291462"",""0""]",Equal,5,15,8,0.948313276438556
feedforward,original,17,109,be65c3cf7720e5805db3f1eeb285d832d662e8b54d5684fc51e051e9ce4032a2,36,"[""Equal Baseline Exp 1"",""92992435"",""0""]",Equal,5,15,32,1.8433628457228166
feedforward,original,17,109,be65c3cf7720e5805db3f1eeb285d832d662e8b54d5684fc51e051e9ce4032a2,44,"[""Mixed Baseline Exp 1"",""18823620"",""0""]",Mixed,5,15,40,3.1795463870136134
feedforward,original,17,109,be65c3cf7720e5805db3f1eeb285d832d662e8b54d5684fc51e051e9ce4032a2,47,"[""Mixed Baseline Exp 1"",""26185795"",""0""]",Mixed,5,15,40,2.747405110059333
feedforward,original,17,109,be65c3cf7720e5805db3f1eeb285d832d662e8b54d5684fc51e051e9ce4032a2,52,"[""Mixed Baseline Exp 1"",""37465807"",""0""]",Mixed,5,15,40,3.2675953104361115
feedforward,original,17,109,be65c3cf7720e5805db3f1eeb285d832d662e8b54d5684fc51e051e9ce4032a2,57,"[""Mixed Baseline Exp 1"",""47841996"",""0""]",Mixed,5,15,18,0.9409405718081677
feedforward,original,17,109,be65c3cf7720e5805db3f1eeb285d832d662e8b54d5684fc51e051e9ce4032a2,60,"[""Mixed Baseline Exp 1"",""50116627"",""0""]",Mixed,5,15,40,3.1867947701897648
feedforward,original,17,109,be65c3cf7720e5805db3f1eeb285d832d662e8b54d5684fc51e051e9ce4032a2,64,"[""Mixed Baseline Exp 1"",""64291720"",""0""]",Mixed,5,15,40,2.3186388679204994
feedforward,original,17,109,be65c3cf7720e5805db3f1eeb285d832d662e8b54d5684fc51e051e9ce4032a2,73,"[""Mixed Baseline Exp 1"",""85460730"",""0""]",Mixed,5,15,40,3.390695537589869
feedforward,original,17,109,be65c3cf7720e5805db3f1eeb285d832d662e8b54d5684fc51e051e9ce4032a2,78,"[""Mixed Baseline Exp 1"",""95675568"",""0""]",Mixed,5,15,27,1.3163735175793596
feedforward,original,17,109,be65c3cf7720e5805db3f1eeb285d832d662e8b54d5684fc51e051e9ce4032a2,80,"[""Proportional Baseline Exp 1"",""11095201"",""0""]",Proportional,5,15,14,2.3448447701600235
feedforward,original,17,109,be65c3cf7720e5805db3f1eeb285d832d662e8b54d5684fc51e051e9ce4032a2,82,"[""Proportional Baseline Exp 1"",""14606420"",""0""]",Proportional,5,15,6,1.1180721473196795
feedforward,original,17,109,be65c3cf7720e5805db3f1eeb285d832d662e8b54d5684fc51e051e9ce4032a2,89,"[""Proportional Baseline Exp 1"",""36303454"",""0""]",Proportional,5,15,31,2.8927435507927917
feedforward,original,17,109,be65c3cf7720e5805db3f1eeb285d832d662e8b54d5684fc51e051e9ce4032a2,97,"[""Proportional Baseline Exp 1"",""45673270"",""0""]",Proportional,5,15,32,2.8411035328789227
feedforward,original,17,109,be65c3cf7720e5805db3f1eeb285d832d662e8b54d5684fc51e051e9ce4032a2,104,"[""Proportional Baseline Exp 1"",""63752993"",""0""]",Proportional,5,15,20,3.52697581241108
feedforward,original,17,109,be65c3cf7720e5805db3f1eeb285d832d662e8b54d5684fc51e051e9ce4032a2,107,"[""Proportional Baseline Exp 1"",""69384851"",""0""]",Proportional,5,15,38,2.5958783381255643
feedforward,original,17,109,be65c3cf7720e5805db3f1eeb285d832d662e8b54d5684fc51e051e9ce4032a2,111,"[""Proportional Baseline Exp 1"",""76356479"",""0""]",Proportional,5,15,23,1.8272855317540275
feedforward,original,17,109,be65c3cf7720e5805db3f1eeb285d832d662e8b54d5684fc51e051e9ce4032a2,117,"[""Proportional Baseline Exp 1"",""85019022"",""0""]",Proportional,5,15,10,4.324109412674361
feedforward,original,29,116,72769aecba837a6103debf4e06eb9657c7c975953a6c9238c6f38ec4da84fe6f,13,"[""Equal Baseline Exp 1"",""35368456"",""0""]",Equal,5,15,20,0.7690782173690096
feedforward,original,29,116,72769aecba837a6103debf4e06eb9657c7c975953a6c9238c6f38ec4da84fe6f,20,"[""Equal Baseline Exp 1"",""40800498"",""0""]",Equal,5,15,8,0.9343184471695425
feedforward,original,29,116,72769aecba837a6103debf4e06eb9657c7c975953a6c9238c6f38ec4da84fe6f,25,"[""Equal Baseline Exp 1"",""46096247"",""0""]",Equal,5,15,28,0.9652825631610538
feedforward,original,29,116,72769aecba837a6103debf4e06eb9657c7c975953a6c9238c6f38ec4da84fe6f,35,"[""Equal Baseline Exp 1"",""92291462"",""0""]",Equal,5,15,8,0.9502079580801313
feedforward,original,29,116,72769aecba837a6103debf4e06eb9657c7c975953a6c9238c6f38ec4da84fe6f,36,"[""Equal Baseline Exp 1"",""92992435"",""0""]",Equal,5,15,32,1.831826005661584
feedforward,original,29,116,72769aecba837a6103debf4e06eb9657c7c975953a6c9238c6f38ec4da84fe6f,44,"[""Mixed Baseline Exp 1"",""18823620"",""0""]",Mixed,5,15,40,3.158146923604588
feedforward,original,29,116,72769aecba837a6103debf4e06eb9657c7c975953a6c9238c6f38ec4da84fe6f,47,"[""Mixed Baseline Exp 1"",""26185795"",""0""]",Mixed,5,15,40,2.7179571877524373
feedforward,original,29,116,72769aecba837a6103debf4e06eb9657c7c975953a6c9238c6f38ec4da84fe6f,52,"[""Mixed Baseline Exp 1"",""37465807"",""0""]",Mixed,5,15,40,3.218304487751957
feedforward,original,29,116,72769aecba837a6103debf4e06eb9657c7c975953a6c9238c6f38ec4da84fe6f,57,"[""Mixed Baseline Exp 1"",""47841996"",""0""]",Mixed,5,15,18,0.9429607251368299
feedforward,original,29,116,72769aecba837a6103debf4e06eb9657c7c975953a6c9238c6f38ec4da84fe6f,60,"[""Mixed Baseline Exp 1"",""50116627"",""0""]",Mixed,5,15,40,3.1884867141903936
feedforward,original,29,116,72769aecba837a6103debf4e06eb9657c7c975953a6c9238c6f38ec4da84fe6f,64,"[""Mixed Baseline Exp 1"",""64291720"",""0""]",Mixed,5,15,40,2.2799579334471254
feedforward,original,29,116,72769aecba837a6103debf4e06eb9657c7c975953a6c9238c6f38ec4da84fe6f,73,"[""Mixed Baseline Exp 1"",""85460730"",""0""]",Mixed,5,15,40,3.382194793708746
feedforward,original,29,116,72769aecba837a6103debf4e06eb9657c7c975953a6c9238c6f38ec4da84fe6f,78,"[""Mixed Baseline Exp 1"",""95675568"",""0""]",Mixed,5,15,27,1.3356427216688365
feedforward,original,29,116,72769aecba837a6103debf4e06eb9657c7c975953a6c9238c6f38ec4da84fe6f,80,"[""Proportional Baseline Exp 1"",""11095201"",""0""]",Proportional,5,15,14,2.3018574050785086
feedforward,original,29,116,72769aecba837a6103debf4e06eb9657c7c975953a6c9238c6f38ec4da84fe6f,82,"[""Proportional Baseline Exp 1"",""14606420"",""0""]",Proportional,5,15,6,1.1023952030338717
feedforward,original,29,116,72769aecba837a6103debf4e06eb9657c7c975953a6c9238c6f38ec4da84fe6f,89,"[""Proportional Baseline Exp 1"",""36303454"",""0""]",Proportional,5,15,31,2.8753729471002116
feedforward,original,29,116,72769aecba837a6103debf4e06eb9657c7c975953a6c9238c6f38ec4da84fe6f,97,"[""Proportional Baseline Exp 1"",""45673270"",""0""]",Proportional,5,15,32,2.817375561511622
feedforward,original,29,116,72769aecba837a6103debf4e06eb9657c7c975953a6c9238c6f38ec4da84fe6f,104,"[""Proportional Baseline Exp 1"",""63752993"",""0""]",Proportional,5,15,20,3.531015806792083
feedforward,original,29,116,72769aecba837a6103debf4e06eb9657c7c975953a6c9238c6f38ec4da84fe6f,107,"[""Proportional Baseline Exp 1"",""69384851"",""0""]",Proportional,5,15,38,2.581014263705319
feedforward,original,29,116,72769aecba837a6103debf4e06eb9657c7c975953a6c9238c6f38ec4da84fe6f,111,"[""Proportional Baseline Exp 1"",""76356479"",""0""]",Proportional,5,15,23,1.8342479902946887
feedforward,original,29,116,72769aecba837a6103debf4e06eb9657c7c975953a6c9238c6f38ec4da84fe6f,117,"[""Proportional Baseline Exp 1"",""85019022"",""0""]",Proportional,5,15,10,4.322178362614729
feedforward,original,43,117,9f2316808439affb020d8d2382b50d0d5f2fa551c8451ed4228e82821cebbe18,13,"[""Equal Baseline Exp 1"",""35368456"",""0""]",Equal,5,15,20,0.7563883512914809
feedforward,original,43,117,9f2316808439affb020d8d2382b50d0d5f2fa551c8451ed4228e82821cebbe18,20,"[""Equal Baseline Exp 1"",""40800498"",""0""]",Equal,5,15,8,0.9560787436507661
feedforward,original,43,117,9f2316808439affb020d8d2382b50d0d5f2fa551c8451ed4228e82821cebbe18,25,"[""Equal Baseline Exp 1"",""46096247"",""0""]",Equal,5,15,28,0.9676528033443689
feedforward,original,43,117,9f2316808439affb020d8d2382b50d0d5f2fa551c8451ed4228e82821cebbe18,35,"[""Equal Baseline Exp 1"",""92291462"",""0""]",Equal,5,15,8,0.96599148341171
feedforward,original,43,117,9f2316808439affb020d8d2382b50d0d5f2fa551c8451ed4228e82821cebbe18,36,"[""Equal Baseline Exp 1"",""92992435"",""0""]",Equal,5,15,32,1.8512446394791013
feedforward,original,43,117,9f2316808439affb020d8d2382b50d0d5f2fa551c8451ed4228e82821cebbe18,44,"[""Mixed Baseline Exp 1"",""18823620"",""0""]",Mixed,5,15,40,3.1571912601710546
feedforward,original,43,117,9f2316808439affb020d8d2382b50d0d5f2fa551c8451ed4228e82821cebbe18,47,"[""Mixed Baseline Exp 1"",""26185795"",""0""]",Mixed,5,15,40,2.7522231301194253
feedforward,original,43,117,9f2316808439affb020d8d2382b50d0d5f2fa551c8451ed4228e82821cebbe18,52,"[""Mixed Baseline Exp 1"",""37465807"",""0""]",Mixed,5,15,40,3.2694892251450725
feedforward,original,43,117,9f2316808439affb020d8d2382b50d0d5f2fa551c8451ed4228e82821cebbe18,57,"[""Mixed Baseline Exp 1"",""47841996"",""0""]",Mixed,5,15,18,0.9416845401653675
feedforward,original,43,117,9f2316808439affb020d8d2382b50d0d5f2fa551c8451ed4228e82821cebbe18,60,"[""Mixed Baseline Exp 1"",""50116627"",""0""]",Mixed,5,15,40,3.1264287888459803
feedforward,original,43,117,9f2316808439affb020d8d2382b50d0d5f2fa551c8451ed4228e82821cebbe18,64,"[""Mixed Baseline Exp 1"",""64291720"",""0""]",Mixed,5,15,40,2.3460390992620836
feedforward,original,43,117,9f2316808439affb020d8d2382b50d0d5f2fa551c8451ed4228e82821cebbe18,73,"[""Mixed Baseline Exp 1"",""85460730"",""0""]",Mixed,5,15,40,3.3760281777268384
feedforward,original,43,117,9f2316808439affb020d8d2382b50d0d5f2fa551c8451ed4228e82821cebbe18,78,"[""Mixed Baseline Exp 1"",""95675568"",""0""]",Mixed,5,15,27,1.3007542477558063
feedforward,original,43,117,9f2316808439affb020d8d2382b50d0d5f2fa551c8451ed4228e82821cebbe18,80,"[""Proportional Baseline Exp 1"",""11095201"",""0""]",Proportional,5,15,14,2.2974373239697576
feedforward,original,43,117,9f2316808439affb020d8d2382b50d0d5f2fa551c8451ed4228e82821cebbe18,82,"[""Proportional Baseline Exp 1"",""14606420"",""0""]",Proportional,5,15,6,1.168411116556076
feedforward,original,43,117,9f2316808439affb020d8d2382b50d0d5f2fa551c8451ed4228e82821cebbe18,89,"[""Proportional Baseline Exp 1"",""36303454"",""0""]",Proportional,5,15,31,2.8930179099391924
feedforward,original,43,117,9f2316808439affb020d8d2382b50d0d5f2fa551c8451ed4228e82821cebbe18,97,"[""Proportional Baseline Exp 1"",""45673270"",""0""]",Proportional,5,15,32,2.8041745147411508
feedforward,original,43,117,9f2316808439affb020d8d2382b50d0d5f2fa551c8451ed4228e82821cebbe18,104,"[""Proportional Baseline Exp 1"",""63752993"",""0""]",Proportional,5,15,20,3.537405892281009
feedforward,original,43,117,9f2316808439affb020d8d2382b50d0d5f2fa551c8451ed4228e82821cebbe18,107,"[""Proportional Baseline Exp 1"",""69384851"",""0""]",Proportional,5,15,38,2.5909923483179638
feedforward,original,43,117,9f2316808439affb020d8d2382b50d0d5f2fa551c8451ed4228e82821cebbe18,111,"[""Proportional Baseline Exp 1"",""76356479"",""0""]",Proportional,5,15,23,1.8117253294904787
feedforward,original,43,117,9f2316808439affb020d8d2382b50d0d5f2fa551c8451ed4228e82821cebbe18,117,"[""Proportional Baseline Exp 1"",""85019022"",""0""]",Proportional,5,15,10,4.3096135927524415
recurrent,original,17,116,4146b729f335ff47d4f2e59c62a77fc77d8cdc8db568839126dcc5cf41f884a7,13,"[""Equal Baseline Exp 1"",""35368456"",""0""]",Equal,5,15,20,0.7893348070932809
recurrent,original,17,116,4146b729f335ff47d4f2e59c62a77fc77d8cdc8db568839126dcc5cf41f884a7,20,"[""Equal Baseline Exp 1"",""40800498"",""0""]",Equal,5,15,8,0.8379665824541956
recurrent,original,17,116,4146b729f335ff47d4f2e59c62a77fc77d8cdc8db568839126dcc5cf41f884a7,25,"[""Equal Baseline Exp 1"",""46096247"",""0""]",Equal,5,15,28,0.9511305087561682
recurrent,original,17,116,4146b729f335ff47d4f2e59c62a77fc77d8cdc8db568839126dcc5cf41f884a7,35,"[""Equal Baseline Exp 1"",""92291462"",""0""]",Equal,5,15,8,0.893153465871676
recurrent,original,17,116,4146b729f335ff47d4f2e59c62a77fc77d8cdc8db568839126dcc5cf41f884a7,36,"[""Equal Baseline Exp 1"",""92992435"",""0""]",Equal,5,15,32,1.818152598038156
recurrent,original,17,116,4146b729f335ff47d4f2e59c62a77fc77d8cdc8db568839126dcc5cf41f884a7,44,"[""Mixed Baseline Exp 1"",""18823620"",""0""]",Mixed,5,15,40,2.9177143112908013
recurrent,original,17,116,4146b729f335ff47d4f2e59c62a77fc77d8cdc8db568839126dcc5cf41f884a7,47,"[""Mixed Baseline Exp 1"",""26185795"",""0""]",Mixed,5,15,40,2.516264440083225
recurrent,original,17,116,4146b729f335ff47d4f2e59c62a77fc77d8cdc8db568839126dcc5cf41f884a7,52,"[""Mixed Baseline Exp 1"",""37465807"",""0""]",Mixed,5,15,40,3.0034173140928337
recurrent,original,17,116,4146b729f335ff47d4f2e59c62a77fc77d8cdc8db568839126dcc5cf41f884a7,57,"[""Mixed Baseline Exp 1"",""47841996"",""0""]",Mixed,5,15,18,0.9065398264495914
recurrent,original,17,116,4146b729f335ff47d4f2e59c62a77fc77d8cdc8db568839126dcc5cf41f884a7,60,"[""Mixed Baseline Exp 1"",""50116627"",""0""]",Mixed,5,15,40,3.23178173885096
recurrent,original,17,116,4146b729f335ff47d4f2e59c62a77fc77d8cdc8db568839126dcc5cf41f884a7,64,"[""Mixed Baseline Exp 1"",""64291720"",""0""]",Mixed,5,15,40,2.0560043075192116
recurrent,original,17,116,4146b729f335ff47d4f2e59c62a77fc77d8cdc8db568839126dcc5cf41f884a7,73,"[""Mixed Baseline Exp 1"",""85460730"",""0""]",Mixed,5,15,40,3.3253822289508577
recurrent,original,17,116,4146b729f335ff47d4f2e59c62a77fc77d8cdc8db568839126dcc5cf41f884a7,78,"[""Mixed Baseline Exp 1"",""95675568"",""0""]",Mixed,5,15,27,1.4621697479050315
recurrent,original,17,116,4146b729f335ff47d4f2e59c62a77fc77d8cdc8db568839126dcc5cf41f884a7,80,"[""Proportional Baseline Exp 1"",""11095201"",""0""]",Proportional,5,15,14,2.27229895389256
recurrent,original,17,116,4146b729f335ff47d4f2e59c62a77fc77d8cdc8db568839126dcc5cf41f884a7,82,"[""Proportional Baseline Exp 1"",""14606420"",""0""]",Proportional,5,15,6,1.032668833776826
recurrent,original,17,116,4146b729f335ff47d4f2e59c62a77fc77d8cdc8db568839126dcc5cf41f884a7,89,"[""Proportional Baseline Exp 1"",""36303454"",""0""]",Proportional,5,15,31,2.935252683813345
recurrent,original,17,116,4146b729f335ff47d4f2e59c62a77fc77d8cdc8db568839126dcc5cf41f884a7,97,"[""Proportional Baseline Exp 1"",""45673270"",""0""]",Proportional,5,15,32,2.6258533558701487
recurrent,original,17,116,4146b729f335ff47d4f2e59c62a77fc77d8cdc8db568839126dcc5cf41f884a7,104,"[""Proportional Baseline Exp 1"",""63752993"",""0""]",Proportional,5,15,20,3.4937362799770164
recurrent,original,17,116,4146b729f335ff47d4f2e59c62a77fc77d8cdc8db568839126dcc5cf41f884a7,107,"[""Proportional Baseline Exp 1"",""69384851"",""0""]",Proportional,5,15,38,2.556254627336802
recurrent,original,17,116,4146b729f335ff47d4f2e59c62a77fc77d8cdc8db568839126dcc5cf41f884a7,111,"[""Proportional Baseline Exp 1"",""76356479"",""0""]",Proportional,5,15,23,1.7848358766834103
recurrent,original,17,116,4146b729f335ff47d4f2e59c62a77fc77d8cdc8db568839126dcc5cf41f884a7,117,"[""Proportional Baseline Exp 1"",""85019022"",""0""]",Proportional,5,15,10,4.36903530283317
recurrent,original,29,117,25143274613b933909fde59f9c7829f73581c5edb821787fdf4efeb1c2169091,13,"[""Equal Baseline Exp 1"",""35368456"",""0""]",Equal,5,15,20,0.7861177341876667
recurrent,original,29,117,25143274613b933909fde59f9c7829f73581c5edb821787fdf4efeb1c2169091,20,"[""Equal Baseline Exp 1"",""40800498"",""0""]",Equal,5,15,8,0.8276591837496475
recurrent,original,29,117,25143274613b933909fde59f9c7829f73581c5edb821787fdf4efeb1c2169091,25,"[""Equal Baseline Exp 1"",""46096247"",""0""]",Equal,5,15,28,0.9537985108884381
recurrent,original,29,117,25143274613b933909fde59f9c7829f73581c5edb821787fdf4efeb1c2169091,35,"[""Equal Baseline Exp 1"",""92291462"",""0""]",Equal,5,15,8,0.8933503298618461
recurrent,original,29,117,25143274613b933909fde59f9c7829f73581c5edb821787fdf4efeb1c2169091,36,"[""Equal Baseline Exp 1"",""92992435"",""0""]",Equal,5,15,32,1.8182148403101028
recurrent,original,29,117,25143274613b933909fde59f9c7829f73581c5edb821787fdf4efeb1c2169091,44,"[""Mixed Baseline Exp 1"",""18823620"",""0""]",Mixed,5,15,40,2.918587626660253
recurrent,original,29,117,25143274613b933909fde59f9c7829f73581c5edb821787fdf4efeb1c2169091,47,"[""Mixed Baseline Exp 1"",""26185795"",""0""]",Mixed,5,15,40,2.503259117814114
recurrent,original,29,117,25143274613b933909fde59f9c7829f73581c5edb821787fdf4efeb1c2169091,52,"[""Mixed Baseline Exp 1"",""37465807"",""0""]",Mixed,5,15,40,2.98166479808627
recurrent,original,29,117,25143274613b933909fde59f9c7829f73581c5edb821787fdf4efeb1c2169091,57,"[""Mixed Baseline Exp 1"",""47841996"",""0""]",Mixed,5,15,18,0.9138676869347917
recurrent,original,29,117,25143274613b933909fde59f9c7829f73581c5edb821787fdf4efeb1c2169091,60,"[""Mixed Baseline Exp 1"",""50116627"",""0""]",Mixed,5,15,40,3.252909621060887
recurrent,original,29,117,25143274613b933909fde59f9c7829f73581c5edb821787fdf4efeb1c2169091,64,"[""Mixed Baseline Exp 1"",""64291720"",""0""]",Mixed,5,15,40,2.049202073068758
recurrent,original,29,117,25143274613b933909fde59f9c7829f73581c5edb821787fdf4efeb1c2169091,73,"[""Mixed Baseline Exp 1"",""85460730"",""0""]",Mixed,5,15,40,3.3395802512799078
recurrent,original,29,117,25143274613b933909fde59f9c7829f73581c5edb821787fdf4efeb1c2169091,78,"[""Mixed Baseline Exp 1"",""95675568"",""0""]",Mixed,5,15,27,1.4687410724573349
recurrent,original,29,117,25143274613b933909fde59f9c7829f73581c5edb821787fdf4efeb1c2169091,80,"[""Proportional Baseline Exp 1"",""11095201"",""0""]",Proportional,5,15,14,2.249969833712511
recurrent,original,29,117,25143274613b933909fde59f9c7829f73581c5edb821787fdf4efeb1c2169091,82,"[""Proportional Baseline Exp 1"",""14606420"",""0""]",Proportional,5,15,6,1.0322542412269637
recurrent,original,29,117,25143274613b933909fde59f9c7829f73581c5edb821787fdf4efeb1c2169091,89,"[""Proportional Baseline Exp 1"",""36303454"",""0""]",Proportional,5,15,31,2.9384567152122285
recurrent,original,29,117,25143274613b933909fde59f9c7829f73581c5edb821787fdf4efeb1c2169091,97,"[""Proportional Baseline Exp 1"",""45673270"",""0""]",Proportional,5,15,32,2.6159344999367637
recurrent,original,29,117,25143274613b933909fde59f9c7829f73581c5edb821787fdf4efeb1c2169091,104,"[""Proportional Baseline Exp 1"",""63752993"",""0""]",Proportional,5,15,20,3.4418852600539673
recurrent,original,29,117,25143274613b933909fde59f9c7829f73581c5edb821787fdf4efeb1c2169091,107,"[""Proportional Baseline Exp 1"",""69384851"",""0""]",Proportional,5,15,38,2.530447567169251
recurrent,original,29,117,25143274613b933909fde59f9c7829f73581c5edb821787fdf4efeb1c2169091,111,"[""Proportional Baseline Exp 1"",""76356479"",""0""]",Proportional,5,15,23,1.8111963122795098
recurrent,original,29,117,25143274613b933909fde59f9c7829f73581c5edb821787fdf4efeb1c2169091,117,"[""Proportional Baseline Exp 1"",""85019022"",""0""]",Proportional,5,15,10,4.389711713591763
recurrent,original,43,113,83ea46a7c1f7b5874d32f28d7a0a26cb3f07d77bf57f1682801d3ac26bed14d2,13,"[""Equal Baseline Exp 1"",""35368456"",""0""]",Equal,5,15,20,0.7918989614109007
recurrent,original,43,113,83ea46a7c1f7b5874d32f28d7a0a26cb3f07d77bf57f1682801d3ac26bed14d2,20,"[""Equal Baseline Exp 1"",""40800498"",""0""]",Equal,5,15,8,0.8384422912331708
recurrent,original,43,113,83ea46a7c1f7b5874d32f28d7a0a26cb3f07d77bf57f1682801d3ac26bed14d2,25,"[""Equal Baseline Exp 1"",""46096247"",""0""]",Equal,5,15,28,0.9575400846671328
recurrent,original,43,113,83ea46a7c1f7b5874d32f28d7a0a26cb3f07d77bf57f1682801d3ac26bed14d2,35,"[""Equal Baseline Exp 1"",""92291462"",""0""]",Equal,5,15,8,0.890428901003989
recurrent,original,43,113,83ea46a7c1f7b5874d32f28d7a0a26cb3f07d77bf57f1682801d3ac26bed14d2,36,"[""Equal Baseline Exp 1"",""92992435"",""0""]",Equal,5,15,32,1.823157214321758
recurrent,original,43,113,83ea46a7c1f7b5874d32f28d7a0a26cb3f07d77bf57f1682801d3ac26bed14d2,44,"[""Mixed Baseline Exp 1"",""18823620"",""0""]",Mixed,5,15,40,2.92471178397704
recurrent,original,43,113,83ea46a7c1f7b5874d32f28d7a0a26cb3f07d77bf57f1682801d3ac26bed14d2,47,"[""Mixed Baseline Exp 1"",""26185795"",""0""]",Mixed,5,15,40,2.5334057437615893
recurrent,original,43,113,83ea46a7c1f7b5874d32f28d7a0a26cb3f07d77bf57f1682801d3ac26bed14d2,52,"[""Mixed Baseline Exp 1"",""37465807"",""0""]",Mixed,5,15,40,3.0243439463239916
recurrent,original,43,113,83ea46a7c1f7b5874d32f28d7a0a26cb3f07d77bf57f1682801d3ac26bed14d2,57,"[""Mixed Baseline Exp 1"",""47841996"",""0""]",Mixed,5,15,18,0.9095509200174807
recurrent,original,43,113,83ea46a7c1f7b5874d32f28d7a0a26cb3f07d77bf57f1682801d3ac26bed14d2,60,"[""Mixed Baseline Exp 1"",""50116627"",""0""]",Mixed,5,15,40,3.339634991451105
recurrent,original,43,113,83ea46a7c1f7b5874d32f28d7a0a26cb3f07d77bf57f1682801d3ac26bed14d2,64,"[""Mixed Baseline Exp 1"",""64291720"",""0""]",Mixed,5,15,40,2.0916080362525773
recurrent,original,43,113,83ea46a7c1f7b5874d32f28d7a0a26cb3f07d77bf57f1682801d3ac26bed14d2,73,"[""Mixed Baseline Exp 1"",""85460730"",""0""]",Mixed,5,15,40,3.32666810137532
recurrent,original,43,113,83ea46a7c1f7b5874d32f28d7a0a26cb3f07d77bf57f1682801d3ac26bed14d2,78,"[""Mixed Baseline Exp 1"",""95675568"",""0""]",Mixed,5,15,27,1.429908751434448
recurrent,original,43,113,83ea46a7c1f7b5874d32f28d7a0a26cb3f07d77bf57f1682801d3ac26bed14d2,80,"[""Proportional Baseline Exp 1"",""11095201"",""0""]",Proportional,5,15,14,2.3504204133789584
recurrent,original,43,113,83ea46a7c1f7b5874d32f28d7a0a26cb3f07d77bf57f1682801d3ac26bed14d2,82,"[""Proportional Baseline Exp 1"",""14606420"",""0""]",Proportional,5,15,6,1.0287464271030407
recurrent,original,43,113,83ea46a7c1f7b5874d32f28d7a0a26cb3f07d77bf57f1682801d3ac26bed14d2,89,"[""Proportional Baseline Exp 1"",""36303454"",""0""]",Proportional,5,15,31,2.8888720518036908
recurrent,original,43,113,83ea46a7c1f7b5874d32f28d7a0a26cb3f07d77bf57f1682801d3ac26bed14d2,97,"[""Proportional Baseline Exp 1"",""45673270"",""0""]",Proportional,5,15,32,2.6421563770781127
recurrent,original,43,113,83ea46a7c1f7b5874d32f28d7a0a26cb3f07d77bf57f1682801d3ac26bed14d2,104,"[""Proportional Baseline Exp 1"",""63752993"",""0""]",Proportional,5,15,20,3.5389517927425542
recurrent,original,43,113,83ea46a7c1f7b5874d32f28d7a0a26cb3f07d77bf57f1682801d3ac26bed14d2,107,"[""Proportional Baseline Exp 1"",""69384851"",""0""]",Proportional,5,15,38,2.5802983943804683
recurrent,original,43,113,83ea46a7c1f7b5874d32f28d7a0a26cb3f07d77bf57f1682801d3ac26bed14d2,111,"[""Proportional Baseline Exp 1"",""76356479"",""0""]",Proportional,5,15,23,1.7943609501719053
recurrent,original,43,113,83ea46a7c1f7b5874d32f28d7a0a26cb3f07d77bf57f1682801d3ac26bed14d2,117,"[""Proportional Baseline Exp 1"",""85019022"",""0""]",Proportional,5,15,10,4.433780925358534
feedforward,continued,17,478,63ddc8400f53191767bb69890a743442f8c8cae9f18a70771b29a8a50b53710c,13,"[""Equal Baseline Exp 1"",""35368456"",""0""]",Equal,5,15,20,0.7229480704839923
feedforward,continued,17,478,63ddc8400f53191767bb69890a743442f8c8cae9f18a70771b29a8a50b53710c,20,"[""Equal Baseline Exp 1"",""40800498"",""0""]",Equal,5,15,8,0.9066277618985709
feedforward,continued,17,478,63ddc8400f53191767bb69890a743442f8c8cae9f18a70771b29a8a50b53710c,25,"[""Equal Baseline Exp 1"",""46096247"",""0""]",Equal,5,15,28,0.9406755615462341
feedforward,continued,17,478,63ddc8400f53191767bb69890a743442f8c8cae9f18a70771b29a8a50b53710c,35,"[""Equal Baseline Exp 1"",""92291462"",""0""]",Equal,5,15,8,0.963207416499781
feedforward,continued,17,478,63ddc8400f53191767bb69890a743442f8c8cae9f18a70771b29a8a50b53710c,36,"[""Equal Baseline Exp 1"",""92992435"",""0""]",Equal,5,15,32,1.8008141555051997
feedforward,continued,17,478,63ddc8400f53191767bb69890a743442f8c8cae9f18a70771b29a8a50b53710c,44,"[""Mixed Baseline Exp 1"",""18823620"",""0""]",Mixed,5,15,40,3.3742681730189603
feedforward,continued,17,478,63ddc8400f53191767bb69890a743442f8c8cae9f18a70771b29a8a50b53710c,47,"[""Mixed Baseline Exp 1"",""26185795"",""0""]",Mixed,5,15,40,2.6731794996498666
feedforward,continued,17,478,63ddc8400f53191767bb69890a743442f8c8cae9f18a70771b29a8a50b53710c,52,"[""Mixed Baseline Exp 1"",""37465807"",""0""]",Mixed,5,15,40,3.100142141359715
feedforward,continued,17,478,63ddc8400f53191767bb69890a743442f8c8cae9f18a70771b29a8a50b53710c,57,"[""Mixed Baseline Exp 1"",""47841996"",""0""]",Mixed,5,15,18,0.9289824502511667
feedforward,continued,17,478,63ddc8400f53191767bb69890a743442f8c8cae9f18a70771b29a8a50b53710c,60,"[""Mixed Baseline Exp 1"",""50116627"",""0""]",Mixed,5,15,40,2.958524733906691
feedforward,continued,17,478,63ddc8400f53191767bb69890a743442f8c8cae9f18a70771b29a8a50b53710c,64,"[""Mixed Baseline Exp 1"",""64291720"",""0""]",Mixed,5,15,40,2.241026418579242
feedforward,continued,17,478,63ddc8400f53191767bb69890a743442f8c8cae9f18a70771b29a8a50b53710c,73,"[""Mixed Baseline Exp 1"",""85460730"",""0""]",Mixed,5,15,40,3.4024224861027887
feedforward,continued,17,478,63ddc8400f53191767bb69890a743442f8c8cae9f18a70771b29a8a50b53710c,78,"[""Mixed Baseline Exp 1"",""95675568"",""0""]",Mixed,5,15,27,1.2686082235835703
feedforward,continued,17,478,63ddc8400f53191767bb69890a743442f8c8cae9f18a70771b29a8a50b53710c,80,"[""Proportional Baseline Exp 1"",""11095201"",""0""]",Proportional,5,15,14,2.310178834802603
feedforward,continued,17,478,63ddc8400f53191767bb69890a743442f8c8cae9f18a70771b29a8a50b53710c,82,"[""Proportional Baseline Exp 1"",""14606420"",""0""]",Proportional,5,15,6,1.2587851467412197
feedforward,continued,17,478,63ddc8400f53191767bb69890a743442f8c8cae9f18a70771b29a8a50b53710c,89,"[""Proportional Baseline Exp 1"",""36303454"",""0""]",Proportional,5,15,31,2.7909802528707304
feedforward,continued,17,478,63ddc8400f53191767bb69890a743442f8c8cae9f18a70771b29a8a50b53710c,97,"[""Proportional Baseline Exp 1"",""45673270"",""0""]",Proportional,5,15,32,2.7159223048651775
feedforward,continued,17,478,63ddc8400f53191767bb69890a743442f8c8cae9f18a70771b29a8a50b53710c,104,"[""Proportional Baseline Exp 1"",""63752993"",""0""]",Proportional,5,15,20,3.443680937776133
feedforward,continued,17,478,63ddc8400f53191767bb69890a743442f8c8cae9f18a70771b29a8a50b53710c,107,"[""Proportional Baseline Exp 1"",""69384851"",""0""]",Proportional,5,15,38,2.5373926693594986
feedforward,continued,17,478,63ddc8400f53191767bb69890a743442f8c8cae9f18a70771b29a8a50b53710c,111,"[""Proportional Baseline Exp 1"",""76356479"",""0""]",Proportional,5,15,23,1.7987539940120392
feedforward,continued,17,478,63ddc8400f53191767bb69890a743442f8c8cae9f18a70771b29a8a50b53710c,117,"[""Proportional Baseline Exp 1"",""85019022"",""0""]",Proportional,5,15,10,4.291729133769605
feedforward,continued,29,444,e64f1d4048b4f9b830d3cd5f6d31465f65e9ac4843161dded476ca275e53e946,13,"[""Equal Baseline Exp 1"",""35368456"",""0""]",Equal,5,15,20,0.731514851981216
feedforward,continued,29,444,e64f1d4048b4f9b830d3cd5f6d31465f65e9ac4843161dded476ca275e53e946,20,"[""Equal Baseline Exp 1"",""40800498"",""0""]",Equal,5,15,8,0.9295603538869391
feedforward,continued,29,444,e64f1d4048b4f9b830d3cd5f6d31465f65e9ac4843161dded476ca275e53e946,25,"[""Equal Baseline Exp 1"",""46096247"",""0""]",Equal,5,15,28,0.9551154310296049
feedforward,continued,29,444,e64f1d4048b4f9b830d3cd5f6d31465f65e9ac4843161dded476ca275e53e946,35,"[""Equal Baseline Exp 1"",""92291462"",""0""]",Equal,5,15,8,0.9666454392376713
feedforward,continued,29,444,e64f1d4048b4f9b830d3cd5f6d31465f65e9ac4843161dded476ca275e53e946,36,"[""Equal Baseline Exp 1"",""92992435"",""0""]",Equal,5,15,32,1.8149363652896393
feedforward,continued,29,444,e64f1d4048b4f9b830d3cd5f6d31465f65e9ac4843161dded476ca275e53e946,44,"[""Mixed Baseline Exp 1"",""18823620"",""0""]",Mixed,5,15,40,3.3854159453629067
feedforward,continued,29,444,e64f1d4048b4f9b830d3cd5f6d31465f65e9ac4843161dded476ca275e53e946,47,"[""Mixed Baseline Exp 1"",""26185795"",""0""]",Mixed,5,15,40,2.6967601278211424
feedforward,continued,29,444,e64f1d4048b4f9b830d3cd5f6d31465f65e9ac4843161dded476ca275e53e946,52,"[""Mixed Baseline Exp 1"",""37465807"",""0""]",Mixed,5,15,40,3.08770180626283
feedforward,continued,29,444,e64f1d4048b4f9b830d3cd5f6d31465f65e9ac4843161dded476ca275e53e946,57,"[""Mixed Baseline Exp 1"",""47841996"",""0""]",Mixed,5,15,18,0.9308667512384717
feedforward,continued,29,444,e64f1d4048b4f9b830d3cd5f6d31465f65e9ac4843161dded476ca275e53e946,60,"[""Mixed Baseline Exp 1"",""50116627"",""0""]",Mixed,5,15,40,3.025275086267282
feedforward,continued,29,444,e64f1d4048b4f9b830d3cd5f6d31465f65e9ac4843161dded476ca275e53e946,64,"[""Mixed Baseline Exp 1"",""64291720"",""0""]",Mixed,5,15,40,2.287572910418077
feedforward,continued,29,444,e64f1d4048b4f9b830d3cd5f6d31465f65e9ac4843161dded476ca275e53e946,73,"[""Mixed Baseline Exp 1"",""85460730"",""0""]",Mixed,5,15,40,3.382438353470021
feedforward,continued,29,444,e64f1d4048b4f9b830d3cd5f6d31465f65e9ac4843161dded476ca275e53e946,78,"[""Mixed Baseline Exp 1"",""95675568"",""0""]",Mixed,5,15,27,1.2507557917502576
feedforward,continued,29,444,e64f1d4048b4f9b830d3cd5f6d31465f65e9ac4843161dded476ca275e53e946,80,"[""Proportional Baseline Exp 1"",""11095201"",""0""]",Proportional,5,15,14,2.315964193544645
feedforward,continued,29,444,e64f1d4048b4f9b830d3cd5f6d31465f65e9ac4843161dded476ca275e53e946,82,"[""Proportional Baseline Exp 1"",""14606420"",""0""]",Proportional,5,15,6,1.2181817455769468
feedforward,continued,29,444,e64f1d4048b4f9b830d3cd5f6d31465f65e9ac4843161dded476ca275e53e946,89,"[""Proportional Baseline Exp 1"",""36303454"",""0""]",Proportional,5,15,31,2.767621434739523
feedforward,continued,29,444,e64f1d4048b4f9b830d3cd5f6d31465f65e9ac4843161dded476ca275e53e946,97,"[""Proportional Baseline Exp 1"",""45673270"",""0""]",Proportional,5,15,32,2.73502706050727
feedforward,continued,29,444,e64f1d4048b4f9b830d3cd5f6d31465f65e9ac4843161dded476ca275e53e946,104,"[""Proportional Baseline Exp 1"",""63752993"",""0""]",Proportional,5,15,20,3.44600543102586
feedforward,continued,29,444,e64f1d4048b4f9b830d3cd5f6d31465f65e9ac4843161dded476ca275e53e946,107,"[""Proportional Baseline Exp 1"",""69384851"",""0""]",Proportional,5,15,38,2.5447681888007825
feedforward,continued,29,444,e64f1d4048b4f9b830d3cd5f6d31465f65e9ac4843161dded476ca275e53e946,111,"[""Proportional Baseline Exp 1"",""76356479"",""0""]",Proportional,5,15,23,1.818304183820863
feedforward,continued,29,444,e64f1d4048b4f9b830d3cd5f6d31465f65e9ac4843161dded476ca275e53e946,117,"[""Proportional Baseline Exp 1"",""85019022"",""0""]",Proportional,5,15,10,4.274890561592194
feedforward,continued,43,473,6a1e6a7ef5770e5cb77a129d7c941aabd21f8b4fcac17e8b615fb4d61cd9b0e1,13,"[""Equal Baseline Exp 1"",""35368456"",""0""]",Equal,5,15,20,0.7211847561280611
feedforward,continued,43,473,6a1e6a7ef5770e5cb77a129d7c941aabd21f8b4fcac17e8b615fb4d61cd9b0e1,20,"[""Equal Baseline Exp 1"",""40800498"",""0""]",Equal,5,15,8,0.9134571355778582
feedforward,continued,43,473,6a1e6a7ef5770e5cb77a129d7c941aabd21f8b4fcac17e8b615fb4d61cd9b0e1,25,"[""Equal Baseline Exp 1"",""46096247"",""0""]",Equal,5,15,28,0.9441737309244039
feedforward,continued,43,473,6a1e6a7ef5770e5cb77a129d7c941aabd21f8b4fcac17e8b615fb4d61cd9b0e1,35,"[""Equal Baseline Exp 1"",""92291462"",""0""]",Equal,5,15,8,0.9597511323681196
feedforward,continued,43,473,6a1e6a7ef5770e5cb77a129d7c941aabd21f8b4fcac17e8b615fb4d61cd9b0e1,36,"[""Equal Baseline Exp 1"",""92992435"",""0""]",Equal,5,15,32,1.7970491079141713
feedforward,continued,43,473,6a1e6a7ef5770e5cb77a129d7c941aabd21f8b4fcac17e8b615fb4d61cd9b0e1,44,"[""Mixed Baseline Exp 1"",""18823620"",""0""]",Mixed,5,15,40,3.3409334635931445
feedforward,continued,43,473,6a1e6a7ef5770e5cb77a129d7c941aabd21f8b4fcac17e8b615fb4d61cd9b0e1,47,"[""Mixed Baseline Exp 1"",""26185795"",""0""]",Mixed,5,15,40,2.69559438432997
feedforward,continued,43,473,6a1e6a7ef5770e5cb77a129d7c941aabd21f8b4fcac17e8b615fb4d61cd9b0e1,52,"[""Mixed Baseline Exp 1"",""37465807"",""0""]",Mixed,5,15,40,3.0942131009372287
feedforward,continued,43,473,6a1e6a7ef5770e5cb77a129d7c941aabd21f8b4fcac17e8b615fb4d61cd9b0e1,57,"[""Mixed Baseline Exp 1"",""47841996"",""0""]",Mixed,5,15,18,0.9327831116592792
feedforward,continued,43,473,6a1e6a7ef5770e5cb77a129d7c941aabd21f8b4fcac17e8b615fb4d61cd9b0e1,60,"[""Mixed Baseline Exp 1"",""50116627"",""0""]",Mixed,5,15,40,2.976727852840437
feedforward,continued,43,473,6a1e6a7ef5770e5cb77a129d7c941aabd21f8b4fcac17e8b615fb4d61cd9b0e1,64,"[""Mixed Baseline Exp 1"",""64291720"",""0""]",Mixed,5,15,40,2.257076460255032
feedforward,continued,43,473,6a1e6a7ef5770e5cb77a129d7c941aabd21f8b4fcac17e8b615fb4d61cd9b0e1,73,"[""Mixed Baseline Exp 1"",""85460730"",""0""]",Mixed,5,15,40,3.357771624273812
feedforward,continued,43,473,6a1e6a7ef5770e5cb77a129d7c941aabd21f8b4fcac17e8b615fb4d61cd9b0e1,78,"[""Mixed Baseline Exp 1"",""95675568"",""0""]",Mixed,5,15,27,1.276050952724448
feedforward,continued,43,473,6a1e6a7ef5770e5cb77a129d7c941aabd21f8b4fcac17e8b615fb4d61cd9b0e1,80,"[""Proportional Baseline Exp 1"",""11095201"",""0""]",Proportional,5,15,14,2.369900975823049
feedforward,continued,43,473,6a1e6a7ef5770e5cb77a129d7c941aabd21f8b4fcac17e8b615fb4d61cd9b0e1,82,"[""Proportional Baseline Exp 1"",""14606420"",""0""]",Proportional,5,15,6,1.288567391733019
feedforward,continued,43,473,6a1e6a7ef5770e5cb77a129d7c941aabd21f8b4fcac17e8b615fb4d61cd9b0e1,89,"[""Proportional Baseline Exp 1"",""36303454"",""0""]",Proportional,5,15,31,2.75926576612634
feedforward,continued,43,473,6a1e6a7ef5770e5cb77a129d7c941aabd21f8b4fcac17e8b615fb4d61cd9b0e1,97,"[""Proportional Baseline Exp 1"",""45673270"",""0""]",Proportional,5,15,32,2.737105813865209
feedforward,continued,43,473,6a1e6a7ef5770e5cb77a129d7c941aabd21f8b4fcac17e8b615fb4d61cd9b0e1,104,"[""Proportional Baseline Exp 1"",""63752993"",""0""]",Proportional,5,15,20,3.481951907850781
feedforward,continued,43,473,6a1e6a7ef5770e5cb77a129d7c941aabd21f8b4fcac17e8b615fb4d61cd9b0e1,107,"[""Proportional Baseline Exp 1"",""69384851"",""0""]",Proportional,5,15,38,2.5461114410608094
feedforward,continued,43,473,6a1e6a7ef5770e5cb77a129d7c941aabd21f8b4fcac17e8b615fb4d61cd9b0e1,111,"[""Proportional Baseline Exp 1"",""76356479"",""0""]",Proportional,5,15,23,1.817831944735461
feedforward,continued,43,473,6a1e6a7ef5770e5cb77a129d7c941aabd21f8b4fcac17e8b615fb4d61cd9b0e1,117,"[""Proportional Baseline Exp 1"",""85019022"",""0""]",Proportional,5,15,10,4.264392263384218
recurrent,continued,17,476,a8f92a9c4693f2c4efb1175208ad11230ff2b9c74c26ab466d117ec36676b61e,13,"[""Equal Baseline Exp 1"",""35368456"",""0""]",Equal,5,15,20,0.7866967530757323
recurrent,continued,17,476,a8f92a9c4693f2c4efb1175208ad11230ff2b9c74c26ab466d117ec36676b61e,20,"[""Equal Baseline Exp 1"",""40800498"",""0""]",Equal,5,15,8,0.8180880011378615
recurrent,continued,17,476,a8f92a9c4693f2c4efb1175208ad11230ff2b9c74c26ab466d117ec36676b61e,25,"[""Equal Baseline Exp 1"",""46096247"",""0""]",Equal,5,15,28,0.919083015354415
recurrent,continued,17,476,a8f92a9c4693f2c4efb1175208ad11230ff2b9c74c26ab466d117ec36676b61e,35,"[""Equal Baseline Exp 1"",""92291462"",""0""]",Equal,5,15,8,0.9613427187699626
recurrent,continued,17,476,a8f92a9c4693f2c4efb1175208ad11230ff2b9c74c26ab466d117ec36676b61e,36,"[""Equal Baseline Exp 1"",""92992435"",""0""]",Equal,5,15,32,1.7163576163887546
recurrent,continued,17,476,a8f92a9c4693f2c4efb1175208ad11230ff2b9c74c26ab466d117ec36676b61e,44,"[""Mixed Baseline Exp 1"",""18823620"",""0""]",Mixed,5,15,40,3.0915860389343606
recurrent,continued,17,476,a8f92a9c4693f2c4efb1175208ad11230ff2b9c74c26ab466d117ec36676b61e,47,"[""Mixed Baseline Exp 1"",""26185795"",""0""]",Mixed,5,15,40,2.524093841170978
recurrent,continued,17,476,a8f92a9c4693f2c4efb1175208ad11230ff2b9c74c26ab466d117ec36676b61e,52,"[""Mixed Baseline Exp 1"",""37465807"",""0""]",Mixed,5,15,40,2.84176971517751
recurrent,continued,17,476,a8f92a9c4693f2c4efb1175208ad11230ff2b9c74c26ab466d117ec36676b61e,57,"[""Mixed Baseline Exp 1"",""47841996"",""0""]",Mixed,5,15,18,0.8937276104171126
recurrent,continued,17,476,a8f92a9c4693f2c4efb1175208ad11230ff2b9c74c26ab466d117ec36676b61e,60,"[""Mixed Baseline Exp 1"",""50116627"",""0""]",Mixed,5,15,40,2.799421869710372
recurrent,continued,17,476,a8f92a9c4693f2c4efb1175208ad11230ff2b9c74c26ab466d117ec36676b61e,64,"[""Mixed Baseline Exp 1"",""64291720"",""0""]",Mixed,5,15,40,2.0084242064253743
recurrent,continued,17,476,a8f92a9c4693f2c4efb1175208ad11230ff2b9c74c26ab466d117ec36676b61e,73,"[""Mixed Baseline Exp 1"",""85460730"",""0""]",Mixed,5,15,40,3.3184706216648268
recurrent,continued,17,476,a8f92a9c4693f2c4efb1175208ad11230ff2b9c74c26ab466d117ec36676b61e,78,"[""Mixed Baseline Exp 1"",""95675568"",""0""]",Mixed,5,15,27,1.4862868493615613
recurrent,continued,17,476,a8f92a9c4693f2c4efb1175208ad11230ff2b9c74c26ab466d117ec36676b61e,80,"[""Proportional Baseline Exp 1"",""11095201"",""0""]",Proportional,5,15,14,2.070519726186559
recurrent,continued,17,476,a8f92a9c4693f2c4efb1175208ad11230ff2b9c74c26ab466d117ec36676b61e,82,"[""Proportional Baseline Exp 1"",""14606420"",""0""]",Proportional,5,15,6,1.014481786868073
recurrent,continued,17,476,a8f92a9c4693f2c4efb1175208ad11230ff2b9c74c26ab466d117ec36676b61e,89,"[""Proportional Baseline Exp 1"",""36303454"",""0""]",Proportional,5,15,31,2.9723217367034427
recurrent,continued,17,476,a8f92a9c4693f2c4efb1175208ad11230ff2b9c74c26ab466d117ec36676b61e,97,"[""Proportional Baseline Exp 1"",""45673270"",""0""]",Proportional,5,15,32,2.7445118100213253
recurrent,continued,17,476,a8f92a9c4693f2c4efb1175208ad11230ff2b9c74c26ab466d117ec36676b61e,104,"[""Proportional Baseline Exp 1"",""63752993"",""0""]",Proportional,5,15,20,3.359658620386994
recurrent,continued,17,476,a8f92a9c4693f2c4efb1175208ad11230ff2b9c74c26ab466d117ec36676b61e,107,"[""Proportional Baseline Exp 1"",""69384851"",""0""]",Proportional,5,15,38,2.424989207072691
recurrent,continued,17,476,a8f92a9c4693f2c4efb1175208ad11230ff2b9c74c26ab466d117ec36676b61e,111,"[""Proportional Baseline Exp 1"",""76356479"",""0""]",Proportional,5,15,23,1.8573594707508354
recurrent,continued,17,476,a8f92a9c4693f2c4efb1175208ad11230ff2b9c74c26ab466d117ec36676b61e,117,"[""Proportional Baseline Exp 1"",""85019022"",""0""]",Proportional,5,15,10,4.3804499872675295
recurrent,continued,29,460,d85aae54aeba7cf9de9a453c743dbaac3af05ae43385c8592b54f6d40694fc4f,13,"[""Equal Baseline Exp 1"",""35368456"",""0""]",Equal,5,15,20,0.8030933182719486
recurrent,continued,29,460,d85aae54aeba7cf9de9a453c743dbaac3af05ae43385c8592b54f6d40694fc4f,20,"[""Equal Baseline Exp 1"",""40800498"",""0""]",Equal,5,15,8,0.8047811383405719
recurrent,continued,29,460,d85aae54aeba7cf9de9a453c743dbaac3af05ae43385c8592b54f6d40694fc4f,25,"[""Equal Baseline Exp 1"",""46096247"",""0""]",Equal,5,15,28,0.9135171753478973
recurrent,continued,29,460,d85aae54aeba7cf9de9a453c743dbaac3af05ae43385c8592b54f6d40694fc4f,35,"[""Equal Baseline Exp 1"",""92291462"",""0""]",Equal,5,15,8,0.9563949813038848
recurrent,continued,29,460,d85aae54aeba7cf9de9a453c743dbaac3af05ae43385c8592b54f6d40694fc4f,36,"[""Equal Baseline Exp 1"",""92992435"",""0""]",Equal,5,15,32,1.7604758113984231
recurrent,continued,29,460,d85aae54aeba7cf9de9a453c743dbaac3af05ae43385c8592b54f6d40694fc4f,44,"[""Mixed Baseline Exp 1"",""18823620"",""0""]",Mixed,5,15,40,3.1068999312590475
recurrent,continued,29,460,d85aae54aeba7cf9de9a453c743dbaac3af05ae43385c8592b54f6d40694fc4f,47,"[""Mixed Baseline Exp 1"",""26185795"",""0""]",Mixed,5,15,40,2.508484110106408
recurrent,continued,29,460,d85aae54aeba7cf9de9a453c743dbaac3af05ae43385c8592b54f6d40694fc4f,52,"[""Mixed Baseline Exp 1"",""37465807"",""0""]",Mixed,5,15,40,2.865785527520515
recurrent,continued,29,460,d85aae54aeba7cf9de9a453c743dbaac3af05ae43385c8592b54f6d40694fc4f,57,"[""Mixed Baseline Exp 1"",""47841996"",""0""]",Mixed,5,15,18,0.8963559617495531
recurrent,continued,29,460,d85aae54aeba7cf9de9a453c743dbaac3af05ae43385c8592b54f6d40694fc4f,60,"[""Mixed Baseline Exp 1"",""50116627"",""0""]",Mixed,5,15,40,2.8381481529023747
recurrent,continued,29,460,d85aae54aeba7cf9de9a453c743dbaac3af05ae43385c8592b54f6d40694fc4f,64,"[""Mixed Baseline Exp 1"",""64291720"",""0""]",Mixed,5,15,40,2.009336340413268
recurrent,continued,29,460,d85aae54aeba7cf9de9a453c743dbaac3af05ae43385c8592b54f6d40694fc4f,73,"[""Mixed Baseline Exp 1"",""85460730"",""0""]",Mixed,5,15,40,3.2941090653419076
recurrent,continued,29,460,d85aae54aeba7cf9de9a453c743dbaac3af05ae43385c8592b54f6d40694fc4f,78,"[""Mixed Baseline Exp 1"",""95675568"",""0""]",Mixed,5,15,27,1.4991100664820498
recurrent,continued,29,460,d85aae54aeba7cf9de9a453c743dbaac3af05ae43385c8592b54f6d40694fc4f,80,"[""Proportional Baseline Exp 1"",""11095201"",""0""]",Proportional,5,15,14,2.1474387559956463
recurrent,continued,29,460,d85aae54aeba7cf9de9a453c743dbaac3af05ae43385c8592b54f6d40694fc4f,82,"[""Proportional Baseline Exp 1"",""14606420"",""0""]",Proportional,5,15,6,1.0205201046496242
recurrent,continued,29,460,d85aae54aeba7cf9de9a453c743dbaac3af05ae43385c8592b54f6d40694fc4f,89,"[""Proportional Baseline Exp 1"",""36303454"",""0""]",Proportional,5,15,31,2.782598486962713
recurrent,continued,29,460,d85aae54aeba7cf9de9a453c743dbaac3af05ae43385c8592b54f6d40694fc4f,97,"[""Proportional Baseline Exp 1"",""45673270"",""0""]",Proportional,5,15,32,2.7432529150370453
recurrent,continued,29,460,d85aae54aeba7cf9de9a453c743dbaac3af05ae43385c8592b54f6d40694fc4f,104,"[""Proportional Baseline Exp 1"",""63752993"",""0""]",Proportional,5,15,20,3.3701596327337797
recurrent,continued,29,460,d85aae54aeba7cf9de9a453c743dbaac3af05ae43385c8592b54f6d40694fc4f,107,"[""Proportional Baseline Exp 1"",""69384851"",""0""]",Proportional,5,15,38,2.4443240279643295
recurrent,continued,29,460,d85aae54aeba7cf9de9a453c743dbaac3af05ae43385c8592b54f6d40694fc4f,111,"[""Proportional Baseline Exp 1"",""76356479"",""0""]",Proportional,5,15,23,1.8810917925124533
recurrent,continued,29,460,d85aae54aeba7cf9de9a453c743dbaac3af05ae43385c8592b54f6d40694fc4f,117,"[""Proportional Baseline Exp 1"",""85019022"",""0""]",Proportional,5,15,10,4.2371652832290785
recurrent,continued,43,470,3bcb6bb2871153c8c95f34d6759c69fb18b7702b90f72633e8e8172973e52241,13,"[""Equal Baseline Exp 1"",""35368456"",""0""]",Equal,5,15,20,0.8001772236343735
recurrent,continued,43,470,3bcb6bb2871153c8c95f34d6759c69fb18b7702b90f72633e8e8172973e52241,20,"[""Equal Baseline Exp 1"",""40800498"",""0""]",Equal,5,15,8,0.8202567688626693
recurrent,continued,43,470,3bcb6bb2871153c8c95f34d6759c69fb18b7702b90f72633e8e8172973e52241,25,"[""Equal Baseline Exp 1"",""46096247"",""0""]",Equal,5,15,28,0.9261963316489904
recurrent,continued,43,470,3bcb6bb2871153c8c95f34d6759c69fb18b7702b90f72633e8e8172973e52241,35,"[""Equal Baseline Exp 1"",""92291462"",""0""]",Equal,5,15,8,0.9583205347336335
recurrent,continued,43,470,3bcb6bb2871153c8c95f34d6759c69fb18b7702b90f72633e8e8172973e52241,36,"[""Equal Baseline Exp 1"",""92992435"",""0""]",Equal,5,15,32,1.7596371551941223
recurrent,continued,43,470,3bcb6bb2871153c8c95f34d6759c69fb18b7702b90f72633e8e8172973e52241,44,"[""Mixed Baseline Exp 1"",""18823620"",""0""]",Mixed,5,15,40,3.083231935637376
recurrent,continued,43,470,3bcb6bb2871153c8c95f34d6759c69fb18b7702b90f72633e8e8172973e52241,47,"[""Mixed Baseline Exp 1"",""26185795"",""0""]",Mixed,5,15,40,2.523617182834084
recurrent,continued,43,470,3bcb6bb2871153c8c95f34d6759c69fb18b7702b90f72633e8e8172973e52241,52,"[""Mixed Baseline Exp 1"",""37465807"",""0""]",Mixed,5,15,40,2.8842001993610307
recurrent,continued,43,470,3bcb6bb2871153c8c95f34d6759c69fb18b7702b90f72633e8e8172973e52241,57,"[""Mixed Baseline Exp 1"",""47841996"",""0""]",Mixed,5,15,18,0.9060232908683776
recurrent,continued,43,470,3bcb6bb2871153c8c95f34d6759c69fb18b7702b90f72633e8e8172973e52241,60,"[""Mixed Baseline Exp 1"",""50116627"",""0""]",Mixed,5,15,40,2.8081699641655065
recurrent,continued,43,470,3bcb6bb2871153c8c95f34d6759c69fb18b7702b90f72633e8e8172973e52241,64,"[""Mixed Baseline Exp 1"",""64291720"",""0""]",Mixed,5,15,40,2.019953335206318
recurrent,continued,43,470,3bcb6bb2871153c8c95f34d6759c69fb18b7702b90f72633e8e8172973e52241,73,"[""Mixed Baseline Exp 1"",""85460730"",""0""]",Mixed,5,15,40,3.3276444002966317
recurrent,continued,43,470,3bcb6bb2871153c8c95f34d6759c69fb18b7702b90f72633e8e8172973e52241,78,"[""Mixed Baseline Exp 1"",""95675568"",""0""]",Mixed,5,15,27,1.4532908689658077
recurrent,continued,43,470,3bcb6bb2871153c8c95f34d6759c69fb18b7702b90f72633e8e8172973e52241,80,"[""Proportional Baseline Exp 1"",""11095201"",""0""]",Proportional,5,15,14,2.1895208967184496
recurrent,continued,43,470,3bcb6bb2871153c8c95f34d6759c69fb18b7702b90f72633e8e8172973e52241,82,"[""Proportional Baseline Exp 1"",""14606420"",""0""]",Proportional,5,15,6,1.0515276150269315
recurrent,continued,43,470,3bcb6bb2871153c8c95f34d6759c69fb18b7702b90f72633e8e8172973e52241,89,"[""Proportional Baseline Exp 1"",""36303454"",""0""]",Proportional,5,15,31,2.767143251774866
recurrent,continued,43,470,3bcb6bb2871153c8c95f34d6759c69fb18b7702b90f72633e8e8172973e52241,97,"[""Proportional Baseline Exp 1"",""45673270"",""0""]",Proportional,5,15,32,2.7685765907962283
recurrent,continued,43,470,3bcb6bb2871153c8c95f34d6759c69fb18b7702b90f72633e8e8172973e52241,104,"[""Proportional Baseline Exp 1"",""63752993"",""0""]",Proportional,5,15,20,3.387627475179604
recurrent,continued,43,470,3bcb6bb2871153c8c95f34d6759c69fb18b7702b90f72633e8e8172973e52241,107,"[""Proportional Baseline Exp 1"",""69384851"",""0""]",Proportional,5,15,38,2.4439440190000714
recurrent,continued,43,470,3bcb6bb2871153c8c95f34d6759c69fb18b7702b90f72633e8e8172973e52241,111,"[""Proportional Baseline Exp 1"",""76356479"",""0""]",Proportional,5,15,23,1.774687504868975
recurrent,continued,43,470,3bcb6bb2871153c8c95f34d6759c69fb18b7702b90f72633e8e8172973e52241,117,"[""Proportional Baseline Exp 1"",""85019022"",""0""]",Proportional,5,15,10,4.358385515962817
