family,seed,selected_epoch,beta,eta,sigma,integration_nodes,validation_nll,final_validation_nll,final_40_epoch_validation_change,checkpoint_sha256
P0,17,480,0.0,0.5285220063062862,-0.0,21,2.5889217283089936,2.5889217283089936,-0.005446562872771565,2a32c5df362e28a7968ed071e518312fb34e7ee610149942050165cd367b68a9
P0,29,480,0.0,0.5094478336735022,-0.0,21,2.5797710067459727,2.5797710067459727,-0.004124632628740077,2fdd756d345c2013996866284f7792835fdb659a3c5df2690b00800af5d89642
P0,43,480,0.0,0.45913901149129765,-0.0,21,2.5799215323445948,2.5799215323445948,-0.004427655780670392,56f691d06b0452d030688fb9a09ff57445ec796c118db8e2dc5aa9166d73a662
P1,17,480,1.684871292231098,0.5595329442048959,-0.0,21,2.584078729959894,2.584078729959894,-0.005325192118296407,019662b85c044462d5d4b319ab65b2ab52128d7a7c3091fc3dd9df5daaf9a19e
P1,29,480,1.7589262962571517,0.5484499520145144,-0.0,21,2.575646299475136,2.575646299475136,-0.003990214206438303,deda3db37265ccd7344a0aef229ce761bfbfae8f29b44fe12a07d6b993a09087
P1,43,480,1.8180142427140076,0.5058560896645361,-0.0,21,2.5757044315143283,2.5757044315143283,-0.0043351820492927295,940393c41c87f14644bfb449765c900f06cf92bcc858839f5814aeafbaa2b354
H0,17,480,0.0,0.7160965564044065,1.6437313480235525,41,2.5719788962295755,2.5719788962295755,-0.003503116716558008,7d6fc5c3d04529b68cb0425df74ed5b246e7aaad2fc64e4dd871c41437a87349
H0,29,479,0.0,0.7372631890698161,1.6552776757913292,41,2.565794008256099,2.565859773534023,-0.0022619223264763733,9c6cade561becf4363b269f5db19158a0a5c4dc9895ce7f7edae5e1253718aa4
H0,43,480,0.0,0.6813004035682778,1.6218689463994502,41,2.5657840264691005,2.5657840264691005,-0.002841726740004269,4606995065f47f7e6aded0b67ffbe1074066ada14798652153d70e8ee4df7b19
H1,17,480,1.665176151554555,0.7464310001947801,1.5710248380385055,41,2.5707357406205347,2.5707357406205347,-0.003440442808508415,0ce02615f56b7851dfb95f26cf20d12849e454da4d5b7e1462530a74cb7ada1d
H1,29,479,1.658966268654724,0.7655121916802127,1.5789948926110853,41,2.5645993565110548,2.564664190274513,-0.0021989156471198257,2ab1b391d4a2f416d83303dcb3d6f62da00f43cad1a8db76b1ccdab82faf37e9
H1,43,480,1.733783969509339,0.7255984755885204,1.5442217807272198,41,2.5647030788020007,2.5647030788020007,-0.0028071448806650245,8db1ae16acc2a45e47b63d73d19b64849a67d78319bffa949269b6d8298094f1
