family,budget,seed,selected_epoch,checkpoint_sha256,group_index,group_key,mechanism,nonforced_rounds,aggregate_nll,renewal_brier,renewal_probability,renewal_observed
constant,original,17,120,c99c319cf9c64781d61deb6caada1836e56765a004db61ad3325d487e43e9538,11,"[""Equal Baseline Exp 1"",""30843571"",""0""]",Equal,5,3.8969243360376957,0.026152722198613865,0.14318499270928867,0.0
constant,original,17,120,c99c319cf9c64781d61deb6caada1836e56765a004db61ad3325d487e43e9538,13,"[""Equal Baseline Exp 1"",""35368456"",""0""]",Equal,10,2.4665110041111324,0.12151158728964848,0.2304108034461224,0.2
constant,original,17,120,c99c319cf9c64781d61deb6caada1836e56765a004db61ad3325d487e43e9538,20,"[""Equal Baseline Exp 1"",""40800498"",""0""]",Equal,7,3.1472825537252143,0.023892133793094152,0.14421288109318858,0.0
constant,original,17,120,c99c319cf9c64781d61deb6caada1836e56765a004db61ad3325d487e43e9538,25,"[""Equal Baseline Exp 1"",""46096247"",""0""]",Equal,12,2.692552603374368,0.14164454467697432,0.23338901804089432,0.16666666666666666
constant,original,17,120,c99c319cf9c64781d61deb6caada1836e56765a004db61ad3325d487e43e9538,31,"[""Equal Baseline Exp 1"",""75670883"",""0""]",Equal,5,3.7382208466528795,0.023272740011888397,0.14408473622194687,0.0
constant,original,17,120,c99c319cf9c64781d61deb6caada1836e56765a004db61ad3325d487e43e9538,35,"[""Equal Baseline Exp 1"",""92291462"",""0""]",Equal,7,3.085554493677038,0.05499762485671435,0.2019892926130898,0.0
constant,original,17,120,c99c319cf9c64781d61deb6caada1836e56765a004db61ad3325d487e43e9538,36,"[""Equal Baseline Exp 1"",""92992435"",""0""]",Equal,13,3.0515808202380827,0.0297050988084286,0.1581669115703183,0.0
constant,original,17,120,c99c319cf9c64781d61deb6caada1836e56765a004db61ad3325d487e43e9538,38,"[""Equal Baseline Exp 1"",""94815040"",""0""]",Equal,4,4.685122487686545,0.03671163779301771,0.18995635008658077,0.0
constant,original,17,120,c99c319cf9c64781d61deb6caada1836e56765a004db61ad3325d487e43e9538,44,"[""Mixed Baseline Exp 1"",""18823620"",""0""]",Mixed,40,4.131526960494028,0.3754349409831188,0.21156980097118278,0.575
constant,original,17,120,c99c319cf9c64781d61deb6caada1836e56765a004db61ad3325d487e43e9538,47,"[""Mixed Baseline Exp 1"",""26185795"",""0""]",Mixed,40,3.5789159178741246,0.27659135663417433,0.2101218009011371,0.4
constant,original,17,120,c99c319cf9c64781d61deb6caada1836e56765a004db61ad3325d487e43e9538,52,"[""Mixed Baseline Exp 1"",""37465807"",""0""]",Mixed,40,4.0579923444490875,0.2601433272474787,0.2116351773083905,0.375
constant,original,17,120,c99c319cf9c64781d61deb6caada1836e56765a004db61ad3325d487e43e9538,57,"[""Mixed Baseline Exp 1"",""47841996"",""0""]",Mixed,10,2.6985606336735954,0.11819162542998818,0.1818055165177907,0.1
constant,original,17,120,c99c319cf9c64781d61deb6caada1836e56765a004db61ad3325d487e43e9538,60,"[""Mixed Baseline Exp 1"",""50116627"",""0""]",Mixed,36,4.3483614481411506,0.34639148573278467,0.23401268830529975,0.5555555555555556
constant,original,17,120,c99c319cf9c64781d61deb6caada1836e56765a004db61ad3325d487e43e9538,64,"[""Mixed Baseline Exp 1"",""64291720"",""0""]",Mixed,40,3.3341088233625,0.36110028668642563,0.20017952597604713,0.525
constant,original,17,120,c99c319cf9c64781d61deb6caada1836e56765a004db61ad3325d487e43e9538,73,"[""Mixed Baseline Exp 1"",""85460730"",""0""]",Mixed,36,3.668701760972201,0.23218621936741915,0.2267485094590185,0.3333333333333333
constant,original,17,120,c99c319cf9c64781d61deb6caada1836e56765a004db61ad3325d487e43e9538,78,"[""Mixed Baseline Exp 1"",""95675568"",""0""]",Mixed,12,3.1437587926252486,0.09860446364733777,0.20757683564076004,0.08333333333333333
constant,original,17,120,c99c319cf9c64781d61deb6caada1836e56765a004db61ad3325d487e43e9538,80,"[""Proportional Baseline Exp 1"",""11095201"",""0""]",Proportional,40,4.025037004772913,0.28254788856774565,0.40160348620427166,0.75
constant,original,17,120,c99c319cf9c64781d61deb6caada1836e56765a004db61ad3325d487e43e9538,82,"[""Proportional Baseline Exp 1"",""14606420"",""0""]",Proportional,9,2.864630483708595,0.10001557276251621,0.30872039342954244,0.1111111111111111
constant,original,17,120,c99c319cf9c64781d61deb6caada1836e56765a004db61ad3325d487e43e9538,89,"[""Proportional Baseline Exp 1"",""36303454"",""0""]",Proportional,40,5.051957951613183,0.33880781012367384,0.3401499477110638,0.725
constant,original,17,120,c99c319cf9c64781d61deb6caada1836e56765a004db61ad3325d487e43e9538,97,"[""Proportional Baseline Exp 1"",""45673270"",""0""]",Proportional,40,3.9676051730241277,0.35322836796457924,0.3402379489653848,0.75
constant,original,17,120,c99c319cf9c64781d61deb6caada1836e56765a004db61ad3325d487e43e9538,104,"[""Proportional Baseline Exp 1"",""63752993"",""0""]",Proportional,40,4.47430578600073,0.34892421510414,0.37350166266348994,0.9
constant,original,17,120,c99c319cf9c64781d61deb6caada1836e56765a004db61ad3325d487e43e9538,107,"[""Proportional Baseline Exp 1"",""69384851"",""0""]",Proportional,40,4.7489362117862,0.299741141569761,0.3697417979728849,0.8
constant,original,17,120,c99c319cf9c64781d61deb6caada1836e56765a004db61ad3325d487e43e9538,111,"[""Proportional Baseline Exp 1"",""76356479"",""0""]",Proportional,40,3.7694129925599347,0.28991253326513455,0.39075822547316824,0.7
constant,original,17,120,c99c319cf9c64781d61deb6caada1836e56765a004db61ad3325d487e43e9538,117,"[""Proportional Baseline Exp 1"",""85019022"",""0""]",Proportional,40,5.020324207870627,0.3024986571951673,0.4114747994211986,0.825
constant,original,29,120,57709ffb15d56b9568f688cc56441bc3ec90c3a4777a1dad918676331a755a8b,11,"[""Equal Baseline Exp 1"",""30843571"",""0""]",Equal,5,3.8581100186464328,0.024014522048939724,0.13718551952645486,0.0
constant,original,29,120,57709ffb15d56b9568f688cc56441bc3ec90c3a4777a1dad918676331a755a8b,13,"[""Equal Baseline Exp 1"",""35368456"",""0""]",Equal,10,2.4582216551670237,0.12136709441866059,0.22312081841756792,0.2
constant,original,29,120,57709ffb15d56b9568f688cc56441bc3ec90c3a4777a1dad918676331a755a8b,20,"[""Equal Baseline Exp 1"",""40800498"",""0""]",Equal,7,3.1210879948077954,0.021947038776439727,0.13817743815799768,0.0
constant,original,29,120,57709ffb15d56b9568f688cc56441bc3ec90c3a4777a1dad918676331a755a8b,25,"[""Equal Baseline Exp 1"",""46096247"",""0""]",Equal,12,2.688589845222476,0.14012737203802356,0.22552060481947053,0.16666666666666666
constant,original,29,120,57709ffb15d56b9568f688cc56441bc3ec90c3a4777a1dad918676331a755a8b,31,"[""Equal Baseline Exp 1"",""75670883"",""0""]",Equal,5,3.691004205059788,0.021363071454258316,0.13802437036256632,0.0
constant,original,29,120,57709ffb15d56b9568f688cc56441bc3ec90c3a4777a1dad918676331a755a8b,35,"[""Equal Baseline Exp 1"",""92291462"",""0""]",Equal,7,3.062529289606224,0.05163097819589261,0.19498047458595222,0.0
constant,original,29,120,57709ffb15d56b9568f688cc56441bc3ec90c3a4777a1dad918676331a755a8b,36,"[""Equal Baseline Exp 1"",""92992435"",""0""]",Equal,13,3.054946421550319,0.02733655484516619,0.151669361416894,0.0
constant,original,29,120,57709ffb15d56b9568f688cc56441bc3ec90c3a4777a1dad918676331a755a8b,38,"[""Equal Baseline Exp 1"",""94815040"",""0""]",Equal,4,4.628230271268056,0.03376243150303136,0.18214581953983217,0.0
constant,original,29,120,57709ffb15d56b9568f688cc56441bc3ec90c3a4777a1dad918676331a755a8b,44,"[""Mixed Baseline Exp 1"",""18823620"",""0""]",Mixed,40,4.158506166593009,0.38139394551458095,0.20339997645780636,0.575
constant,original,29,120,57709ffb15d56b9568f688cc56441bc3ec90c3a4777a1dad918676331a755a8b,47,"[""Mixed Baseline Exp 1"",""26185795"",""0""]",Mixed,40,3.603786044228305,0.27967410156487277,0.2019701173661284,0.4
constant,original,29,120,57709ffb15d56b9568f688cc56441bc3ec90c3a4777a1dad918676331a755a8b,52,"[""Mixed Baseline Exp 1"",""37465807"",""0""]",Mixed,40,4.083224752731139,0.2630551758077404,0.20320063261796412,0.375
constant,original,29,120,57709ffb15d56b9568f688cc56441bc3ec90c3a4777a1dad918676331a755a8b,57,"[""Mixed Baseline Exp 1"",""47841996"",""0""]",Mixed,10,2.6899714935697316,0.11643020630077623,0.17532607778038986,0.1
constant,original,29,120,57709ffb15d56b9568f688cc56441bc3ec90c3a4777a1dad918676331a755a8b,60,"[""Mixed Baseline Exp 1"",""50116627"",""0""]",Mixed,36,4.364941699030743,0.3518965774150769,0.22599259993916013,0.5555555555555556
constant,original,29,120,57709ffb15d56b9568f688cc56441bc3ec90c3a4777a1dad918676331a755a8b,64,"[""Mixed Baseline Exp 1"",""64291720"",""0""]",Mixed,40,3.3603447859776323,0.36606808375937466,0.19227375991867485,0.525
constant,original,29,120,57709ffb15d56b9568f688cc56441bc3ec90c3a4777a1dad918676331a755a8b,73,"[""Mixed Baseline Exp 1"",""85460730"",""0""]",Mixed,36,3.6859577820541563,0.23414219812046067,0.21893682278793042,0.3333333333333333
constant,original,29,120,57709ffb15d56b9568f688cc56441bc3ec90c3a4777a1dad918676331a755a8b,78,"[""Mixed Baseline Exp 1"",""95675568"",""0""]",Mixed,12,3.14221084361249,0.09652580169588554,0.20037612825309223,0.08333333333333333
constant,original,29,120,57709ffb15d56b9568f688cc56441bc3ec90c3a4777a1dad918676331a755a8b,80,"[""Proportional Baseline Exp 1"",""11095201"",""0""]",Proportional,40,4.024248778976064,0.28550818555695595,0.39677508070384676,0.75
constant,original,29,120,57709ffb15d56b9568f688cc56441bc3ec90c3a4777a1dad918676331a755a8b,82,"[""Proportional Baseline Exp 1"",""14606420"",""0""]",Proportional,9,2.8514887840373846,0.09724916915449341,0.30170934972500074,0.1111111111111111
constant,original,29,120,57709ffb15d56b9568f688cc56441bc3ec90c3a4777a1dad918676331a755a8b,89,"[""Proportional Baseline Exp 1"",""36303454"",""0""]",Proportional,40,5.064524050460754,0.34388877382954447,0.333410280593596,0.725
constant,original,29,120,57709ffb15d56b9568f688cc56441bc3ec90c3a4777a1dad918676331a755a8b,97,"[""Proportional Baseline Exp 1"",""45673270"",""0""]",Proportional,40,3.998753604974868,0.358697758575206,0.33385478575363503,0.75
constant,original,29,120,57709ffb15d56b9568f688cc56441bc3ec90c3a4777a1dad918676331a755a8b,104,"[""Proportional Baseline Exp 1"",""63752993"",""0""]",Proportional,40,4.489213779309052,0.3547804291175537,0.3677079073310226,0.9
constant,original,29,120,57709ffb15d56b9568f688cc56441bc3ec90c3a4777a1dad918676331a755a8b,107,"[""Proportional Baseline Exp 1"",""69384851"",""0""]",Proportional,40,4.749551658295941,0.30368713678716536,0.3642089363810855,0.8
constant,original,29,120,57709ffb15d56b9568f688cc56441bc3ec90c3a4777a1dad918676331a755a8b,111,"[""Proportional Baseline Exp 1"",""76356479"",""0""]",Proportional,40,3.7751975877655135,0.2929106711815342,0.38556803594868283,0.7
constant,original,29,120,57709ffb15d56b9568f688cc56441bc3ec90c3a4777a1dad918676331a755a8b,117,"[""Proportional Baseline Exp 1"",""85019022"",""0""]",Proportional,40,5.025631015647921,0.30613552248641673,0.40684942265009794,0.825
constant,original,43,120,4d44dd4d21f404db3b0b785d5d59a737b5a01bcf0afa0588e49c58dfb161cc77,11,"[""Equal Baseline Exp 1"",""30843571"",""0""]",Equal,5,3.8889089021864813,0.025190123242260394,0.14052114446788164,0.0
constant,original,43,120,4d44dd4d21f404db3b0b785d5d59a737b5a01bcf0afa0588e49c58dfb161cc77,13,"[""Equal Baseline Exp 1"",""35368456"",""0""]",Equal,10,2.4637487881321496,0.1213139959171331,0.22769391824825563,0.2
constant,original,43,120,4d44dd4d21f404db3b0b785d5d59a737b5a01bcf0afa0588e49c58dfb161cc77,20,"[""Equal Baseline Exp 1"",""40800498"",""0""]",Equal,7,3.140019110408088,0.02303541646437724,0.14159531510581994,0.0
constant,original,43,120,4d44dd4d21f404db3b0b785d5d59a737b5a01bcf0afa0588e49c58dfb161cc77,25,"[""Equal Baseline Exp 1"",""46096247"",""0""]",Equal,12,2.6898473731506094,0.14091665406016343,0.2304727133792109,0.16666666666666666
constant,original,43,120,4d44dd4d21f404db3b0b785d5d59a737b5a01bcf0afa0588e49c58dfb161cc77,31,"[""Equal Baseline Exp 1"",""75670883"",""0""]",Equal,5,3.7289715245753583,0.022428679905571656,0.14146627988024627,0.0
constant,original,43,120,4d44dd4d21f404db3b0b785d5d59a737b5a01bcf0afa0588e49c58dfb161cc77,35,"[""Equal Baseline Exp 1"",""92291462"",""0""]",Equal,7,3.07918361325086,0.05373214552200161,0.19914307154708047,0.0
constant,original,43,120,4d44dd4d21f404db3b0b785d5d59a737b5a01bcf0afa0588e49c58dfb161cc77,36,"[""Equal Baseline Exp 1"",""92992435"",""0""]",Equal,13,3.0485974987757762,0.028659094925415737,0.15530159939541016,0.0
constant,original,43,120,4d44dd4d21f404db3b0b785d5d59a737b5a01bcf0afa0588e49c58dfb161cc77,38,"[""Equal Baseline Exp 1"",""94815040"",""0""]",Equal,4,4.676167337222668,0.03540781394911898,0.18655518420200382,0.0
constant,original,43,120,4d44dd4d21f404db3b0b785d5d59a737b5a01bcf0afa0588e49c58dfb161cc77,44,"[""Mixed Baseline Exp 1"",""18823620"",""0""]",Mixed,40,4.141342133499249,0.3780498900702517,0.2079467056470087,0.575
constant,original,43,120,4d44dd4d21f404db3b0b785d5d59a737b5a01bcf0afa0588e49c58dfb161cc77,47,"[""Mixed Baseline Exp 1"",""26185795"",""0""]",Mixed,40,3.583963198617738,0.2778987194253253,0.20656902276512107,0.4
constant,original,43,120,4d44dd4d21f404db3b0b785d5d59a737b5a01bcf0afa0588e49c58dfb161cc77,52,"[""Mixed Baseline Exp 1"",""37465807"",""0""]",Mixed,40,4.062899467651423,0.2614008798244293,0.2078986354067919,0.375
constant,original,43,120,4d44dd4d21f404db3b0b785d5d59a737b5a01bcf0afa0588e49c58dfb161cc77,57,"[""Mixed Baseline Exp 1"",""47841996"",""0""]",Mixed,10,2.694872537482791,0.11739179028759442,0.17926229502999563,0.1
constant,original,43,120,4d44dd4d21f404db3b0b785d5d59a737b5a01bcf0afa0588e49c58dfb161cc77,60,"[""Mixed Baseline Exp 1"",""50116627"",""0""]",Mixed,36,4.350870722016249,0.34876572402041217,0.23033861456018803,0.5555555555555556
constant,original,43,120,4d44dd4d21f404db3b0b785d5d59a737b5a01bcf0afa0588e49c58dfb161cc77,64,"[""Mixed Baseline Exp 1"",""64291720"",""0""]",Mixed,40,3.340865112869069,0.3632554100835864,0.19676354672730736,0.525
constant,original,43,120,4d44dd4d21f404db3b0b785d5d59a737b5a01bcf0afa0588e49c58dfb161cc77,73,"[""Mixed Baseline Exp 1"",""85460730"",""0""]",Mixed,36,3.6703286369595154,0.2329743807313102,0.22319427169044084,0.3333333333333333
constant,original,43,120,4d44dd4d21f404db3b0b785d5d59a737b5a01bcf0afa0588e49c58dfb161cc77,78,"[""Mixed Baseline Exp 1"",""95675568"",""0""]",Mixed,12,3.1414179580834904,0.097745762024441,0.20407412831899763,0.08333333333333333
constant,original,43,120,4d44dd4d21f404db3b0b785d5d59a737b5a01bcf0afa0588e49c58dfb161cc77,80,"[""Proportional Baseline Exp 1"",""11095201"",""0""]",Proportional,40,4.01303079995135,0.2844684841982007,0.3986506338608147,0.75
constant,original,43,120,4d44dd4d21f404db3b0b785d5d59a737b5a01bcf0afa0588e49c58dfb161cc77,82,"[""Proportional Baseline Exp 1"",""14606420"",""0""]",Proportional,9,2.8595628504374324,0.09877532286851307,0.3057182366178906,0.1111111111111111
constant,original,43,120,4d44dd4d21f404db3b0b785d5d59a737b5a01bcf0afa0588e49c58dfb161cc77,89,"[""Proportional Baseline Exp 1"",""36303454"",""0""]",Proportional,40,5.051026702694623,0.3414820450879085,0.33676994525391846,0.725
constant,original,43,120,4d44dd4d21f404db3b0b785d5d59a737b5a01bcf0afa0588e49c58dfb161cc77,97,"[""Proportional Baseline Exp 1"",""45673270"",""0""]",Proportional,40,3.998679262112101,0.35574819236958055,0.3371234140940391,0.75
constant,original,43,120,4d44dd4d21f404db3b0b785d5d59a737b5a01bcf0afa0588e49c58dfb161cc77,104,"[""Proportional Baseline Exp 1"",""63752993"",""0""]",Proportional,40,4.48152380759217,0.3524226779841927,0.3701431977802619,0.9
constant,original,43,120,4d44dd4d21f404db3b0b785d5d59a737b5a01bcf0afa0588e49c58dfb161cc77,107,"[""Proportional Baseline Exp 1"",""69384851"",""0""]",Proportional,40,4.741687045511254,0.3022413147006351,0.3666251729810412,0.8
constant,original,43,120,4d44dd4d21f404db3b0b785d5d59a737b5a01bcf0afa0588e49c58dfb161cc77,111,"[""Proportional Baseline Exp 1"",""76356479"",""0""]",Proportional,40,3.7630515867547425,0.29178754982151534,0.38766042510996,0.7
constant,original,43,120,4d44dd4d21f404db3b0b785d5d59a737b5a01bcf0afa0588e49c58dfb161cc77,117,"[""Proportional Baseline Exp 1"",""85019022"",""0""]",Proportional,40,5.010485383175761,0.3048332022415646,0.4086313054728029,0.825
linear,original,17,120,c920fe932cf7cfad9e9e5928c07e0b5b5bab4d0732c8bd1d21c9c99063847ee2,11,"[""Equal Baseline Exp 1"",""30843571"",""0""]",Equal,5,3.750039261591975,0.017128993748337866,0.11341607283641504,0.0
linear,original,17,120,c920fe932cf7cfad9e9e5928c07e0b5b5bab4d0732c8bd1d21c9c99063847ee2,13,"[""Equal Baseline Exp 1"",""35368456"",""0""]",Equal,10,2.4679638295943636,0.12305782296760921,0.18914037871127787,0.2
linear,original,17,120,c920fe932cf7cfad9e9e5928c07e0b5b5bab4d0732c8bd1d21c9c99063847ee2,20,"[""Equal Baseline Exp 1"",""40800498"",""0""]",Equal,7,3.0340368050051745,0.01440494509214767,0.11181964664739232,0.0
linear,original,17,120,c920fe932cf7cfad9e9e5928c07e0b5b5bab4d0732c8bd1d21c9c99063847ee2,25,"[""Equal Baseline Exp 1"",""46096247"",""0""]",Equal,12,2.7039935753104207,0.13803820068752148,0.19101208505976797,0.16666666666666666
linear,original,17,120,c920fe932cf7cfad9e9e5928c07e0b5b5bab4d0732c8bd1d21c9c99063847ee2,31,"[""Equal Baseline Exp 1"",""75670883"",""0""]",Equal,5,3.541035203584433,0.01342669899038525,0.10920509653350816,0.0
linear,original,17,120,c920fe932cf7cfad9e9e5928c07e0b5b5bab4d0732c8bd1d21c9c99063847ee2,35,"[""Equal Baseline Exp 1"",""92291462"",""0""]",Equal,7,3.105892362994811,0.03858936423070958,0.16705687713460599,0.0
linear,original,17,120,c920fe932cf7cfad9e9e5928c07e0b5b5bab4d0732c8bd1d21c9c99063847ee2,36,"[""Equal Baseline Exp 1"",""92992435"",""0""]",Equal,13,3.036433719491479,0.023948097654867797,0.1386061860422738,0.0
linear,original,17,120,c920fe932cf7cfad9e9e5928c07e0b5b5bab4d0732c8bd1d21c9c99063847ee2,38,"[""Equal Baseline Exp 1"",""94815040"",""0""]",Equal,4,4.417460541476959,0.022304774869319394,0.14576893687648795,0.0
linear,original,17,120,c920fe932cf7cfad9e9e5928c07e0b5b5bab4d0732c8bd1d21c9c99063847ee2,44,"[""Mixed Baseline Exp 1"",""18823620"",""0""]",Mixed,40,4.2489400553682835,0.39270133919321154,0.19320777284398924,0.575
linear,original,17,120,c920fe932cf7cfad9e9e5928c07e0b5b5bab4d0732c8bd1d21c9c99063847ee2,47,"[""Mixed Baseline Exp 1"",""26185795"",""0""]",Mixed,40,3.6783999164817223,0.289171132783031,0.18047447720140292,0.4
linear,original,17,120,c920fe932cf7cfad9e9e5928c07e0b5b5bab4d0732c8bd1d21c9c99063847ee2,52,"[""Mixed Baseline Exp 1"",""37465807"",""0""]",Mixed,40,4.027477910222169,0.2655503962353477,0.19418558034969605,0.375
linear,original,17,120,c920fe932cf7cfad9e9e5928c07e0b5b5bab4d0732c8bd1d21c9c99063847ee2,57,"[""Mixed Baseline Exp 1"",""47841996"",""0""]",Mixed,10,2.6928697812997586,0.11171802746563561,0.1483175793424633,0.1
linear,original,17,120,c920fe932cf7cfad9e9e5928c07e0b5b5bab4d0732c8bd1d21c9c99063847ee2,60,"[""Mixed Baseline Exp 1"",""50116627"",""0""]",Mixed,36,4.203817012436755,0.3207055738121896,0.25691570614831116,0.5555555555555556
linear,original,17,120,c920fe932cf7cfad9e9e5928c07e0b5b5bab4d0732c8bd1d21c9c99063847ee2,64,"[""Mixed Baseline Exp 1"",""64291720"",""0""]",Mixed,40,3.4738140108452185,0.38047838497377195,0.16930588332177882,0.525
linear,original,17,120,c920fe932cf7cfad9e9e5928c07e0b5b5bab4d0732c8bd1d21c9c99063847ee2,73,"[""Mixed Baseline Exp 1"",""85460730"",""0""]",Mixed,36,3.6293769820374178,0.2288039815123327,0.22428752775916477,0.3333333333333333
linear,original,17,120,c920fe932cf7cfad9e9e5928c07e0b5b5bab4d0732c8bd1d21c9c99063847ee2,78,"[""Mixed Baseline Exp 1"",""95675568"",""0""]",Mixed,12,3.1249278516163588,0.08890159137108772,0.18488358006989494,0.08333333333333333
linear,original,17,120,c920fe932cf7cfad9e9e5928c07e0b5b5bab4d0732c8bd1d21c9c99063847ee2,80,"[""Proportional Baseline Exp 1"",""11095201"",""0""]",Proportional,40,3.968781057978288,0.2318164249869438,0.4716147457812494,0.75
linear,original,17,120,c920fe932cf7cfad9e9e5928c07e0b5b5bab4d0732c8bd1d21c9c99063847ee2,82,"[""Proportional Baseline Exp 1"",""14606420"",""0""]",Proportional,9,2.825959354694678,0.09058708684181924,0.27857869470800223,0.1111111111111111
linear,original,17,120,c920fe932cf7cfad9e9e5928c07e0b5b5bab4d0732c8bd1d21c9c99063847ee2,89,"[""Proportional Baseline Exp 1"",""36303454"",""0""]",Proportional,40,4.628332127590554,0.2264322259220987,0.5218851032441345,0.725
linear,original,17,120,c920fe932cf7cfad9e9e5928c07e0b5b5bab4d0732c8bd1d21c9c99063847ee2,97,"[""Proportional Baseline Exp 1"",""45673270"",""0""]",Proportional,40,4.31233392454998,0.26133478252656817,0.49263329777875936,0.75
linear,original,17,120,c920fe932cf7cfad9e9e5928c07e0b5b5bab4d0732c8bd1d21c9c99063847ee2,104,"[""Proportional Baseline Exp 1"",""63752993"",""0""]",Proportional,40,4.205050499640835,0.16502172419482516,0.5820868479340748,0.9
linear,original,17,120,c920fe932cf7cfad9e9e5928c07e0b5b5bab4d0732c8bd1d21c9c99063847ee2,107,"[""Proportional Baseline Exp 1"",""69384851"",""0""]",Proportional,40,4.140645639407493,0.1300705857433166,0.568784974459801,0.8
linear,original,17,120,c920fe932cf7cfad9e9e5928c07e0b5b5bab4d0732c8bd1d21c9c99063847ee2,111,"[""Proportional Baseline Exp 1"",""76356479"",""0""]",Proportional,40,3.790749672963117,0.2691349715782191,0.4254277140053917,0.7
linear,original,17,120,c920fe932cf7cfad9e9e5928c07e0b5b5bab4d0732c8bd1d21c9c99063847ee2,117,"[""Proportional Baseline Exp 1"",""85019022"",""0""]",Proportional,40,4.705486411419622,0.13231469884498476,0.655812348559915,0.825
linear,original,29,120,1d746fff5df3a3d384c965301ae19af31b63dc48c1d5c4b1f86f1c5d36995c8c,11,"[""Equal Baseline Exp 1"",""30843571"",""0""]",Equal,5,3.7550023992788253,0.017426576240901732,0.1144334542206287,0.0
linear,original,29,120,1d746fff5df3a3d384c965301ae19af31b63dc48c1d5c4b1f86f1c5d36995c8c,13,"[""Equal Baseline Exp 1"",""35368456"",""0""]",Equal,10,2.479891727144957,0.12482721740037253,0.18459730505648547,0.2
linear,original,29,120,1d746fff5df3a3d384c965301ae19af31b63dc48c1d5c4b1f86f1c5d36995c8c,20,"[""Equal Baseline Exp 1"",""40800498"",""0""]",Equal,7,3.0374930742287742,0.014215883561386805,0.11053523498067964,0.0
linear,original,29,120,1d746fff5df3a3d384c965301ae19af31b63dc48c1d5c4b1f86f1c5d36995c8c,25,"[""Equal Baseline Exp 1"",""46096247"",""0""]",Equal,12,2.707759183377087,0.13811471323791655,0.18659589615095773,0.16666666666666666
linear,original,29,120,1d746fff5df3a3d384c965301ae19af31b63dc48c1d5c4b1f86f1c5d36995c8c,31,"[""Equal Baseline Exp 1"",""75670883"",""0""]",Equal,5,3.553009472131231,0.013551802730561186,0.10894903988778101,0.0
linear,original,29,120,1d746fff5df3a3d384c965301ae19af31b63dc48c1d5c4b1f86f1c5d36995c8c,35,"[""Equal Baseline Exp 1"",""92291462"",""0""]",Equal,7,3.097659771453054,0.036974461479880434,0.1639350188538106,0.0
linear,original,29,120,1d746fff5df3a3d384c965301ae19af31b63dc48c1d5c4b1f86f1c5d36995c8c,36,"[""Equal Baseline Exp 1"",""92992435"",""0""]",Equal,13,3.0305831288443157,0.02384422827084315,0.13750087709725747,0.0
linear,original,29,120,1d746fff5df3a3d384c965301ae19af31b63dc48c1d5c4b1f86f1c5d36995c8c,38,"[""Equal Baseline Exp 1"",""94815040"",""0""]",Equal,4,4.439678448635275,0.022189528774317017,0.14559610429644992,0.0
linear,original,29,120,1d746fff5df3a3d384c965301ae19af31b63dc48c1d5c4b1f86f1c5d36995c8c,44,"[""Mixed Baseline Exp 1"",""18823620"",""0""]",Mixed,40,4.24795124180775,0.3938743593485615,0.19253941393192145,0.575
linear,original,29,120,1d746fff5df3a3d384c965301ae19af31b63dc48c1d5c4b1f86f1c5d36995c8c,47,"[""Mixed Baseline Exp 1"",""26185795"",""0""]",Mixed,40,3.679548002530075,0.29078858072519764,0.17865041944667703,0.4
linear,original,29,120,1d746fff5df3a3d384c965301ae19af31b63dc48c1d5c4b1f86f1c5d36995c8c,52,"[""Mixed Baseline Exp 1"",""37465807"",""0""]",Mixed,40,4.0185788276076595,0.264561115741435,0.1959833011360546,0.375
linear,original,29,120,1d746fff5df3a3d384c965301ae19af31b63dc48c1d5c4b1f86f1c5d36995c8c,57,"[""Mixed Baseline Exp 1"",""47841996"",""0""]",Mixed,10,2.697490923617056,0.11153355731567494,0.14600019664958053,0.1
linear,original,29,120,1d746fff5df3a3d384c965301ae19af31b63dc48c1d5c4b1f86f1c5d36995c8c,60,"[""Mixed Baseline Exp 1"",""50116627"",""0""]",Mixed,36,4.196703657512798,0.3184159335739802,0.25738860717421813,0.5555555555555556
linear,original,29,120,1d746fff5df3a3d384c965301ae19af31b63dc48c1d5c4b1f86f1c5d36995c8c,64,"[""Mixed Baseline Exp 1"",""64291720"",""0""]",Mixed,40,3.483275778315554,0.38407017966880713,0.16557856171168664,0.525
linear,original,29,120,1d746fff5df3a3d384c965301ae19af31b63dc48c1d5c4b1f86f1c5d36995c8c,73,"[""Mixed Baseline Exp 1"",""85460730"",""0""]",Mixed,36,3.6255794630316336,0.22809079464097412,0.22268074305185637,0.3333333333333333
linear,original,29,120,1d746fff5df3a3d384c965301ae19af31b63dc48c1d5c4b1f86f1c5d36995c8c,78,"[""Mixed Baseline Exp 1"",""95675568"",""0""]",Mixed,12,3.1286192764905962,0.08894753772161279,0.18070067122396669,0.08333333333333333
linear,original,29,120,1d746fff5df3a3d384c965301ae19af31b63dc48c1d5c4b1f86f1c5d36995c8c,80,"[""Proportional Baseline Exp 1"",""11095201"",""0""]",Proportional,40,3.969489667086349,0.2322235234943606,0.47141573046940105,0.75
linear,original,29,120,1d746fff5df3a3d384c965301ae19af31b63dc48c1d5c4b1f86f1c5d36995c8c,82,"[""Proportional Baseline Exp 1"",""14606420"",""0""]",Proportional,9,2.8159390393824517,0.08957644465122404,0.2754987813776628,0.1111111111111111
linear,original,29,120,1d746fff5df3a3d384c965301ae19af31b63dc48c1d5c4b1f86f1c5d36995c8c,89,"[""Proportional Baseline Exp 1"",""36303454"",""0""]",Proportional,40,4.642073551287696,0.2292777798388439,0.5151143568826116,0.725
linear,original,29,120,1d746fff5df3a3d384c965301ae19af31b63dc48c1d5c4b1f86f1c5d36995c8c,97,"[""Proportional Baseline Exp 1"",""45673270"",""0""]",Proportional,40,4.233627958674757,0.26330996371578824,0.49118686228145575,0.75
linear,original,29,120,1d746fff5df3a3d384c965301ae19af31b63dc48c1d5c4b1f86f1c5d36995c8c,104,"[""Proportional Baseline Exp 1"",""63752993"",""0""]",Proportional,40,4.18497684966555,0.1659338018125957,0.5811784350473694,0.9
linear,original,29,120,1d746fff5df3a3d384c965301ae19af31b63dc48c1d5c4b1f86f1c5d36995c8c,107,"[""Proportional Baseline Exp 1"",""69384851"",""0""]",Proportional,40,4.154178939383206,0.12833220302672296,0.5722145433054185,0.8
linear,original,29,120,1d746fff5df3a3d384c965301ae19af31b63dc48c1d5c4b1f86f1c5d36995c8c,111,"[""Proportional Baseline Exp 1"",""76356479"",""0""]",Proportional,40,3.792496695149562,0.27127557915309974,0.4243673957196841,0.7
linear,original,29,120,1d746fff5df3a3d384c965301ae19af31b63dc48c1d5c4b1f86f1c5d36995c8c,117,"[""Proportional Baseline Exp 1"",""85019022"",""0""]",Proportional,40,4.7241684188185955,0.130778899808876,0.6607737196153244,0.825
linear,original,43,120,cab8a69f36f55fcc0e3e6153b71856e08419caf9d5e6de8e74421260e1f115f9,11,"[""Equal Baseline Exp 1"",""30843571"",""0""]",Equal,5,3.745200432858367,0.01766476071554925,0.11487717198761031,0.0
linear,original,43,120,cab8a69f36f55fcc0e3e6153b71856e08419caf9d5e6de8e74421260e1f115f9,13,"[""Equal Baseline Exp 1"",""35368456"",""0""]",Equal,10,2.483161985420359,0.1263842886232671,0.180376206442335,0.2
linear,original,43,120,cab8a69f36f55fcc0e3e6153b71856e08419caf9d5e6de8e74421260e1f115f9,20,"[""Equal Baseline Exp 1"",""40800498"",""0""]",Equal,7,3.01798918903013,0.01396964905631627,0.10910961383196878,0.0
linear,original,43,120,cab8a69f36f55fcc0e3e6153b71856e08419caf9d5e6de8e74421260e1f115f9,25,"[""Equal Baseline Exp 1"",""46096247"",""0""]",Equal,12,2.716439037337501,0.1385409029411521,0.18229864906490864,0.16666666666666666
linear,original,43,120,cab8a69f36f55fcc0e3e6153b71856e08419caf9d5e6de8e74421260e1f115f9,31,"[""Equal Baseline Exp 1"",""75670883"",""0""]",Equal,5,3.526353816118772,0.013538191657612903,0.1081823742662309,0.0
linear,original,43,120,cab8a69f36f55fcc0e3e6153b71856e08419caf9d5e6de8e74421260e1f115f9,35,"[""Equal Baseline Exp 1"",""92291462"",""0""]",Equal,7,3.0956592794900364,0.035583879791949595,0.16131025034863766,0.0
linear,original,43,120,cab8a69f36f55fcc0e3e6153b71856e08419caf9d5e6de8e74421260e1f115f9,36,"[""Equal Baseline Exp 1"",""92992435"",""0""]",Equal,13,3.0397146625789118,0.023989274691192337,0.13712287993579,0.0
linear,original,43,120,cab8a69f36f55fcc0e3e6153b71856e08419caf9d5e6de8e74421260e1f115f9,38,"[""Equal Baseline Exp 1"",""94815040"",""0""]",Equal,4,4.397539820534189,0.021904509063334323,0.14450131547397826,0.0
linear,original,43,120,cab8a69f36f55fcc0e3e6153b71856e08419caf9d5e6de8e74421260e1f115f9,44,"[""Mixed Baseline Exp 1"",""18823620"",""0""]",Mixed,40,4.250034562760625,0.3948550854859315,0.19240547994996862,0.575
linear,original,43,120,cab8a69f36f55fcc0e3e6153b71856e08419caf9d5e6de8e74421260e1f115f9,47,"[""Mixed Baseline Exp 1"",""26185795"",""0""]",Mixed,40,3.6905591111748337,0.2920713465606476,0.1771414597653195,0.4
linear,original,43,120,cab8a69f36f55fcc0e3e6153b71856e08419caf9d5e6de8e74421260e1f115f9,52,"[""Mixed Baseline Exp 1"",""37465807"",""0""]",Mixed,40,4.021160342625241,0.26359727536934996,0.19793952933099526,0.375
linear,original,43,120,cab8a69f36f55fcc0e3e6153b71856e08419caf9d5e6de8e74421260e1f115f9,57,"[""Mixed Baseline Exp 1"",""47841996"",""0""]",Mixed,10,2.701840476345638,0.11146679904051211,0.14356331116832802,0.1
linear,original,43,120,cab8a69f36f55fcc0e3e6153b71856e08419caf9d5e6de8e74421260e1f115f9,60,"[""Mixed Baseline Exp 1"",""50116627"",""0""]",Mixed,36,4.200032091236232,0.3181616215106849,0.25675503468784355,0.5555555555555556
linear,original,43,120,cab8a69f36f55fcc0e3e6153b71856e08419caf9d5e6de8e74421260e1f115f9,64,"[""Mixed Baseline Exp 1"",""64291720"",""0""]",Mixed,40,3.5001756250959333,0.3866839544728829,0.1627544601888699,0.525
linear,original,43,120,cab8a69f36f55fcc0e3e6153b71856e08419caf9d5e6de8e74421260e1f115f9,73,"[""Mixed Baseline Exp 1"",""85460730"",""0""]",Mixed,36,3.63123747250815,0.22694198383357161,0.22206783906873337,0.3333333333333333
linear,original,43,120,cab8a69f36f55fcc0e3e6153b71856e08419caf9d5e6de8e74421260e1f115f9,78,"[""Mixed Baseline Exp 1"",""95675568"",""0""]",Mixed,12,3.1322371615391007,0.08889252385191726,0.17782051880008232,0.08333333333333333
linear,original,43,120,cab8a69f36f55fcc0e3e6153b71856e08419caf9d5e6de8e74421260e1f115f9,80,"[""Proportional Baseline Exp 1"",""11095201"",""0""]",Proportional,40,3.982220168848344,0.23885016156503855,0.45935055271925734,0.75
linear,original,43,120,cab8a69f36f55fcc0e3e6153b71856e08419caf9d5e6de8e74421260e1f115f9,82,"[""Proportional Baseline Exp 1"",""14606420"",""0""]",Proportional,9,2.81878557924702,0.08884004232058991,0.2725729203317797,0.1111111111111111
linear,original,43,120,cab8a69f36f55fcc0e3e6153b71856e08419caf9d5e6de8e74421260e1f115f9,89,"[""Proportional Baseline Exp 1"",""36303454"",""0""]",Proportional,40,4.659181309800397,0.23217838806942206,0.5114264205042001,0.725
linear,original,43,120,cab8a69f36f55fcc0e3e6153b71856e08419caf9d5e6de8e74421260e1f115f9,97,"[""Proportional Baseline Exp 1"",""45673270"",""0""]",Proportional,40,4.2852426649758915,0.2665902617102442,0.47720355449758,0.75
linear,original,43,120,cab8a69f36f55fcc0e3e6153b71856e08419caf9d5e6de8e74421260e1f115f9,104,"[""Proportional Baseline Exp 1"",""63752993"",""0""]",Proportional,40,4.224045285813796,0.17466149867167763,0.5655489867927381,0.9
linear,original,43,120,cab8a69f36f55fcc0e3e6153b71856e08419caf9d5e6de8e74421260e1f115f9,107,"[""Proportional Baseline Exp 1"",""69384851"",""0""]",Proportional,40,4.192696233141519,0.14175327787266942,0.5483837160825041,0.8
linear,original,43,120,cab8a69f36f55fcc0e3e6153b71856e08419caf9d5e6de8e74421260e1f115f9,111,"[""Proportional Baseline Exp 1"",""76356479"",""0""]",Proportional,40,3.802211573326454,0.2759267332574983,0.4163185252974147,0.7
linear,original,43,120,cab8a69f36f55fcc0e3e6153b71856e08419caf9d5e6de8e74421260e1f115f9,117,"[""Proportional Baseline Exp 1"",""85019022"",""0""]",Proportional,40,4.735166549871684,0.14263765221736863,0.6317818193333613,0.825
feedforward,original,17,109,be65c3cf7720e5805db3f1eeb285d832d662e8b54d5684fc51e051e9ce4032a2,11,"[""Equal Baseline Exp 1"",""30843571"",""0""]",Equal,5,3.7330463738118893,0.003726458460250712,0.04806289385931152,0.0
feedforward,original,17,109,be65c3cf7720e5805db3f1eeb285d832d662e8b54d5684fc51e051e9ce4032a2,13,"[""Equal Baseline Exp 1"",""35368456"",""0""]",Equal,10,2.2362663814371606,0.10596765708291747,0.20042216544167918,0.2
feedforward,original,17,109,be65c3cf7720e5805db3f1eeb285d832d662e8b54d5684fc51e051e9ce4032a2,20,"[""Equal Baseline Exp 1"",""40800498"",""0""]",Equal,7,2.8825805207081427,0.00674072841095437,0.07132930379755247,0.0
feedforward,original,17,109,be65c3cf7720e5805db3f1eeb285d832d662e8b54d5684fc51e051e9ce4032a2,25,"[""Equal Baseline Exp 1"",""46096247"",""0""]",Equal,12,2.519835248286765,0.12565818573327478,0.2003058915398074,0.16666666666666666
feedforward,original,17,109,be65c3cf7720e5805db3f1eeb285d832d662e8b54d5684fc51e051e9ce4032a2,31,"[""Equal Baseline Exp 1"",""75670883"",""0""]",Equal,5,3.5252162155806794,0.006356198535726218,0.06812855491805034,0.0
feedforward,original,17,109,be65c3cf7720e5805db3f1eeb285d832d662e8b54d5684fc51e051e9ce4032a2,35,"[""Equal Baseline Exp 1"",""92291462"",""0""]",Equal,7,3.095514578499055,0.0512632731922262,0.15530602223253995,0.0
feedforward,original,17,109,be65c3cf7720e5805db3f1eeb285d832d662e8b54d5684fc51e051e9ce4032a2,36,"[""Equal Baseline Exp 1"",""92992435"",""0""]",Equal,13,3.0196699198908323,0.012897694779053576,0.09296510046005098,0.0
feedforward,original,17,109,be65c3cf7720e5805db3f1eeb285d832d662e8b54d5684fc51e051e9ce4032a2,38,"[""Equal Baseline Exp 1"",""94815040"",""0""]",Equal,4,4.249803557057873,0.006721939169248532,0.07329962931270671,0.0
feedforward,original,17,109,be65c3cf7720e5805db3f1eeb285d832d662e8b54d5684fc51e051e9ce4032a2,44,"[""Mixed Baseline Exp 1"",""18823620"",""0""]",Mixed,40,4.64756643396688,0.4593168196093996,0.1336313651722476,0.575
feedforward,original,17,109,be65c3cf7720e5805db3f1eeb285d832d662e8b54d5684fc51e051e9ce4032a2,47,"[""Mixed Baseline Exp 1"",""26185795"",""0""]",Mixed,40,3.879664246405402,0.32656091691606576,0.09903339510867804,0.4
feedforward,original,17,109,be65c3cf7720e5805db3f1eeb285d832d662e8b54d5684fc51e051e9ce4032a2,52,"[""Mixed Baseline Exp 1"",""37465807"",""0""]",Mixed,40,4.341153043311451,0.3197500725412493,0.0939745432225843,0.375
feedforward,original,17,109,be65c3cf7720e5805db3f1eeb285d832d662e8b54d5684fc51e051e9ce4032a2,57,"[""Mixed Baseline Exp 1"",""47841996"",""0""]",Mixed,10,2.5490376274976994,0.10083381786142595,0.13268722982918538,0.1
feedforward,original,17,109,be65c3cf7720e5805db3f1eeb285d832d662e8b54d5684fc51e051e9ce4032a2,60,"[""Mixed Baseline Exp 1"",""50116627"",""0""]",Mixed,36,4.2022168391591865,0.3126676340033051,0.2748403177233839,0.5555555555555556
feedforward,original,17,109,be65c3cf7720e5805db3f1eeb285d832d662e8b54d5684fc51e051e9ce4032a2,64,"[""Mixed Baseline Exp 1"",""64291720"",""0""]",Mixed,40,3.643771883502913,0.4262014822107664,0.10365475491035774,0.525
feedforward,original,17,109,be65c3cf7720e5805db3f1eeb285d832d662e8b54d5684fc51e051e9ce4032a2,73,"[""Mixed Baseline Exp 1"",""85460730"",""0""]",Mixed,36,3.5756689807045436,0.22864082066404703,0.21664884878712062,0.3333333333333333
feedforward,original,17,109,be65c3cf7720e5805db3f1eeb285d832d662e8b54d5684fc51e051e9ce4032a2,78,"[""Mixed Baseline Exp 1"",""95675568"",""0""]",Mixed,12,2.9933357194688397,0.07771455421599927,0.14782507924524477,0.08333333333333333
feedforward,original,17,109,be65c3cf7720e5805db3f1eeb285d832d662e8b54d5684fc51e051e9ce4032a2,80,"[""Proportional Baseline Exp 1"",""11095201"",""0""]",Proportional,40,3.5174796306407146,0.18386214807160947,0.5377324036821431,0.75
feedforward,original,17,109,be65c3cf7720e5805db3f1eeb285d832d662e8b54d5684fc51e051e9ce4032a2,82,"[""Proportional Baseline Exp 1"",""14606420"",""0""]",Proportional,9,2.903140619550246,0.09417827125511644,0.2779894083789824,0.1111111111111111
feedforward,original,17,109,be65c3cf7720e5805db3f1eeb285d832d662e8b54d5684fc51e051e9ce4032a2,89,"[""Proportional Baseline Exp 1"",""36303454"",""0""]",Proportional,40,4.473399532216101,0.21630890046394105,0.7584088502377285,0.725
feedforward,original,17,109,be65c3cf7720e5805db3f1eeb285d832d662e8b54d5684fc51e051e9ce4032a2,97,"[""Proportional Baseline Exp 1"",""45673270"",""0""]",Proportional,40,4.067037715616546,0.23373318069354623,0.612447098380988,0.75
feedforward,original,17,109,be65c3cf7720e5805db3f1eeb285d832d662e8b54d5684fc51e051e9ce4032a2,104,"[""Proportional Baseline Exp 1"",""63752993"",""0""]",Proportional,40,4.074947057020088,0.0896598803096526,0.7146258362500146,0.9
feedforward,original,17,109,be65c3cf7720e5805db3f1eeb285d832d662e8b54d5684fc51e051e9ce4032a2,107,"[""Proportional Baseline Exp 1"",""69384851"",""0""]",Proportional,40,4.013280464646135,0.10965478488021892,0.6038939511002035,0.8
feedforward,original,17,109,be65c3cf7720e5805db3f1eeb285d832d662e8b54d5684fc51e051e9ce4032a2,111,"[""Proportional Baseline Exp 1"",""76356479"",""0""]",Proportional,40,3.5335456776544576,0.22923762153026983,0.5009897535743708,0.7
feedforward,original,17,109,be65c3cf7720e5805db3f1eeb285d832d662e8b54d5684fc51e051e9ce4032a2,117,"[""Proportional Baseline Exp 1"",""85019022"",""0""]",Proportional,40,4.326246919873036,0.1308124512900201,0.6760297556570416,0.825
feedforward,original,29,116,72769aecba837a6103debf4e06eb9657c7c975953a6c9238c6f38ec4da84fe6f,11,"[""Equal Baseline Exp 1"",""30843571"",""0""]",Equal,5,3.8053637969726415,0.00507752549766071,0.05628212360970301,0.0
feedforward,original,29,116,72769aecba837a6103debf4e06eb9657c7c975953a6c9238c6f38ec4da84fe6f,13,"[""Equal Baseline Exp 1"",""35368456"",""0""]",Equal,10,2.2486064670346075,0.10628537610656219,0.20104744976168312,0.2
feedforward,original,29,116,72769aecba837a6103debf4e06eb9657c7c975953a6c9238c6f38ec4da84fe6f,20,"[""Equal Baseline Exp 1"",""40800498"",""0""]",Equal,7,2.908469858391006,0.007774109643112472,0.07764002421828624,0.0
feedforward,original,29,116,72769aecba837a6103debf4e06eb9657c7c975953a6c9238c6f38ec4da84fe6f,25,"[""Equal Baseline Exp 1"",""46096247"",""0""]",Equal,12,2.5351629480373528,0.12728439581705522,0.20508408023951089,0.16666666666666666
feedforward,original,29,116,72769aecba837a6103debf4e06eb9657c7c975953a6c9238c6f38ec4da84fe6f,31,"[""Equal Baseline Exp 1"",""75670883"",""0""]",Equal,5,3.5758742356193105,0.0067428999734463315,0.07175789952224983,0.0
feedforward,original,29,116,72769aecba837a6103debf4e06eb9657c7c975953a6c9238c6f38ec4da84fe6f,35,"[""Equal Baseline Exp 1"",""92291462"",""0""]",Equal,7,3.1402713763426027,0.051481308635868514,0.1592580639867083,0.0
feedforward,original,29,116,72769aecba837a6103debf4e06eb9657c7c975953a6c9238c6f38ec4da84fe6f,36,"[""Equal Baseline Exp 1"",""92992435"",""0""]",Equal,13,2.9968642372424137,0.01450130099789303,0.10089144474269965,0.0
feedforward,original,29,116,72769aecba837a6103debf4e06eb9657c7c975953a6c9238c6f38ec4da84fe6f,38,"[""Equal Baseline Exp 1"",""94815040"",""0""]",Equal,4,4.3290941155613245,0.00815383336985375,0.08096173861973069,0.0
feedforward,original,29,116,72769aecba837a6103debf4e06eb9657c7c975953a6c9238c6f38ec4da84fe6f,44,"[""Mixed Baseline Exp 1"",""18823620"",""0""]",Mixed,40,4.576182566023936,0.44989019542140996,0.14666395759157122,0.575
feedforward,original,29,116,72769aecba837a6103debf4e06eb9657c7c975953a6c9238c6f38ec4da84fe6f,47,"[""Mixed Baseline Exp 1"",""26185795"",""0""]",Mixed,40,3.7971060983349547,0.3200611242311052,0.11160410593446683,0.4
feedforward,original,29,116,72769aecba837a6103debf4e06eb9657c7c975953a6c9238c6f38ec4da84fe6f,52,"[""Mixed Baseline Exp 1"",""37465807"",""0""]",Mixed,40,4.212209562503071,0.3089957608139676,0.11047192429403493,0.375
feedforward,original,29,116,72769aecba837a6103debf4e06eb9657c7c975953a6c9238c6f38ec4da84fe6f,57,"[""Mixed Baseline Exp 1"",""47841996"",""0""]",Mixed,10,2.576656588472453,0.10271318095845408,0.13938025978033008,0.1
feedforward,original,29,116,72769aecba837a6103debf4e06eb9657c7c975953a6c9238c6f38ec4da84fe6f,60,"[""Mixed Baseline Exp 1"",""50116627"",""0""]",Mixed,36,4.188197716233108,0.3034664248639603,0.2917535955354912,0.5555555555555556
feedforward,original,29,116,72769aecba837a6103debf4e06eb9657c7c975953a6c9238c6f38ec4da84fe6f,64,"[""Mixed Baseline Exp 1"",""64291720"",""0""]",Mixed,40,3.5598016067338976,0.4154784756511482,0.11678464862029954,0.525
feedforward,original,29,116,72769aecba837a6103debf4e06eb9657c7c975953a6c9238c6f38ec4da84fe6f,73,"[""Mixed Baseline Exp 1"",""85460730"",""0""]",Mixed,36,3.5567364763865275,0.22619815271482574,0.2245095539076401,0.3333333333333333
feedforward,original,29,116,72769aecba837a6103debf4e06eb9657c7c975953a6c9238c6f38ec4da84fe6f,78,"[""Mixed Baseline Exp 1"",""95675568"",""0""]",Mixed,12,2.9978082388473712,0.07981550218936395,0.15408943075501766,0.08333333333333333
feedforward,original,29,116,72769aecba837a6103debf4e06eb9657c7c975953a6c9238c6f38ec4da84fe6f,80,"[""Proportional Baseline Exp 1"",""11095201"",""0""]",Proportional,40,3.507895202495816,0.18528866216376239,0.5371092957745809,0.75
feedforward,original,29,116,72769aecba837a6103debf4e06eb9657c7c975953a6c9238c6f38ec4da84fe6f,82,"[""Proportional Baseline Exp 1"",""14606420"",""0""]",Proportional,9,2.915476582686235,0.09390081843149051,0.2798506271427681,0.1111111111111111
feedforward,original,29,116,72769aecba837a6103debf4e06eb9657c7c975953a6c9238c6f38ec4da84fe6f,89,"[""Proportional Baseline Exp 1"",""36303454"",""0""]",Proportional,40,4.492528586721017,0.22149274195724006,0.7893187685578064,0.725
feedforward,original,29,116,72769aecba837a6103debf4e06eb9657c7c975953a6c9238c6f38ec4da84fe6f,97,"[""Proportional Baseline Exp 1"",""45673270"",""0""]",Proportional,40,4.049600783434697,0.22532508207929566,0.6294280787249494,0.75
feedforward,original,29,116,72769aecba837a6103debf4e06eb9657c7c975953a6c9238c6f38ec4da84fe6f,104,"[""Proportional Baseline Exp 1"",""63752993"",""0""]",Proportional,40,4.0767801980396685,0.08050896350899443,0.7383422578857072,0.9
feedforward,original,29,116,72769aecba837a6103debf4e06eb9657c7c975953a6c9238c6f38ec4da84fe6f,107,"[""Proportional Baseline Exp 1"",""69384851"",""0""]",Proportional,40,3.9869011067233524,0.10786979721048362,0.6122199865089042,0.8
feedforward,original,29,116,72769aecba837a6103debf4e06eb9657c7c975953a6c9238c6f38ec4da84fe6f,111,"[""Proportional Baseline Exp 1"",""76356479"",""0""]",Proportional,40,3.5224611516854067,0.23409142421160234,0.4985710703050815,0.7
feedforward,original,29,116,72769aecba837a6103debf4e06eb9657c7c975953a6c9238c6f38ec4da84fe6f,117,"[""Proportional Baseline Exp 1"",""85019022"",""0""]",Proportional,40,4.3534785738632,0.1204705931250956,0.7031355996828879,0.825
feedforward,original,43,117,9f2316808439affb020d8d2382b50d0d5f2fa551c8451ed4228e82821cebbe18,11,"[""Equal Baseline Exp 1"",""30843571"",""0""]",Equal,5,3.7008788943072553,0.003354397500018453,0.04684429503247269,0.0
feedforward,original,43,117,9f2316808439affb020d8d2382b50d0d5f2fa551c8451ed4228e82821cebbe18,13,"[""Equal Baseline Exp 1"",""35368456"",""0""]",Equal,10,2.21391975784037,0.10428223674947931,0.21765307410349694,0.2
feedforward,original,43,117,9f2316808439affb020d8d2382b50d0d5f2fa551c8451ed4228e82821cebbe18,20,"[""Equal Baseline Exp 1"",""40800498"",""0""]",Equal,7,2.913115043378313,0.007700427588434166,0.07478977292950371,0.0
feedforward,original,43,117,9f2316808439affb020d8d2382b50d0d5f2fa551c8451ed4228e82821cebbe18,25,"[""Equal Baseline Exp 1"",""46096247"",""0""]",Equal,12,2.5170430632626934,0.12660636156544816,0.22010575744679114,0.16666666666666666
feedforward,original,43,117,9f2316808439affb020d8d2382b50d0d5f2fa551c8451ed4228e82821cebbe18,31,"[""Equal Baseline Exp 1"",""75670883"",""0""]",Equal,5,3.5584990505849574,0.008211365026484198,0.07523653203074462,0.0
feedforward,original,43,117,9f2316808439affb020d8d2382b50d0d5f2fa551c8451ed4228e82821cebbe18,35,"[""Equal Baseline Exp 1"",""92291462"",""0""]",Equal,7,3.1090932608508375,0.062367629899023544,0.16933078644875652,0.0
feedforward,original,43,117,9f2316808439affb020d8d2382b50d0d5f2fa551c8451ed4228e82821cebbe18,36,"[""Equal Baseline Exp 1"",""92992435"",""0""]",Equal,13,3.0254168298191972,0.014675559882271639,0.09855874580463989,0.0
feedforward,original,43,117,9f2316808439affb020d8d2382b50d0d5f2fa551c8451ed4228e82821cebbe18,38,"[""Equal Baseline Exp 1"",""94815040"",""0""]",Equal,4,4.215789133290345,0.005539407112837093,0.0679599074814499,0.0
feedforward,original,43,117,9f2316808439affb020d8d2382b50d0d5f2fa551c8451ed4228e82821cebbe18,44,"[""Mixed Baseline Exp 1"",""18823620"",""0""]",Mixed,40,4.631015410415819,0.4593040011108984,0.13484414169110542,0.575
feedforward,original,43,117,9f2316808439affb020d8d2382b50d0d5f2fa551c8451ed4228e82821cebbe18,47,"[""Mixed Baseline Exp 1"",""26185795"",""0""]",Mixed,40,3.913348435658519,0.33118224098508015,0.09720683094371753,0.4
feedforward,original,43,117,9f2316808439affb020d8d2382b50d0d5f2fa551c8451ed4228e82821cebbe18,52,"[""Mixed Baseline Exp 1"",""37465807"",""0""]",Mixed,40,4.274517379957598,0.31275080098188957,0.10604075238931558,0.375
feedforward,original,43,117,9f2316808439affb020d8d2382b50d0d5f2fa551c8451ed4228e82821cebbe18,57,"[""Mixed Baseline Exp 1"",""47841996"",""0""]",Mixed,10,2.5454826414344103,0.10074964121886046,0.14336569124747592,0.1
feedforward,original,43,117,9f2316808439affb020d8d2382b50d0d5f2fa551c8451ed4228e82821cebbe18,60,"[""Mixed Baseline Exp 1"",""50116627"",""0""]",Mixed,36,4.145505383031816,0.29254004808941214,0.30042751407902896,0.5555555555555556
feedforward,original,43,117,9f2316808439affb020d8d2382b50d0d5f2fa551c8451ed4228e82821cebbe18,64,"[""Mixed Baseline Exp 1"",""64291720"",""0""]",Mixed,40,3.7446924462821514,0.43861689839558926,0.0922967212464861,0.525
feedforward,original,43,117,9f2316808439affb020d8d2382b50d0d5f2fa551c8451ed4228e82821cebbe18,73,"[""Mixed Baseline Exp 1"",""85460730"",""0""]",Mixed,36,3.5478346377832923,0.22268111723574346,0.22341618911055974,0.3333333333333333
feedforward,original,43,117,9f2316808439affb020d8d2382b50d0d5f2fa551c8451ed4228e82821cebbe18,78,"[""Mixed Baseline Exp 1"",""95675568"",""0""]",Mixed,12,3.004936244121792,0.0761685855895603,0.1531766322518107,0.08333333333333333
feedforward,original,43,117,9f2316808439affb020d8d2382b50d0d5f2fa551c8451ed4228e82821cebbe18,80,"[""Proportional Baseline Exp 1"",""11095201"",""0""]",Proportional,40,3.4899411243274043,0.17189162524450502,0.5640361191842268,0.75
feedforward,original,43,117,9f2316808439affb020d8d2382b50d0d5f2fa551c8451ed4228e82821cebbe18,82,"[""Proportional Baseline Exp 1"",""14606420"",""0""]",Proportional,9,2.918561987956098,0.10469799617636867,0.30048261608479404,0.1111111111111111
feedforward,original,43,117,9f2316808439affb020d8d2382b50d0d5f2fa551c8451ed4228e82821cebbe18,89,"[""Proportional Baseline Exp 1"",""36303454"",""0""]",Proportional,40,4.5036089204858785,0.21602752410368292,0.7782758671221204,0.725
feedforward,original,43,117,9f2316808439affb020d8d2382b50d0d5f2fa551c8451ed4228e82821cebbe18,97,"[""Proportional Baseline Exp 1"",""45673270"",""0""]",Proportional,40,4.000165034774251,0.22235564453688497,0.6330196379489024,0.75
feedforward,original,43,117,9f2316808439affb020d8d2382b50d0d5f2fa551c8451ed4228e82821cebbe18,104,"[""Proportional Baseline Exp 1"",""63752993"",""0""]",Proportional,40,4.056547858226077,0.08217472959404475,0.7355593638916574,0.9
feedforward,original,43,117,9f2316808439affb020d8d2382b50d0d5f2fa551c8451ed4228e82821cebbe18,107,"[""Proportional Baseline Exp 1"",""69384851"",""0""]",Proportional,40,3.9729381971378857,0.10210666761707747,0.623160692764231,0.8
feedforward,original,43,117,9f2316808439affb020d8d2382b50d0d5f2fa551c8451ed4228e82821cebbe18,111,"[""Proportional Baseline Exp 1"",""76356479"",""0""]",Proportional,40,3.491790221983063,0.21502403881300697,0.5242202028349675,0.7
feedforward,original,43,117,9f2316808439affb020d8d2382b50d0d5f2fa551c8451ed4228e82821cebbe18,117,"[""Proportional Baseline Exp 1"",""85019022"",""0""]",Proportional,40,4.3597251799191925,0.11829779092819084,0.7198381486487136,0.825
recurrent,original,17,116,4146b729f335ff47d4f2e59c62a77fc77d8cdc8db568839126dcc5cf41f884a7,11,"[""Equal Baseline Exp 1"",""30843571"",""0""]",Equal,5,3.2389224379834176,0.0003740772287277701,0.01674496687875405,0.0
recurrent,original,17,116,4146b729f335ff47d4f2e59c62a77fc77d8cdc8db568839126dcc5cf41f884a7,13,"[""Equal Baseline Exp 1"",""35368456"",""0""]",Equal,10,2.241204895663002,0.13003015748042315,0.13647086572805517,0.2
recurrent,original,17,116,4146b729f335ff47d4f2e59c62a77fc77d8cdc8db568839126dcc5cf41f884a7,20,"[""Equal Baseline Exp 1"",""40800498"",""0""]",Equal,7,2.777472242430092,0.0010793099433238224,0.024804428126127542,0.0
recurrent,original,17,116,4146b729f335ff47d4f2e59c62a77fc77d8cdc8db568839126dcc5cf41f884a7,25,"[""Equal Baseline Exp 1"",""46096247"",""0""]",Equal,12,2.498429012846357,0.12492495054418891,0.1777104667663726,0.16666666666666666
recurrent,original,17,116,4146b729f335ff47d4f2e59c62a77fc77d8cdc8db568839126dcc5cf41f884a7,31,"[""Equal Baseline Exp 1"",""75670883"",""0""]",Equal,5,2.838508954002828,0.00043317094498364643,0.017429780393075345,0.0
recurrent,original,17,116,4146b729f335ff47d4f2e59c62a77fc77d8cdc8db568839126dcc5cf41f884a7,35,"[""Equal Baseline Exp 1"",""92291462"",""0""]",Equal,7,2.726386471746639,0.02049217497867378,0.07792334611079524,0.0
recurrent,original,17,116,4146b729f335ff47d4f2e59c62a77fc77d8cdc8db568839126dcc5cf41f884a7,36,"[""Equal Baseline Exp 1"",""92992435"",""0""]",Equal,13,3.0712685400166992,0.027245415483307032,0.14546077705067706,0.0
recurrent,original,17,116,4146b729f335ff47d4f2e59c62a77fc77d8cdc8db568839126dcc5cf41f884a7,38,"[""Equal Baseline Exp 1"",""94815040"",""0""]",Equal,4,3.6098802516549027,0.00028573664933709286,0.01557564562295663,0.0
recurrent,original,17,116,4146b729f335ff47d4f2e59c62a77fc77d8cdc8db568839126dcc5cf41f884a7,44,"[""Mixed Baseline Exp 1"",""18823620"",""0""]",Mixed,40,3.859111595401898,0.2451518004782285,0.4561945625701849,0.575
recurrent,original,17,116,4146b729f335ff47d4f2e59c62a77fc77d8cdc8db568839126dcc5cf41f884a7,47,"[""Mixed Baseline Exp 1"",""26185795"",""0""]",Mixed,40,3.214767407111245,0.2307255617025688,0.40735684657121907,0.4
recurrent,original,17,116,4146b729f335ff47d4f2e59c62a77fc77d8cdc8db568839126dcc5cf41f884a7,52,"[""Mixed Baseline Exp 1"",""37465807"",""0""]",Mixed,40,3.666401829654734,0.2341969319898037,0.44717361943669953,0.375
recurrent,original,17,116,4146b729f335ff47d4f2e59c62a77fc77d8cdc8db568839126dcc5cf41f884a7,57,"[""Mixed Baseline Exp 1"",""47841996"",""0""]",Mixed,10,2.475104899321879,0.09843382647545458,0.09208849821415843,0.1
recurrent,original,17,116,4146b729f335ff47d4f2e59c62a77fc77d8cdc8db568839126dcc5cf41f884a7,60,"[""Mixed Baseline Exp 1"",""50116627"",""0""]",Mixed,36,4.10058128998224,0.24427945434595225,0.3976701390408119,0.5555555555555556
recurrent,original,17,116,4146b729f335ff47d4f2e59c62a77fc77d8cdc8db568839126dcc5cf41f884a7,64,"[""Mixed Baseline Exp 1"",""64291720"",""0""]",Mixed,40,2.88582505859675,0.24430795852542725,0.39041697034048395,0.525
recurrent,original,17,116,4146b729f335ff47d4f2e59c62a77fc77d8cdc8db568839126dcc5cf41f884a7,73,"[""Mixed Baseline Exp 1"",""85460730"",""0""]",Mixed,36,3.5798697117930383,0.2838229333130123,0.4574626601237455,0.3333333333333333
recurrent,original,17,116,4146b729f335ff47d4f2e59c62a77fc77d8cdc8db568839126dcc5cf41f884a7,78,"[""Mixed Baseline Exp 1"",""95675568"",""0""]",Mixed,12,3.1143254736886106,0.0756183419600845,0.14486437165931917,0.08333333333333333
recurrent,original,17,116,4146b729f335ff47d4f2e59c62a77fc77d8cdc8db568839126dcc5cf41f884a7,80,"[""Proportional Baseline Exp 1"",""11095201"",""0""]",Proportional,40,3.4568986688908394,0.16508803542878883,0.56133544158022,0.75
recurrent,original,17,116,4146b729f335ff47d4f2e59c62a77fc77d8cdc8db568839126dcc5cf41f884a7,82,"[""Proportional Baseline Exp 1"",""14606420"",""0""]",Proportional,9,2.724942361101688,0.07503479964453279,0.21464921798281425,0.1111111111111111
recurrent,original,17,116,4146b729f335ff47d4f2e59c62a77fc77d8cdc8db568839126dcc5cf41f884a7,89,"[""Proportional Baseline Exp 1"",""36303454"",""0""]",Proportional,40,4.474257955917162,0.19848479007401534,0.7218247153940687,0.725
recurrent,original,17,116,4146b729f335ff47d4f2e59c62a77fc77d8cdc8db568839126dcc5cf41f884a7,97,"[""Proportional Baseline Exp 1"",""45673270"",""0""]",Proportional,40,4.0164059002006915,0.1889495529956265,0.6308757973351458,0.75
recurrent,original,17,116,4146b729f335ff47d4f2e59c62a77fc77d8cdc8db568839126dcc5cf41f884a7,104,"[""Proportional Baseline Exp 1"",""63752993"",""0""]",Proportional,40,4.104062233586168,0.10129275289168597,0.6759117035982758,0.9
recurrent,original,17,116,4146b729f335ff47d4f2e59c62a77fc77d8cdc8db568839126dcc5cf41f884a7,107,"[""Proportional Baseline Exp 1"",""69384851"",""0""]",Proportional,40,3.9854433016692346,0.09237128290718134,0.6148913547585654,0.8
recurrent,original,17,116,4146b729f335ff47d4f2e59c62a77fc77d8cdc8db568839126dcc5cf41f884a7,111,"[""Proportional Baseline Exp 1"",""76356479"",""0""]",Proportional,40,3.5006778978050788,0.206826025662393,0.5619067734636983,0.7
recurrent,original,17,116,4146b729f335ff47d4f2e59c62a77fc77d8cdc8db568839126dcc5cf41f884a7,117,"[""Proportional Baseline Exp 1"",""85019022"",""0""]",Proportional,40,4.4575701222054995,0.12844397273699157,0.6988580447833591,0.825
recurrent,original,29,117,25143274613b933909fde59f9c7829f73581c5edb821787fdf4efeb1c2169091,11,"[""Equal Baseline Exp 1"",""30843571"",""0""]",Equal,5,3.2816366574759392,0.00039826239672774747,0.01740682453380761,0.0
recurrent,original,29,117,25143274613b933909fde59f9c7829f73581c5edb821787fdf4efeb1c2169091,13,"[""Equal Baseline Exp 1"",""35368456"",""0""]",Equal,10,2.232895785247057,0.12928971824317284,0.1396916707608527,0.2
recurrent,original,29,117,25143274613b933909fde59f9c7829f73581c5edb821787fdf4efeb1c2169091,20,"[""Equal Baseline Exp 1"",""40800498"",""0""]",Equal,7,2.772662368748778,0.001174824957589351,0.026451991584957837,0.0
recurrent,original,29,117,25143274613b933909fde59f9c7829f73581c5edb821787fdf4efeb1c2169091,25,"[""Equal Baseline Exp 1"",""46096247"",""0""]",Equal,12,2.4987165090904404,0.12633813830048954,0.18077927754726178,0.16666666666666666
recurrent,original,29,117,25143274613b933909fde59f9c7829f73581c5edb821787fdf4efeb1c2169091,31,"[""Equal Baseline Exp 1"",""75670883"",""0""]",Equal,5,2.862960344511044,0.0004660370509492067,0.018161218589788967,0.0
recurrent,original,29,117,25143274613b933909fde59f9c7829f73581c5edb821787fdf4efeb1c2169091,35,"[""Equal Baseline Exp 1"",""92291462"",""0""]",Equal,7,2.7218750130375526,0.02057312828009687,0.07895099779871484,0.0
recurrent,original,29,117,25143274613b933909fde59f9c7829f73581c5edb821787fdf4efeb1c2169091,36,"[""Equal Baseline Exp 1"",""92992435"",""0""]",Equal,13,3.0913465208616597,0.03208912774533493,0.15615752043060133,0.0
recurrent,original,29,117,25143274613b933909fde59f9c7829f73581c5edb821787fdf4efeb1c2169091,38,"[""Equal Baseline Exp 1"",""94815040"",""0""]",Equal,4,3.630749807538181,0.00032238472330749056,0.016702917267158897,0.0
recurrent,original,29,117,25143274613b933909fde59f9c7829f73581c5edb821787fdf4efeb1c2169091,44,"[""Mixed Baseline Exp 1"",""18823620"",""0""]",Mixed,40,3.847905346541426,0.23540225661562486,0.5011058857736478,0.575
recurrent,original,29,117,25143274613b933909fde59f9c7829f73581c5edb821787fdf4efeb1c2169091,47,"[""Mixed Baseline Exp 1"",""26185795"",""0""]",Mixed,40,3.2110019677070967,0.23644029656477433,0.4580470587448344,0.4
recurrent,original,29,117,25143274613b933909fde59f9c7829f73581c5edb821787fdf4efeb1c2169091,52,"[""Mixed Baseline Exp 1"",""37465807"",""0""]",Mixed,40,3.6817398820377347,0.24697657612606033,0.4953476222542695,0.375
recurrent,original,29,117,25143274613b933909fde59f9c7829f73581c5edb821787fdf4efeb1c2169091,57,"[""Mixed Baseline Exp 1"",""47841996"",""0""]",Mixed,10,2.469559883062,0.0987811340398742,0.09479692735391601,0.1
recurrent,original,29,117,25143274613b933909fde59f9c7829f73581c5edb821787fdf4efeb1c2169091,60,"[""Mixed Baseline Exp 1"",""50116627"",""0""]",Mixed,36,4.11245811090544,0.24293238386611538,0.405592900230106,0.5555555555555556
recurrent,original,29,117,25143274613b933909fde59f9c7829f73581c5edb821787fdf4efeb1c2169091,64,"[""Mixed Baseline Exp 1"",""64291720"",""0""]",Mixed,40,2.8686916853188817,0.23918770132488923,0.4395316334128524,0.525
recurrent,original,29,117,25143274613b933909fde59f9c7829f73581c5edb821787fdf4efeb1c2169091,73,"[""Mixed Baseline Exp 1"",""85460730"",""0""]",Mixed,36,3.622582476984407,0.3018045590813891,0.4802335130580395,0.3333333333333333
recurrent,original,29,117,25143274613b933909fde59f9c7829f73581c5edb821787fdf4efeb1c2169091,78,"[""Mixed Baseline Exp 1"",""95675568"",""0""]",Mixed,12,3.102334199894452,0.07811509654326905,0.15425566499003074,0.08333333333333333
recurrent,original,29,117,25143274613b933909fde59f9c7829f73581c5edb821787fdf4efeb1c2169091,80,"[""Proportional Baseline Exp 1"",""11095201"",""0""]",Proportional,40,3.466254260442976,0.15604745482376728,0.5876615242412699,0.75
recurrent,original,29,117,25143274613b933909fde59f9c7829f73581c5edb821787fdf4efeb1c2169091,82,"[""Proportional Baseline Exp 1"",""14606420"",""0""]",Proportional,9,2.7623322904887693,0.07544712701182352,0.21645312602098082,0.1111111111111111
recurrent,original,29,117,25143274613b933909fde59f9c7829f73581c5edb821787fdf4efeb1c2169091,89,"[""Proportional Baseline Exp 1"",""36303454"",""0""]",Proportional,40,4.4998095070109185,0.1989968144607169,0.7147698930685878,0.725
recurrent,original,29,117,25143274613b933909fde59f9c7829f73581c5edb821787fdf4efeb1c2169091,97,"[""Proportional Baseline Exp 1"",""45673270"",""0""]",Proportional,40,4.014379712652563,0.18527392735286105,0.6386890341698745,0.75
recurrent,original,29,117,25143274613b933909fde59f9c7829f73581c5edb821787fdf4efeb1c2169091,104,"[""Proportional Baseline Exp 1"",""63752993"",""0""]",Proportional,40,4.095183342307827,0.09141240579558496,0.6917536717934647,0.9
recurrent,original,29,117,25143274613b933909fde59f9c7829f73581c5edb821787fdf4efeb1c2169091,107,"[""Proportional Baseline Exp 1"",""69384851"",""0""]",Proportional,40,3.9375051901777574,0.08274595671956411,0.6396523672351746,0.8
recurrent,original,29,117,25143274613b933909fde59f9c7829f73581c5edb821787fdf4efeb1c2169091,111,"[""Proportional Baseline Exp 1"",""76356479"",""0""]",Proportional,40,3.524775759490352,0.2030001070801192,0.5857921379674433,0.7
recurrent,original,29,117,25143274613b933909fde59f9c7829f73581c5edb821787fdf4efeb1c2169091,117,"[""Proportional Baseline Exp 1"",""85019022"",""0""]",Proportional,40,4.538282132690488,0.12352347129654392,0.7329740180239297,0.825
recurrent,original,43,113,83ea46a7c1f7b5874d32f28d7a0a26cb3f07d77bf57f1682801d3ac26bed14d2,11,"[""Equal Baseline Exp 1"",""30843571"",""0""]",Equal,5,3.2487433798579404,0.0003361848306403689,0.01592707517378724,0.0
recurrent,original,43,113,83ea46a7c1f7b5874d32f28d7a0a26cb3f07d77bf57f1682801d3ac26bed14d2,13,"[""Equal Baseline Exp 1"",""35368456"",""0""]",Equal,10,2.2431289957228566,0.13203571399367586,0.13681886920119424,0.2
recurrent,original,43,113,83ea46a7c1f7b5874d32f28d7a0a26cb3f07d77bf57f1682801d3ac26bed14d2,20,"[""Equal Baseline Exp 1"",""40800498"",""0""]",Equal,7,2.7717761045045566,0.0009740408382591712,0.023161688494249735,0.0
recurrent,original,43,113,83ea46a7c1f7b5874d32f28d7a0a26cb3f07d77bf57f1682801d3ac26bed14d2,25,"[""Equal Baseline Exp 1"",""46096247"",""0""]",Equal,12,2.5034728532311323,0.12640369337668092,0.1775528301268842,0.16666666666666666
recurrent,original,43,113,83ea46a7c1f7b5874d32f28d7a0a26cb3f07d77bf57f1682801d3ac26bed14d2,31,"[""Equal Baseline Exp 1"",""75670883"",""0""]",Equal,5,2.820640116230623,0.0003741996892883015,0.016053540950822908,0.0
recurrent,original,43,113,83ea46a7c1f7b5874d32f28d7a0a26cb3f07d77bf57f1682801d3ac26bed14d2,35,"[""Equal Baseline Exp 1"",""92291462"",""0""]",Equal,7,2.7236958572680696,0.019155141012141077,0.07455018725316198,0.0
recurrent,original,43,113,83ea46a7c1f7b5874d32f28d7a0a26cb3f07d77bf57f1682801d3ac26bed14d2,36,"[""Equal Baseline Exp 1"",""92992435"",""0""]",Equal,13,3.085527583681428,0.028146833362713328,0.149717841000463,0.0
recurrent,original,43,113,83ea46a7c1f7b5874d32f28d7a0a26cb3f07d77bf57f1682801d3ac26bed14d2,38,"[""Equal Baseline Exp 1"",""94815040"",""0""]",Equal,4,3.5776814404051063,0.0002490502060268359,0.01413478379380054,0.0
recurrent,original,43,113,83ea46a7c1f7b5874d32f28d7a0a26cb3f07d77bf57f1682801d3ac26bed14d2,44,"[""Mixed Baseline Exp 1"",""18823620"",""0""]",Mixed,40,3.826357360143117,0.24092025594174746,0.4696975420478685,0.575
recurrent,original,43,113,83ea46a7c1f7b5874d32f28d7a0a26cb3f07d77bf57f1682801d3ac26bed14d2,47,"[""Mixed Baseline Exp 1"",""26185795"",""0""]",Mixed,40,3.234857736612196,0.23374446207769023,0.4357822599337897,0.4
recurrent,original,43,113,83ea46a7c1f7b5874d32f28d7a0a26cb3f07d77bf57f1682801d3ac26bed14d2,52,"[""Mixed Baseline Exp 1"",""37465807"",""0""]",Mixed,40,3.6673509641550313,0.22854848495977897,0.41450443073517745,0.375
recurrent,original,43,113,83ea46a7c1f7b5874d32f28d7a0a26cb3f07d77bf57f1682801d3ac26bed14d2,57,"[""Mixed Baseline Exp 1"",""47841996"",""0""]",Mixed,10,2.4730846702516756,0.09903204129622886,0.0901317315054552,0.1
recurrent,original,43,113,83ea46a7c1f7b5874d32f28d7a0a26cb3f07d77bf57f1682801d3ac26bed14d2,60,"[""Mixed Baseline Exp 1"",""50116627"",""0""]",Mixed,36,4.09996433713745,0.24884131917222163,0.379641615003727,0.5555555555555556
recurrent,original,43,113,83ea46a7c1f7b5874d32f28d7a0a26cb3f07d77bf57f1682801d3ac26bed14d2,64,"[""Mixed Baseline Exp 1"",""64291720"",""0""]",Mixed,40,2.8981264974654906,0.24110590758378284,0.4406087197288276,0.525
recurrent,original,43,113,83ea46a7c1f7b5874d32f28d7a0a26cb3f07d77bf57f1682801d3ac26bed14d2,73,"[""Mixed Baseline Exp 1"",""85460730"",""0""]",Mixed,36,3.5558049713420936,0.2719741593774007,0.44438378843242776,0.3333333333333333
recurrent,original,43,113,83ea46a7c1f7b5874d32f28d7a0a26cb3f07d77bf57f1682801d3ac26bed14d2,78,"[""Mixed Baseline Exp 1"",""95675568"",""0""]",Mixed,12,3.124816103165557,0.07494242046388132,0.14773344321228105,0.08333333333333333
recurrent,original,43,113,83ea46a7c1f7b5874d32f28d7a0a26cb3f07d77bf57f1682801d3ac26bed14d2,80,"[""Proportional Baseline Exp 1"",""11095201"",""0""]",Proportional,40,3.511762336212713,0.15548347564306667,0.587839616659045,0.75
recurrent,original,43,113,83ea46a7c1f7b5874d32f28d7a0a26cb3f07d77bf57f1682801d3ac26bed14d2,82,"[""Proportional Baseline Exp 1"",""14606420"",""0""]",Proportional,9,2.7406940461422873,0.0747158273116305,0.21350089836272299,0.1111111111111111
recurrent,original,43,113,83ea46a7c1f7b5874d32f28d7a0a26cb3f07d77bf57f1682801d3ac26bed14d2,89,"[""Proportional Baseline Exp 1"",""36303454"",""0""]",Proportional,40,4.497935415311005,0.1994577648788612,0.7359418534970263,0.725
recurrent,original,43,113,83ea46a7c1f7b5874d32f28d7a0a26cb3f07d77bf57f1682801d3ac26bed14d2,97,"[""Proportional Baseline Exp 1"",""45673270"",""0""]",Proportional,40,3.972949712682356,0.19918229532233975,0.6271545292324522,0.75
recurrent,original,43,113,83ea46a7c1f7b5874d32f28d7a0a26cb3f07d77bf57f1682801d3ac26bed14d2,104,"[""Proportional Baseline Exp 1"",""63752993"",""0""]",Proportional,40,4.156587374426213,0.10114101278896581,0.6808950752769718,0.9
recurrent,original,43,113,83ea46a7c1f7b5874d32f28d7a0a26cb3f07d77bf57f1682801d3ac26bed14d2,107,"[""Proportional Baseline Exp 1"",""69384851"",""0""]",Proportional,40,3.950890789512992,0.08898253563261833,0.6246664724632958,0.8
recurrent,original,43,113,83ea46a7c1f7b5874d32f28d7a0a26cb3f07d77bf57f1682801d3ac26bed14d2,111,"[""Proportional Baseline Exp 1"",""76356479"",""0""]",Proportional,40,3.5333540779910955,0.1964309283870469,0.5966170636129228,0.7
recurrent,original,43,113,83ea46a7c1f7b5874d32f28d7a0a26cb3f07d77bf57f1682801d3ac26bed14d2,117,"[""Proportional Baseline Exp 1"",""85019022"",""0""]",Proportional,40,4.55108257414314,0.12283115088059275,0.7257417950522176,0.825
feedforward,continued,17,478,63ddc8400f53191767bb69890a743442f8c8cae9f18a70771b29a8a50b53710c,11,"[""Equal Baseline Exp 1"",""30843571"",""0""]",Equal,5,3.660133689022728,0.001289828609328109,0.030790469036658042,0.0
feedforward,continued,17,478,63ddc8400f53191767bb69890a743442f8c8cae9f18a70771b29a8a50b53710c,13,"[""Equal Baseline Exp 1"",""35368456"",""0""]",Equal,10,2.1128392161390757,0.10755388281366138,0.21195404160831824,0.2
feedforward,continued,17,478,63ddc8400f53191767bb69890a743442f8c8cae9f18a70771b29a8a50b53710c,20,"[""Equal Baseline Exp 1"",""40800498"",""0""]",Equal,7,2.8792236374414606,0.00827512087723816,0.07226554579065687,0.0
feedforward,continued,17,478,63ddc8400f53191767bb69890a743442f8c8cae9f18a70771b29a8a50b53710c,25,"[""Equal Baseline Exp 1"",""46096247"",""0""]",Equal,12,2.5282449821757713,0.12203481692669128,0.22401059199041207,0.16666666666666666
feedforward,continued,17,478,63ddc8400f53191767bb69890a743442f8c8cae9f18a70771b29a8a50b53710c,31,"[""Equal Baseline Exp 1"",""75670883"",""0""]",Equal,5,3.7208255632929985,0.009474981674645855,0.07709801540066519,0.0
feedforward,continued,17,478,63ddc8400f53191767bb69890a743442f8c8cae9f18a70771b29a8a50b53710c,35,"[""Equal Baseline Exp 1"",""92291462"",""0""]",Equal,7,3.1717497410615727,0.0632953967058071,0.15571035641750522,0.0
feedforward,continued,17,478,63ddc8400f53191767bb69890a743442f8c8cae9f18a70771b29a8a50b53710c,36,"[""Equal Baseline Exp 1"",""92992435"",""0""]",Equal,13,2.9495823248988557,0.012339175563392622,0.09553514546665885,0.0
feedforward,continued,17,478,63ddc8400f53191767bb69890a743442f8c8cae9f18a70771b29a8a50b53710c,38,"[""Equal Baseline Exp 1"",""94815040"",""0""]",Equal,4,4.112145513613279,0.0038784129452733383,0.05596532837058652,0.0
feedforward,continued,17,478,63ddc8400f53191767bb69890a743442f8c8cae9f18a70771b29a8a50b53710c,44,"[""Mixed Baseline Exp 1"",""18823620"",""0""]",Mixed,40,4.478995240476811,0.4365762426592152,0.1727360915228919,0.575
feedforward,continued,17,478,63ddc8400f53191767bb69890a743442f8c8cae9f18a70771b29a8a50b53710c,47,"[""Mixed Baseline Exp 1"",""26185795"",""0""]",Mixed,40,3.675518904402631,0.3132313756045086,0.12813230874840345,0.4
feedforward,continued,17,478,63ddc8400f53191767bb69890a743442f8c8cae9f18a70771b29a8a50b53710c,52,"[""Mixed Baseline Exp 1"",""37465807"",""0""]",Mixed,40,4.047521333061496,0.2995955287227436,0.12010091100117534,0.375
feedforward,continued,17,478,63ddc8400f53191767bb69890a743442f8c8cae9f18a70771b29a8a50b53710c,57,"[""Mixed Baseline Exp 1"",""47841996"",""0""]",Mixed,10,2.573718171514482,0.10462800617624432,0.1571844446103057,0.1
feedforward,continued,17,478,63ddc8400f53191767bb69890a743442f8c8cae9f18a70771b29a8a50b53710c,60,"[""Mixed Baseline Exp 1"",""50116627"",""0""]",Mixed,36,4.323804320929187,0.34794944941598854,0.2377671121383923,0.5555555555555556
feedforward,continued,17,478,63ddc8400f53191767bb69890a743442f8c8cae9f18a70771b29a8a50b53710c,64,"[""Mixed Baseline Exp 1"",""64291720"",""0""]",Mixed,40,3.5371910751546016,0.4177156421412036,0.11709853378436468,0.525
feedforward,continued,17,478,63ddc8400f53191767bb69890a743442f8c8cae9f18a70771b29a8a50b53710c,73,"[""Mixed Baseline Exp 1"",""85460730"",""0""]",Mixed,36,3.5533284412528063,0.22742985306145128,0.21793984961400134,0.3333333333333333
feedforward,continued,17,478,63ddc8400f53191767bb69890a743442f8c8cae9f18a70771b29a8a50b53710c,78,"[""Mixed Baseline Exp 1"",""95675568"",""0""]",Mixed,12,3.0166128141971886,0.07629675143246131,0.1546857907396891,0.08333333333333333
feedforward,continued,17,478,63ddc8400f53191767bb69890a743442f8c8cae9f18a70771b29a8a50b53710c,80,"[""Proportional Baseline Exp 1"",""11095201"",""0""]",Proportional,40,3.5462358085327494,0.15776242709588698,0.5905058588238926,0.75
feedforward,continued,17,478,63ddc8400f53191767bb69890a743442f8c8cae9f18a70771b29a8a50b53710c,82,"[""Proportional Baseline Exp 1"",""14606420"",""0""]",Proportional,9,3.038211810577584,0.12537791644904459,0.3340055883734079,0.1111111111111111
feedforward,continued,17,478,63ddc8400f53191767bb69890a743442f8c8cae9f18a70771b29a8a50b53710c,89,"[""Proportional Baseline Exp 1"",""36303454"",""0""]",Proportional,40,4.403108963154755,0.20587435865286113,0.7797710800544866,0.725
feedforward,continued,17,478,63ddc8400f53191767bb69890a743442f8c8cae9f18a70771b29a8a50b53710c,97,"[""Proportional Baseline Exp 1"",""45673270"",""0""]",Proportional,40,4.076934032109011,0.21540847969216106,0.6373730271443975,0.75
feedforward,continued,17,478,63ddc8400f53191767bb69890a743442f8c8cae9f18a70771b29a8a50b53710c,104,"[""Proportional Baseline Exp 1"",""63752993"",""0""]",Proportional,40,3.9547665872523035,0.07178213523611408,0.7553185582185286,0.9
feedforward,continued,17,478,63ddc8400f53191767bb69890a743442f8c8cae9f18a70771b29a8a50b53710c,107,"[""Proportional Baseline Exp 1"",""69384851"",""0""]",Proportional,40,3.8915751664915645,0.09702606620281444,0.6260546722278642,0.8
feedforward,continued,17,478,63ddc8400f53191767bb69890a743442f8c8cae9f18a70771b29a8a50b53710c,111,"[""Proportional Baseline Exp 1"",""76356479"",""0""]",Proportional,40,3.504078860806261,0.19982554152097184,0.5675721277677116,0.7
feedforward,continued,17,478,63ddc8400f53191767bb69890a743442f8c8cae9f18a70771b29a8a50b53710c,117,"[""Proportional Baseline Exp 1"",""85019022"",""0""]",Proportional,40,4.3115825243153125,0.1451031685936306,0.65219758589305,0.825
feedforward,continued,29,444,e64f1d4048b4f9b830d3cd5f6d31465f65e9ac4843161dded476ca275e53e946,11,"[""Equal Baseline Exp 1"",""30843571"",""0""]",Equal,5,3.5755528219401604,0.0008856354954565684,0.025506132215202027,0.0
feedforward,continued,29,444,e64f1d4048b4f9b830d3cd5f6d31465f65e9ac4843161dded476ca275e53e946,13,"[""Equal Baseline Exp 1"",""35368456"",""0""]",Equal,10,2.1291537103625924,0.10573849041300024,0.2104496421233339,0.2
feedforward,continued,29,444,e64f1d4048b4f9b830d3cd5f6d31465f65e9ac4843161dded476ca275e53e946,20,"[""Equal Baseline Exp 1"",""40800498"",""0""]",Equal,7,2.8578413975298362,0.006790067955354273,0.06458663653549501,0.0
feedforward,continued,29,444,e64f1d4048b4f9b830d3cd5f6d31465f65e9ac4843161dded476ca275e53e946,25,"[""Equal Baseline Exp 1"",""46096247"",""0""]",Equal,12,2.5138582985635383,0.12350631838622785,0.2185494002130531,0.16666666666666666
feedforward,continued,29,444,e64f1d4048b4f9b830d3cd5f6d31465f65e9ac4843161dded476ca275e53e946,31,"[""Equal Baseline Exp 1"",""75670883"",""0""]",Equal,5,3.6038717330431957,0.008183549237747362,0.0703025812679515,0.0
feedforward,continued,29,444,e64f1d4048b4f9b830d3cd5f6d31465f65e9ac4843161dded476ca275e53e946,35,"[""Equal Baseline Exp 1"",""92291462"",""0""]",Equal,7,3.180930248562735,0.06338425246916453,0.16118647462124258,0.0
feedforward,continued,29,444,e64f1d4048b4f9b830d3cd5f6d31465f65e9ac4843161dded476ca275e53e946,36,"[""Equal Baseline Exp 1"",""92992435"",""0""]",Equal,13,2.969894717313506,0.010737541218856133,0.08732852824000661,0.0
feedforward,continued,29,444,e64f1d4048b4f9b830d3cd5f6d31465f65e9ac4843161dded476ca275e53e946,38,"[""Equal Baseline Exp 1"",""94815040"",""0""]",Equal,4,4.022390087156619,0.0026138091723845614,0.046975034084003275,0.0
feedforward,continued,29,444,e64f1d4048b4f9b830d3cd5f6d31465f65e9ac4843161dded476ca275e53e946,44,"[""Mixed Baseline Exp 1"",""18823620"",""0""]",Mixed,40,4.615971195173298,0.4573570783005696,0.15111453934835595,0.575
feedforward,continued,29,444,e64f1d4048b4f9b830d3cd5f6d31465f65e9ac4843161dded476ca275e53e946,47,"[""Mixed Baseline Exp 1"",""26185795"",""0""]",Mixed,40,3.8192985746626436,0.3271585866711092,0.1034332303865734,0.4
feedforward,continued,29,444,e64f1d4048b4f9b830d3cd5f6d31465f65e9ac4843161dded476ca275e53e946,52,"[""Mixed Baseline Exp 1"",""37465807"",""0""]",Mixed,40,4.0667901871546075,0.301789066665982,0.1176707519260938,0.375
feedforward,continued,29,444,e64f1d4048b4f9b830d3cd5f6d31465f65e9ac4843161dded476ca275e53e946,57,"[""Mixed Baseline Exp 1"",""47841996"",""0""]",Mixed,10,2.572417122336351,0.10182039313092513,0.14876837127048334,0.1
feedforward,continued,29,444,e64f1d4048b4f9b830d3cd5f6d31465f65e9ac4843161dded476ca275e53e946,60,"[""Mixed Baseline Exp 1"",""50116627"",""0""]",Mixed,36,4.350307498779419,0.3552448693272862,0.23513302372037803,0.5555555555555556
feedforward,continued,29,444,e64f1d4048b4f9b830d3cd5f6d31465f65e9ac4843161dded476ca275e53e946,64,"[""Mixed Baseline Exp 1"",""64291720"",""0""]",Mixed,40,3.714286094988475,0.4395751059909621,0.0929225822306926,0.525
feedforward,continued,29,444,e64f1d4048b4f9b830d3cd5f6d31465f65e9ac4843161dded476ca275e53e946,73,"[""Mixed Baseline Exp 1"",""85460730"",""0""]",Mixed,36,3.542006121986131,0.22239949581223176,0.21814752852307973,0.3333333333333333
feedforward,continued,29,444,e64f1d4048b4f9b830d3cd5f6d31465f65e9ac4843161dded476ca275e53e946,78,"[""Mixed Baseline Exp 1"",""95675568"",""0""]",Mixed,12,3.0097885393206263,0.07505609530136258,0.15625364484045343,0.08333333333333333
feedforward,continued,29,444,e64f1d4048b4f9b830d3cd5f6d31465f65e9ac4843161dded476ca275e53e946,80,"[""Proportional Baseline Exp 1"",""11095201"",""0""]",Proportional,40,3.562499808517754,0.15974442313318019,0.5872374144662141,0.75
feedforward,continued,29,444,e64f1d4048b4f9b830d3cd5f6d31465f65e9ac4843161dded476ca275e53e946,82,"[""Proportional Baseline Exp 1"",""14606420"",""0""]",Proportional,9,3.0155030472720994,0.11840541715101491,0.3247953608080581,0.1111111111111111
feedforward,continued,29,444,e64f1d4048b4f9b830d3cd5f6d31465f65e9ac4843161dded476ca275e53e946,89,"[""Proportional Baseline Exp 1"",""36303454"",""0""]",Proportional,40,4.423198459224963,0.2166364565200889,0.7901460247355104,0.725
feedforward,continued,29,444,e64f1d4048b4f9b830d3cd5f6d31465f65e9ac4843161dded476ca275e53e946,97,"[""Proportional Baseline Exp 1"",""45673270"",""0""]",Proportional,40,3.977207927318937,0.21059678064814444,0.6516538793202801,0.75
feedforward,continued,29,444,e64f1d4048b4f9b830d3cd5f6d31465f65e9ac4843161dded476ca275e53e946,104,"[""Proportional Baseline Exp 1"",""63752993"",""0""]",Proportional,40,3.911197454811531,0.07101072836686173,0.7488654581526465,0.9
feedforward,continued,29,444,e64f1d4048b4f9b830d3cd5f6d31465f65e9ac4843161dded476ca275e53e946,107,"[""Proportional Baseline Exp 1"",""69384851"",""0""]",Proportional,40,3.8790171624100354,0.1010480379121453,0.6284320473380166,0.8
feedforward,continued,29,444,e64f1d4048b4f9b830d3cd5f6d31465f65e9ac4843161dded476ca275e53e946,111,"[""Proportional Baseline Exp 1"",""76356479"",""0""]",Proportional,40,3.5406481081585,0.20490568869862016,0.5580785742443959,0.7
feedforward,continued,29,444,e64f1d4048b4f9b830d3cd5f6d31465f65e9ac4843161dded476ca275e53e946,117,"[""Proportional Baseline Exp 1"",""85019022"",""0""]",Proportional,40,4.3234123450466155,0.1311055762249155,0.6817419405342295,0.825
feedforward,continued,43,473,6a1e6a7ef5770e5cb77a129d7c941aabd21f8b4fcac17e8b615fb4d61cd9b0e1,11,"[""Equal Baseline Exp 1"",""30843571"",""0""]",Equal,5,3.6126536153782682,0.0008477714056985542,0.02546314485905956,0.0
feedforward,continued,43,473,6a1e6a7ef5770e5cb77a129d7c941aabd21f8b4fcac17e8b615fb4d61cd9b0e1,13,"[""Equal Baseline Exp 1"",""35368456"",""0""]",Equal,10,2.1076079142150093,0.1109343455554475,0.21715059472016546,0.2
feedforward,continued,43,473,6a1e6a7ef5770e5cb77a129d7c941aabd21f8b4fcac17e8b615fb4d61cd9b0e1,20,"[""Equal Baseline Exp 1"",""40800498"",""0""]",Equal,7,2.868384191545014,0.007999327726426593,0.06665934148663812,0.0
feedforward,continued,43,473,6a1e6a7ef5770e5cb77a129d7c941aabd21f8b4fcac17e8b615fb4d61cd9b0e1,25,"[""Equal Baseline Exp 1"",""46096247"",""0""]",Equal,12,2.516550287416145,0.12153334800029557,0.23144360943849285,0.16666666666666666
feedforward,continued,43,473,6a1e6a7ef5770e5cb77a129d7c941aabd21f8b4fcac17e8b615fb4d61cd9b0e1,31,"[""Equal Baseline Exp 1"",""75670883"",""0""]",Equal,5,3.713788707311681,0.010467064197054005,0.07826451380581825,0.0
feedforward,continued,43,473,6a1e6a7ef5770e5cb77a129d7c941aabd21f8b4fcac17e8b615fb4d61cd9b0e1,35,"[""Equal Baseline Exp 1"",""92291462"",""0""]",Equal,7,3.1953971843000146,0.07105505730916446,0.16325666112486287,0.0
feedforward,continued,43,473,6a1e6a7ef5770e5cb77a129d7c941aabd21f8b4fcac17e8b615fb4d61cd9b0e1,36,"[""Equal Baseline Exp 1"",""92992435"",""0""]",Equal,13,2.961473725209298,0.014089693345113417,0.09850336254101032,0.0
feedforward,continued,43,473,6a1e6a7ef5770e5cb77a129d7c941aabd21f8b4fcac17e8b615fb4d61cd9b0e1,38,"[""Equal Baseline Exp 1"",""94815040"",""0""]",Equal,4,4.069680021173249,0.0027176410003886386,0.047426758418191335,0.0
feedforward,continued,43,473,6a1e6a7ef5770e5cb77a129d7c941aabd21f8b4fcac17e8b615fb4d61cd9b0e1,44,"[""Mixed Baseline Exp 1"",""18823620"",""0""]",Mixed,40,4.531609465062466,0.4447581571400758,0.15897921076932647,0.575
feedforward,continued,43,473,6a1e6a7ef5770e5cb77a129d7c941aabd21f8b4fcac17e8b615fb4d61cd9b0e1,47,"[""Mixed Baseline Exp 1"",""26185795"",""0""]",Mixed,40,3.7557965704095557,0.32337488751875265,0.11481960505368412,0.4
feedforward,continued,43,473,6a1e6a7ef5770e5cb77a129d7c941aabd21f8b4fcac17e8b615fb4d61cd9b0e1,52,"[""Mixed Baseline Exp 1"",""37465807"",""0""]",Mixed,40,4.014233046916308,0.2943089319561977,0.1297559893927775,0.375
feedforward,continued,43,473,6a1e6a7ef5770e5cb77a129d7c941aabd21f8b4fcac17e8b615fb4d61cd9b0e1,57,"[""Mixed Baseline Exp 1"",""47841996"",""0""]",Mixed,10,2.5832733838186743,0.10790637896071523,0.16489141715476868,0.1
feedforward,continued,43,473,6a1e6a7ef5770e5cb77a129d7c941aabd21f8b4fcac17e8b615fb4d61cd9b0e1,60,"[""Mixed Baseline Exp 1"",""50116627"",""0""]",Mixed,36,4.317987477683597,0.3482280706520996,0.230838063290942,0.5555555555555556
feedforward,continued,43,473,6a1e6a7ef5770e5cb77a129d7c941aabd21f8b4fcac17e8b615fb4d61cd9b0e1,64,"[""Mixed Baseline Exp 1"",""64291720"",""0""]",Mixed,40,3.6337423211853106,0.4306625556571708,0.10322474697203816,0.525
feedforward,continued,43,473,6a1e6a7ef5770e5cb77a129d7c941aabd21f8b4fcac17e8b615fb4d61cd9b0e1,73,"[""Mixed Baseline Exp 1"",""85460730"",""0""]",Mixed,36,3.5114166783795637,0.21992897896230884,0.22661644453721358,0.3333333333333333
feedforward,continued,43,473,6a1e6a7ef5770e5cb77a129d7c941aabd21f8b4fcac17e8b615fb4d61cd9b0e1,78,"[""Mixed Baseline Exp 1"",""95675568"",""0""]",Mixed,12,3.0313632737851415,0.07900420971528029,0.15182036636552768,0.08333333333333333
feedforward,continued,43,473,6a1e6a7ef5770e5cb77a129d7c941aabd21f8b4fcac17e8b615fb4d61cd9b0e1,80,"[""Proportional Baseline Exp 1"",""11095201"",""0""]",Proportional,40,3.575741193012692,0.1638618545185333,0.5769952479633342,0.75
feedforward,continued,43,473,6a1e6a7ef5770e5cb77a129d7c941aabd21f8b4fcac17e8b615fb4d61cd9b0e1,82,"[""Proportional Baseline Exp 1"",""14606420"",""0""]",Proportional,9,3.0684557712563505,0.13097662825685036,0.34781595377468516,0.1111111111111111
feedforward,continued,43,473,6a1e6a7ef5770e5cb77a129d7c941aabd21f8b4fcac17e8b615fb4d61cd9b0e1,89,"[""Proportional Baseline Exp 1"",""36303454"",""0""]",Proportional,40,4.416421435864651,0.20968784732116644,0.7719666223674617,0.725
feedforward,continued,43,473,6a1e6a7ef5770e5cb77a129d7c941aabd21f8b4fcac17e8b615fb4d61cd9b0e1,97,"[""Proportional Baseline Exp 1"",""45673270"",""0""]",Proportional,40,3.946900278498684,0.2104295757842932,0.6466818722896915,0.75
feedforward,continued,43,473,6a1e6a7ef5770e5cb77a129d7c941aabd21f8b4fcac17e8b615fb4d61cd9b0e1,104,"[""Proportional Baseline Exp 1"",""63752993"",""0""]",Proportional,40,3.899299840105281,0.07733471707904901,0.7380384352265278,0.9
feedforward,continued,43,473,6a1e6a7ef5770e5cb77a129d7c941aabd21f8b4fcac17e8b615fb4d61cd9b0e1,107,"[""Proportional Baseline Exp 1"",""69384851"",""0""]",Proportional,40,3.875233018650873,0.09989576171591188,0.6311254582400989,0.8
feedforward,continued,43,473,6a1e6a7ef5770e5cb77a129d7c941aabd21f8b4fcac17e8b615fb4d61cd9b0e1,111,"[""Proportional Baseline Exp 1"",""76356479"",""0""]",Proportional,40,3.5261337814698797,0.20686213283861524,0.550316544368471,0.7
feedforward,continued,43,473,6a1e6a7ef5770e5cb77a129d7c941aabd21f8b4fcac17e8b615fb4d61cd9b0e1,117,"[""Proportional Baseline Exp 1"",""85019022"",""0""]",Proportional,40,4.326499537697822,0.13448870343300282,0.6741670636192525,0.825
recurrent,continued,17,476,a8f92a9c4693f2c4efb1175208ad11230ff2b9c74c26ab466d117ec36676b61e,11,"[""Equal Baseline Exp 1"",""30843571"",""0""]",Equal,5,3.1336386154862312,0.00010384670111770775,0.007478440386621409,0.0
recurrent,continued,17,476,a8f92a9c4693f2c4efb1175208ad11230ff2b9c74c26ab466d117ec36676b61e,13,"[""Equal Baseline Exp 1"",""35368456"",""0""]",Equal,10,2.1227630582723274,0.13834791414437514,0.18464417885215184,0.2
recurrent,continued,17,476,a8f92a9c4693f2c4efb1175208ad11230ff2b9c74c26ab466d117ec36676b61e,20,"[""Equal Baseline Exp 1"",""40800498"",""0""]",Equal,7,2.8138316216492028,0.002106667134570708,0.02666734448183902,0.0
recurrent,continued,17,476,a8f92a9c4693f2c4efb1175208ad11230ff2b9c74c26ab466d117ec36676b61e,25,"[""Equal Baseline Exp 1"",""46096247"",""0""]",Equal,12,2.4577205761509746,0.12512622550631397,0.19011028114065476,0.16666666666666666
recurrent,continued,17,476,a8f92a9c4693f2c4efb1175208ad11230ff2b9c74c26ab466d117ec36676b61e,31,"[""Equal Baseline Exp 1"",""75670883"",""0""]",Equal,5,2.7471017176681984,0.000352771253525815,0.013015723004939528,0.0
recurrent,continued,17,476,a8f92a9c4693f2c4efb1175208ad11230ff2b9c74c26ab466d117ec36676b61e,35,"[""Equal Baseline Exp 1"",""92291462"",""0""]",Equal,7,2.7766829848762375,0.04024174171277455,0.09896091278354725,0.0
recurrent,continued,17,476,a8f92a9c4693f2c4efb1175208ad11230ff2b9c74c26ab466d117ec36676b61e,36,"[""Equal Baseline Exp 1"",""92992435"",""0""]",Equal,13,2.9400471127675156,0.012116633257420278,0.0932102519062715,0.0
recurrent,continued,17,476,a8f92a9c4693f2c4efb1175208ad11230ff2b9c74c26ab466d117ec36676b61e,38,"[""Equal Baseline Exp 1"",""94815040"",""0""]",Equal,4,3.5984718964801923,0.00011727147303977186,0.008182876649711863,0.0
recurrent,continued,17,476,a8f92a9c4693f2c4efb1175208ad11230ff2b9c74c26ab466d117ec36676b61e,44,"[""Mixed Baseline Exp 1"",""18823620"",""0""]",Mixed,40,3.975040953136854,0.31366898412578725,0.38325380155794475,0.575
recurrent,continued,17,476,a8f92a9c4693f2c4efb1175208ad11230ff2b9c74c26ab466d117ec36676b61e,47,"[""Mixed Baseline Exp 1"",""26185795"",""0""]",Mixed,40,3.2858991423176276,0.25948670751439956,0.2414831490643218,0.4
recurrent,continued,17,476,a8f92a9c4693f2c4efb1175208ad11230ff2b9c74c26ab466d117ec36676b61e,52,"[""Mixed Baseline Exp 1"",""37465807"",""0""]",Mixed,40,3.546551485741047,0.23886020154754953,0.26973456971306975,0.375
recurrent,continued,17,476,a8f92a9c4693f2c4efb1175208ad11230ff2b9c74c26ab466d117ec36676b61e,57,"[""Mixed Baseline Exp 1"",""47841996"",""0""]",Mixed,10,2.4223090300441315,0.09690276814195842,0.10092729258801605,0.1
recurrent,continued,17,476,a8f92a9c4693f2c4efb1175208ad11230ff2b9c74c26ab466d117ec36676b61e,60,"[""Mixed Baseline Exp 1"",""50116627"",""0""]",Mixed,36,4.233764036222286,0.28855912360287383,0.45171636469535,0.5555555555555556
recurrent,continued,17,476,a8f92a9c4693f2c4efb1175208ad11230ff2b9c74c26ab466d117ec36676b61e,64,"[""Mixed Baseline Exp 1"",""64291720"",""0""]",Mixed,40,2.977893010751936,0.30995079497464706,0.2413614500443919,0.525
recurrent,continued,17,476,a8f92a9c4693f2c4efb1175208ad11230ff2b9c74c26ab466d117ec36676b61e,73,"[""Mixed Baseline Exp 1"",""85460730"",""0""]",Mixed,36,3.4933293762281896,0.25467371742649597,0.4361462498842762,0.3333333333333333
recurrent,continued,17,476,a8f92a9c4693f2c4efb1175208ad11230ff2b9c74c26ab466d117ec36676b61e,78,"[""Mixed Baseline Exp 1"",""95675568"",""0""]",Mixed,12,3.117431322827608,0.07939797213705305,0.15095424731392307,0.08333333333333333
recurrent,continued,17,476,a8f92a9c4693f2c4efb1175208ad11230ff2b9c74c26ab466d117ec36676b61e,80,"[""Proportional Baseline Exp 1"",""11095201"",""0""]",Proportional,40,3.2503370223904198,0.16310092425069767,0.5397628958373304,0.75
recurrent,continued,17,476,a8f92a9c4693f2c4efb1175208ad11230ff2b9c74c26ab466d117ec36676b61e,82,"[""Proportional Baseline Exp 1"",""14606420"",""0""]",Proportional,9,2.7262502813521103,0.07241702607550912,0.20599129478167447,0.1111111111111111
recurrent,continued,17,476,a8f92a9c4693f2c4efb1175208ad11230ff2b9c74c26ab466d117ec36676b61e,89,"[""Proportional Baseline Exp 1"",""36303454"",""0""]",Proportional,40,4.363330800034673,0.18517940895219828,0.7299311939838052,0.725
recurrent,continued,17,476,a8f92a9c4693f2c4efb1175208ad11230ff2b9c74c26ab466d117ec36676b61e,97,"[""Proportional Baseline Exp 1"",""45673270"",""0""]",Proportional,40,3.7629497280715976,0.18896944828598908,0.6822281028139231,0.75
recurrent,continued,17,476,a8f92a9c4693f2c4efb1175208ad11230ff2b9c74c26ab466d117ec36676b61e,104,"[""Proportional Baseline Exp 1"",""63752993"",""0""]",Proportional,40,3.9211209543710623,0.08016536073171578,0.712108808048623,0.9
recurrent,continued,17,476,a8f92a9c4693f2c4efb1175208ad11230ff2b9c74c26ab466d117ec36676b61e,107,"[""Proportional Baseline Exp 1"",""69384851"",""0""]",Proportional,40,3.8281358677721373,0.09255319782742351,0.6365947315387224,0.8
recurrent,continued,17,476,a8f92a9c4693f2c4efb1175208ad11230ff2b9c74c26ab466d117ec36676b61e,111,"[""Proportional Baseline Exp 1"",""76356479"",""0""]",Proportional,40,3.324246811335106,0.22692342426754247,0.5500749012182473,0.7
recurrent,continued,17,476,a8f92a9c4693f2c4efb1175208ad11230ff2b9c74c26ab466d117ec36676b61e,117,"[""Proportional Baseline Exp 1"",""85019022"",""0""]",Proportional,40,4.295081498218742,0.11959425209598576,0.6621023192426465,0.825
recurrent,continued,29,460,d85aae54aeba7cf9de9a453c743dbaac3af05ae43385c8592b54f6d40694fc4f,11,"[""Equal Baseline Exp 1"",""30843571"",""0""]",Equal,5,3.1258594676026306,0.00012263659297325467,0.008095732200154032,0.0
recurrent,continued,29,460,d85aae54aeba7cf9de9a453c743dbaac3af05ae43385c8592b54f6d40694fc4f,13,"[""Equal Baseline Exp 1"",""35368456"",""0""]",Equal,10,2.1068505205454238,0.1328079958991206,0.1847414136840456,0.2
recurrent,continued,29,460,d85aae54aeba7cf9de9a453c743dbaac3af05ae43385c8592b54f6d40694fc4f,20,"[""Equal Baseline Exp 1"",""40800498"",""0""]",Equal,7,2.845642608307928,0.0021327981924397564,0.028174716275846744,0.0
recurrent,continued,29,460,d85aae54aeba7cf9de9a453c743dbaac3af05ae43385c8592b54f6d40694fc4f,25,"[""Equal Baseline Exp 1"",""46096247"",""0""]",Equal,12,2.4651568113124847,0.1262815576402853,0.19042905819665454,0.16666666666666666
recurrent,continued,29,460,d85aae54aeba7cf9de9a453c743dbaac3af05ae43385c8592b54f6d40694fc4f,31,"[""Equal Baseline Exp 1"",""75670883"",""0""]",Equal,5,2.7568768150967053,0.0004434346938974932,0.014417380057811518,0.0
recurrent,continued,29,460,d85aae54aeba7cf9de9a453c743dbaac3af05ae43385c8592b54f6d40694fc4f,35,"[""Equal Baseline Exp 1"",""92291462"",""0""]",Equal,7,2.774641502681777,0.036003860397428644,0.09406191816076785,0.0
recurrent,continued,29,460,d85aae54aeba7cf9de9a453c743dbaac3af05ae43385c8592b54f6d40694fc4f,36,"[""Equal Baseline Exp 1"",""92992435"",""0""]",Equal,13,2.9555422419167914,0.013899003539902545,0.10274079739937413,0.0
recurrent,continued,29,460,d85aae54aeba7cf9de9a453c743dbaac3af05ae43385c8592b54f6d40694fc4f,38,"[""Equal Baseline Exp 1"",""94815040"",""0""]",Equal,4,3.6404992661881503,0.00014370730352733876,0.00912863459699469,0.0
recurrent,continued,29,460,d85aae54aeba7cf9de9a453c743dbaac3af05ae43385c8592b54f6d40694fc4f,44,"[""Mixed Baseline Exp 1"",""18823620"",""0""]",Mixed,40,3.9666964114475056,0.306900027347168,0.39206664098058114,0.575
recurrent,continued,29,460,d85aae54aeba7cf9de9a453c743dbaac3af05ae43385c8592b54f6d40694fc4f,47,"[""Mixed Baseline Exp 1"",""26185795"",""0""]",Mixed,40,3.275643658357042,0.2525397978047678,0.2561759882639425,0.4
recurrent,continued,29,460,d85aae54aeba7cf9de9a453c743dbaac3af05ae43385c8592b54f6d40694fc4f,52,"[""Mixed Baseline Exp 1"",""37465807"",""0""]",Mixed,40,3.5773103166992852,0.24144901225894316,0.2730476602232339,0.375
recurrent,continued,29,460,d85aae54aeba7cf9de9a453c743dbaac3af05ae43385c8592b54f6d40694fc4f,57,"[""Mixed Baseline Exp 1"",""47841996"",""0""]",Mixed,10,2.434537743069809,0.09836525182806585,0.10249050318875227,0.1
recurrent,continued,29,460,d85aae54aeba7cf9de9a453c743dbaac3af05ae43385c8592b54f6d40694fc4f,60,"[""Mixed Baseline Exp 1"",""50116627"",""0""]",Mixed,36,4.36662165822124,0.3231031974271792,0.4199841094894273,0.5555555555555556
recurrent,continued,29,460,d85aae54aeba7cf9de9a453c743dbaac3af05ae43385c8592b54f6d40694fc4f,64,"[""Mixed Baseline Exp 1"",""64291720"",""0""]",Mixed,40,2.9455446446085913,0.2932207255269946,0.2740902508379987,0.525
recurrent,continued,29,460,d85aae54aeba7cf9de9a453c743dbaac3af05ae43385c8592b54f6d40694fc4f,73,"[""Mixed Baseline Exp 1"",""85460730"",""0""]",Mixed,36,3.479492906821262,0.25119611584530344,0.4206576991133004,0.3333333333333333
recurrent,continued,29,460,d85aae54aeba7cf9de9a453c743dbaac3af05ae43385c8592b54f6d40694fc4f,78,"[""Mixed Baseline Exp 1"",""95675568"",""0""]",Mixed,12,3.116784414493004,0.07766117103063923,0.15741597823992728,0.08333333333333333
recurrent,continued,29,460,d85aae54aeba7cf9de9a453c743dbaac3af05ae43385c8592b54f6d40694fc4f,80,"[""Proportional Baseline Exp 1"",""11095201"",""0""]",Proportional,40,3.3094621716622816,0.16275881319203775,0.5328530689716906,0.75
recurrent,continued,29,460,d85aae54aeba7cf9de9a453c743dbaac3af05ae43385c8592b54f6d40694fc4f,82,"[""Proportional Baseline Exp 1"",""14606420"",""0""]",Proportional,9,2.7080355587084344,0.07438664530764275,0.21122577658962666,0.1111111111111111
recurrent,continued,29,460,d85aae54aeba7cf9de9a453c743dbaac3af05ae43385c8592b54f6d40694fc4f,89,"[""Proportional Baseline Exp 1"",""36303454"",""0""]",Proportional,40,4.371404977362415,0.18581483473624588,0.7346701814302004,0.725
recurrent,continued,29,460,d85aae54aeba7cf9de9a453c743dbaac3af05ae43385c8592b54f6d40694fc4f,97,"[""Proportional Baseline Exp 1"",""45673270"",""0""]",Proportional,40,3.805730640428193,0.186389975108114,0.6824496965454924,0.75
recurrent,continued,29,460,d85aae54aeba7cf9de9a453c743dbaac3af05ae43385c8592b54f6d40694fc4f,104,"[""Proportional Baseline Exp 1"",""63752993"",""0""]",Proportional,40,3.916127433388412,0.08458730255180909,0.7046467139010749,0.9
recurrent,continued,29,460,d85aae54aeba7cf9de9a453c743dbaac3af05ae43385c8592b54f6d40694fc4f,107,"[""Proportional Baseline Exp 1"",""69384851"",""0""]",Proportional,40,3.8653328302019387,0.09343949368080827,0.6319814183425729,0.8
recurrent,continued,29,460,d85aae54aeba7cf9de9a453c743dbaac3af05ae43385c8592b54f6d40694fc4f,111,"[""Proportional Baseline Exp 1"",""76356479"",""0""]",Proportional,40,3.421602645905628,0.24303914267927026,0.54806131594176,0.7
recurrent,continued,29,460,d85aae54aeba7cf9de9a453c743dbaac3af05ae43385c8592b54f6d40694fc4f,117,"[""Proportional Baseline Exp 1"",""85019022"",""0""]",Proportional,40,4.201329720646161,0.12547876361693128,0.6647148774352132,0.825
recurrent,continued,43,470,3bcb6bb2871153c8c95f34d6759c69fb18b7702b90f72633e8e8172973e52241,11,"[""Equal Baseline Exp 1"",""30843571"",""0""]",Equal,5,3.1680434154590094,0.00011432716609355305,0.00803356969708546,0.0
recurrent,continued,43,470,3bcb6bb2871153c8c95f34d6759c69fb18b7702b90f72633e8e8172973e52241,13,"[""Equal Baseline Exp 1"",""35368456"",""0""]",Equal,10,2.083055994766408,0.13256458928807863,0.1879078319694926,0.2
recurrent,continued,43,470,3bcb6bb2871153c8c95f34d6759c69fb18b7702b90f72633e8e8172973e52241,20,"[""Equal Baseline Exp 1"",""40800498"",""0""]",Equal,7,2.8289896276165187,0.0022514015088738377,0.02752857098104438,0.0
recurrent,continued,43,470,3bcb6bb2871153c8c95f34d6759c69fb18b7702b90f72633e8e8172973e52241,25,"[""Equal Baseline Exp 1"",""46096247"",""0""]",Equal,12,2.459717680235548,0.12833138554175505,0.2088347935758319,0.16666666666666666
recurrent,continued,43,470,3bcb6bb2871153c8c95f34d6759c69fb18b7702b90f72633e8e8172973e52241,31,"[""Equal Baseline Exp 1"",""75670883"",""0""]",Equal,5,2.778255345275678,0.0005345255823671735,0.015436381137890157,0.0
recurrent,continued,43,470,3bcb6bb2871153c8c95f34d6759c69fb18b7702b90f72633e8e8172973e52241,35,"[""Equal Baseline Exp 1"",""92291462"",""0""]",Equal,7,2.793709511446933,0.042572246674688057,0.10485010915561062,0.0
recurrent,continued,43,470,3bcb6bb2871153c8c95f34d6759c69fb18b7702b90f72633e8e8172973e52241,36,"[""Equal Baseline Exp 1"",""92992435"",""0""]",Equal,13,2.964737544711077,0.01732575760609947,0.11465563507887189,0.0
recurrent,continued,43,470,3bcb6bb2871153c8c95f34d6759c69fb18b7702b90f72633e8e8172973e52241,38,"[""Equal Baseline Exp 1"",""94815040"",""0""]",Equal,4,3.6099141638437824,0.00012047793839342604,0.008109393755744335,0.0
recurrent,continued,43,470,3bcb6bb2871153c8c95f34d6759c69fb18b7702b90f72633e8e8172973e52241,44,"[""Mixed Baseline Exp 1"",""18823620"",""0""]",Mixed,40,4.024912532457225,0.3245055835799549,0.31670875964242406,0.575
recurrent,continued,43,470,3bcb6bb2871153c8c95f34d6759c69fb18b7702b90f72633e8e8172973e52241,47,"[""Mixed Baseline Exp 1"",""26185795"",""0""]",Mixed,40,3.3046459521036886,0.2554666579725697,0.2502711901027089,0.4
recurrent,continued,43,470,3bcb6bb2871153c8c95f34d6759c69fb18b7702b90f72633e8e8172973e52241,52,"[""Mixed Baseline Exp 1"",""37465807"",""0""]",Mixed,40,3.60247184168684,0.24049910487432777,0.25559777030960507,0.375
recurrent,continued,43,470,3bcb6bb2871153c8c95f34d6759c69fb18b7702b90f72633e8e8172973e52241,57,"[""Mixed Baseline Exp 1"",""47841996"",""0""]",Mixed,10,2.4279589543032047,0.09715356434828096,0.11066258860317699,0.1
recurrent,continued,43,470,3bcb6bb2871153c8c95f34d6759c69fb18b7702b90f72633e8e8172973e52241,60,"[""Mixed Baseline Exp 1"",""50116627"",""0""]",Mixed,36,4.232493642330051,0.3002502029787962,0.30562307706745934,0.5555555555555556
recurrent,continued,43,470,3bcb6bb2871153c8c95f34d6759c69fb18b7702b90f72633e8e8172973e52241,64,"[""Mixed Baseline Exp 1"",""64291720"",""0""]",Mixed,40,2.974756196737805,0.2894452365740571,0.2602678709170719,0.525
recurrent,continued,43,470,3bcb6bb2871153c8c95f34d6759c69fb18b7702b90f72633e8e8172973e52241,73,"[""Mixed Baseline Exp 1"",""85460730"",""0""]",Mixed,36,3.4446734273934814,0.23931576796838927,0.3838837920518878,0.3333333333333333
recurrent,continued,43,470,3bcb6bb2871153c8c95f34d6759c69fb18b7702b90f72633e8e8172973e52241,78,"[""Mixed Baseline Exp 1"",""95675568"",""0""]",Mixed,12,3.106907737518711,0.08046998098217581,0.16314488874776664,0.08333333333333333
recurrent,continued,43,470,3bcb6bb2871153c8c95f34d6759c69fb18b7702b90f72633e8e8172973e52241,80,"[""Proportional Baseline Exp 1"",""11095201"",""0""]",Proportional,40,3.324162645617759,0.1757481281525128,0.5099292699590512,0.75
recurrent,continued,43,470,3bcb6bb2871153c8c95f34d6759c69fb18b7702b90f72633e8e8172973e52241,82,"[""Proportional Baseline Exp 1"",""14606420"",""0""]",Proportional,9,2.750857187017934,0.08077620209027041,0.22874241061804648,0.1111111111111111
recurrent,continued,43,470,3bcb6bb2871153c8c95f34d6759c69fb18b7702b90f72633e8e8172973e52241,89,"[""Proportional Baseline Exp 1"",""36303454"",""0""]",Proportional,40,4.351626343628547,0.1830115139426358,0.7073578817120811,0.725
recurrent,continued,43,470,3bcb6bb2871153c8c95f34d6759c69fb18b7702b90f72633e8e8172973e52241,97,"[""Proportional Baseline Exp 1"",""45673270"",""0""]",Proportional,40,3.9065326922714347,0.20027980547734087,0.6555025469925295,0.75
recurrent,continued,43,470,3bcb6bb2871153c8c95f34d6759c69fb18b7702b90f72633e8e8172973e52241,104,"[""Proportional Baseline Exp 1"",""63752993"",""0""]",Proportional,40,3.9601065829463282,0.09587516435730875,0.6891253333389394,0.9
recurrent,continued,43,470,3bcb6bb2871153c8c95f34d6759c69fb18b7702b90f72633e8e8172973e52241,107,"[""Proportional Baseline Exp 1"",""69384851"",""0""]",Proportional,40,3.8708297674937824,0.09512362203609319,0.6289807164415899,0.8
recurrent,continued,43,470,3bcb6bb2871153c8c95f34d6759c69fb18b7702b90f72633e8e8172973e52241,111,"[""Proportional Baseline Exp 1"",""76356479"",""0""]",Proportional,40,3.390921454166778,0.23341678449850417,0.5019083939375486,0.7
recurrent,continued,43,470,3bcb6bb2871153c8c95f34d6759c69fb18b7702b90f72633e8e8172973e52241,117,"[""Proportional Baseline Exp 1"",""85019022"",""0""]",Proportional,40,4.30107651376254,0.12066412046814974,0.6753337595862573,0.825
