family,budget,seed,selected_epoch,checkpoint_sha256,group_index,group_key,mechanism,nonforced_choices,nll
constant,original,17,120,c99c319cf9c64781d61deb6caada1836e56765a004db61ad3325d487e43e9538,11,"[""Equal Baseline Exp 1"",""30843571"",""0""]",Equal,20,2.748928558130822
constant,original,17,120,c99c319cf9c64781d61deb6caada1836e56765a004db61ad3325d487e43e9538,13,"[""Equal Baseline Exp 1"",""35368456"",""0""]",Equal,40,1.5312475783502653
constant,original,17,120,c99c319cf9c64781d61deb6caada1836e56765a004db61ad3325d487e43e9538,20,"[""Equal Baseline Exp 1"",""40800498"",""0""]",Equal,28,2.284748706842135
constant,original,17,120,c99c319cf9c64781d61deb6caada1836e56765a004db61ad3325d487e43e9538,25,"[""Equal Baseline Exp 1"",""46096247"",""0""]",Equal,48,1.9463064785678916
constant,original,17,120,c99c319cf9c64781d61deb6caada1836e56765a004db61ad3325d487e43e9538,31,"[""Equal Baseline Exp 1"",""75670883"",""0""]",Equal,20,2.6804186096582
constant,original,17,120,c99c319cf9c64781d61deb6caada1836e56765a004db61ad3325d487e43e9538,35,"[""Equal Baseline Exp 1"",""92291462"",""0""]",Equal,28,2.2581165581735556
constant,original,17,120,c99c319cf9c64781d61deb6caada1836e56765a004db61ad3325d487e43e9538,36,"[""Equal Baseline Exp 1"",""92992435"",""0""]",Equal,52,2.6680256353723952
constant,original,17,120,c99c319cf9c64781d61deb6caada1836e56765a004db61ad3325d487e43e9538,38,"[""Equal Baseline Exp 1"",""94815040"",""0""]",Equal,16,2.8694915339034757
constant,original,17,120,c99c319cf9c64781d61deb6caada1836e56765a004db61ad3325d487e43e9538,44,"[""Mixed Baseline Exp 1"",""18823620"",""0""]",Mixed,160,2.7408975179890187
constant,original,17,120,c99c319cf9c64781d61deb6caada1836e56765a004db61ad3325d487e43e9538,47,"[""Mixed Baseline Exp 1"",""26185795"",""0""]",Mixed,160,2.658486547968959
constant,original,17,120,c99c319cf9c64781d61deb6caada1836e56765a004db61ad3325d487e43e9538,52,"[""Mixed Baseline Exp 1"",""37465807"",""0""]",Mixed,160,3.3383340478599806
constant,original,17,120,c99c319cf9c64781d61deb6caada1836e56765a004db61ad3325d487e43e9538,57,"[""Mixed Baseline Exp 1"",""47841996"",""0""]",Mixed,38,2.169572075209543
constant,original,17,120,c99c319cf9c64781d61deb6caada1836e56765a004db61ad3325d487e43e9538,60,"[""Mixed Baseline Exp 1"",""50116627"",""0""]",Mixed,144,3.2611680697641305
constant,original,17,120,c99c319cf9c64781d61deb6caada1836e56765a004db61ad3325d487e43e9538,64,"[""Mixed Baseline Exp 1"",""64291720"",""0""]",Mixed,160,2.424785790584864
constant,original,17,120,c99c319cf9c64781d61deb6caada1836e56765a004db61ad3325d487e43e9538,73,"[""Mixed Baseline Exp 1"",""85460730"",""0""]",Mixed,138,2.7892811830882476
constant,original,17,120,c99c319cf9c64781d61deb6caada1836e56765a004db61ad3325d487e43e9538,78,"[""Mixed Baseline Exp 1"",""95675568"",""0""]",Mixed,47,2.1998363407925274
constant,original,17,120,c99c319cf9c64781d61deb6caada1836e56765a004db61ad3325d487e43e9538,80,"[""Proportional Baseline Exp 1"",""11095201"",""0""]",Proportional,57,3.506825472705703
constant,original,17,120,c99c319cf9c64781d61deb6caada1836e56765a004db61ad3325d487e43e9538,82,"[""Proportional Baseline Exp 1"",""14606420"",""0""]",Proportional,26,2.7961394914044595
constant,original,17,120,c99c319cf9c64781d61deb6caada1836e56765a004db61ad3325d487e43e9538,89,"[""Proportional Baseline Exp 1"",""36303454"",""0""]",Proportional,104,3.7637254194648126
constant,original,17,120,c99c319cf9c64781d61deb6caada1836e56765a004db61ad3325d487e43e9538,97,"[""Proportional Baseline Exp 1"",""45673270"",""0""]",Proportional,89,2.9242370854544872
constant,original,17,120,c99c319cf9c64781d61deb6caada1836e56765a004db61ad3325d487e43e9538,104,"[""Proportional Baseline Exp 1"",""63752993"",""0""]",Proportional,88,3.438578109167821
constant,original,17,120,c99c319cf9c64781d61deb6caada1836e56765a004db61ad3325d487e43e9538,107,"[""Proportional Baseline Exp 1"",""69384851"",""0""]",Proportional,83,3.6728541569983055
constant,original,17,120,c99c319cf9c64781d61deb6caada1836e56765a004db61ad3325d487e43e9538,111,"[""Proportional Baseline Exp 1"",""76356479"",""0""]",Proportional,88,2.4675056786187026
constant,original,17,120,c99c319cf9c64781d61deb6caada1836e56765a004db61ad3325d487e43e9538,117,"[""Proportional Baseline Exp 1"",""85019022"",""0""]",Proportional,52,4.537925283881005
constant,original,17,120,c99c319cf9c64781d61deb6caada1836e56765a004db61ad3325d487e43e9538,122,"[""RL Agent (M1) Exp 1"",""20532812"",""0""]",M1,136,3.3728392974789556
constant,original,17,120,c99c319cf9c64781d61deb6caada1836e56765a004db61ad3325d487e43e9538,124,"[""RL Agent (M1) Exp 1"",""22263006"",""0""]",M1,22,3.002338187271394
constant,original,17,120,c99c319cf9c64781d61deb6caada1836e56765a004db61ad3325d487e43e9538,129,"[""RL Agent (M1) Exp 1"",""39583963"",""0""]",M1,92,3.1356295097280653
constant,original,17,120,c99c319cf9c64781d61deb6caada1836e56765a004db61ad3325d487e43e9538,130,"[""RL Agent (M1) Exp 1"",""47817874"",""0""]",M1,46,3.828715478788476
constant,original,17,120,c99c319cf9c64781d61deb6caada1836e56765a004db61ad3325d487e43e9538,132,"[""RL Agent (M1) Exp 1"",""49408957"",""0""]",M1,27,2.6936683524513856
constant,original,17,120,c99c319cf9c64781d61deb6caada1836e56765a004db61ad3325d487e43e9538,138,"[""RL Agent (M1) Exp 1"",""57404481"",""0""]",M1,95,3.0599998018949033
constant,original,17,120,c99c319cf9c64781d61deb6caada1836e56765a004db61ad3325d487e43e9538,140,"[""RL Agent (M1) Exp 1"",""63504480"",""0""]",M1,150,3.435816199581609
constant,original,17,120,c99c319cf9c64781d61deb6caada1836e56765a004db61ad3325d487e43e9538,159,"[""RL Agent (M1) Exp 1"",""96535892"",""0""]",M1,25,3.3095085113009164
constant,original,29,120,57709ffb15d56b9568f688cc56441bc3ec90c3a4777a1dad918676331a755a8b,11,"[""Equal Baseline Exp 1"",""30843571"",""0""]",Equal,20,2.7501630677928133
constant,original,29,120,57709ffb15d56b9568f688cc56441bc3ec90c3a4777a1dad918676331a755a8b,13,"[""Equal Baseline Exp 1"",""35368456"",""0""]",Equal,40,1.5252242442488322
constant,original,29,120,57709ffb15d56b9568f688cc56441bc3ec90c3a4777a1dad918676331a755a8b,20,"[""Equal Baseline Exp 1"",""40800498"",""0""]",Equal,28,2.283141015071744
constant,original,29,120,57709ffb15d56b9568f688cc56441bc3ec90c3a4777a1dad918676331a755a8b,25,"[""Equal Baseline Exp 1"",""46096247"",""0""]",Equal,48,1.9517698583947076
constant,original,29,120,57709ffb15d56b9568f688cc56441bc3ec90c3a4777a1dad918676331a755a8b,31,"[""Equal Baseline Exp 1"",""75670883"",""0""]",Equal,20,2.684362155342754
constant,original,29,120,57709ffb15d56b9568f688cc56441bc3ec90c3a4777a1dad918676331a755a8b,35,"[""Equal Baseline Exp 1"",""92291462"",""0""]",Equal,28,2.25810877418979
constant,original,29,120,57709ffb15d56b9568f688cc56441bc3ec90c3a4777a1dad918676331a755a8b,36,"[""Equal Baseline Exp 1"",""92992435"",""0""]",Equal,52,2.6745382548876364
constant,original,29,120,57709ffb15d56b9568f688cc56441bc3ec90c3a4777a1dad918676331a755a8b,38,"[""Equal Baseline Exp 1"",""94815040"",""0""]",Equal,16,2.8640390404259635
constant,original,29,120,57709ffb15d56b9568f688cc56441bc3ec90c3a4777a1dad918676331a755a8b,44,"[""Mixed Baseline Exp 1"",""18823620"",""0""]",Mixed,160,2.747386967569566
constant,original,29,120,57709ffb15d56b9568f688cc56441bc3ec90c3a4777a1dad918676331a755a8b,47,"[""Mixed Baseline Exp 1"",""26185795"",""0""]",Mixed,160,2.66627781924163
constant,original,29,120,57709ffb15d56b9568f688cc56441bc3ec90c3a4777a1dad918676331a755a8b,52,"[""Mixed Baseline Exp 1"",""37465807"",""0""]",Mixed,160,3.342851982931981
constant,original,29,120,57709ffb15d56b9568f688cc56441bc3ec90c3a4777a1dad918676331a755a8b,57,"[""Mixed Baseline Exp 1"",""47841996"",""0""]",Mixed,38,2.175819361716826
constant,original,29,120,57709ffb15d56b9568f688cc56441bc3ec90c3a4777a1dad918676331a755a8b,60,"[""Mixed Baseline Exp 1"",""50116627"",""0""]",Mixed,144,3.2589993664659334
constant,original,29,120,57709ffb15d56b9568f688cc56441bc3ec90c3a4777a1dad918676331a755a8b,64,"[""Mixed Baseline Exp 1"",""64291720"",""0""]",Mixed,160,2.4302375723903005
constant,original,29,120,57709ffb15d56b9568f688cc56441bc3ec90c3a4777a1dad918676331a755a8b,73,"[""Mixed Baseline Exp 1"",""85460730"",""0""]",Mixed,138,2.7936976948458496
constant,original,29,120,57709ffb15d56b9568f688cc56441bc3ec90c3a4777a1dad918676331a755a8b,78,"[""Mixed Baseline Exp 1"",""95675568"",""0""]",Mixed,47,2.1982932734241203
constant,original,29,120,57709ffb15d56b9568f688cc56441bc3ec90c3a4777a1dad918676331a755a8b,80,"[""Proportional Baseline Exp 1"",""11095201"",""0""]",Proportional,57,3.510346596648192
constant,original,29,120,57709ffb15d56b9568f688cc56441bc3ec90c3a4777a1dad918676331a755a8b,82,"[""Proportional Baseline Exp 1"",""14606420"",""0""]",Proportional,26,2.7994251815922224
constant,original,29,120,57709ffb15d56b9568f688cc56441bc3ec90c3a4777a1dad918676331a755a8b,89,"[""Proportional Baseline Exp 1"",""36303454"",""0""]",Proportional,104,3.7666011344053945
constant,original,29,120,57709ffb15d56b9568f688cc56441bc3ec90c3a4777a1dad918676331a755a8b,97,"[""Proportional Baseline Exp 1"",""45673270"",""0""]",Proportional,89,2.940999249282748
constant,original,29,120,57709ffb15d56b9568f688cc56441bc3ec90c3a4777a1dad918676331a755a8b,104,"[""Proportional Baseline Exp 1"",""63752993"",""0""]",Proportional,88,3.447961540542772
constant,original,29,120,57709ffb15d56b9568f688cc56441bc3ec90c3a4777a1dad918676331a755a8b,107,"[""Proportional Baseline Exp 1"",""69384851"",""0""]",Proportional,83,3.674684796500761
constant,original,29,120,57709ffb15d56b9568f688cc56441bc3ec90c3a4777a1dad918676331a755a8b,111,"[""Proportional Baseline Exp 1"",""76356479"",""0""]",Proportional,88,2.474347521762845
constant,original,29,120,57709ffb15d56b9568f688cc56441bc3ec90c3a4777a1dad918676331a755a8b,117,"[""Proportional Baseline Exp 1"",""85019022"",""0""]",Proportional,52,4.540550814482995
constant,original,29,120,57709ffb15d56b9568f688cc56441bc3ec90c3a4777a1dad918676331a755a8b,122,"[""RL Agent (M1) Exp 1"",""20532812"",""0""]",M1,136,3.3727343979514908
constant,original,29,120,57709ffb15d56b9568f688cc56441bc3ec90c3a4777a1dad918676331a755a8b,124,"[""RL Agent (M1) Exp 1"",""22263006"",""0""]",M1,22,3.005818547479395
constant,original,29,120,57709ffb15d56b9568f688cc56441bc3ec90c3a4777a1dad918676331a755a8b,129,"[""RL Agent (M1) Exp 1"",""39583963"",""0""]",M1,92,3.136769616745195
constant,original,29,120,57709ffb15d56b9568f688cc56441bc3ec90c3a4777a1dad918676331a755a8b,130,"[""RL Agent (M1) Exp 1"",""47817874"",""0""]",M1,46,3.8331050357187517
constant,original,29,120,57709ffb15d56b9568f688cc56441bc3ec90c3a4777a1dad918676331a755a8b,132,"[""RL Agent (M1) Exp 1"",""49408957"",""0""]",M1,27,2.6981690887842444
constant,original,29,120,57709ffb15d56b9568f688cc56441bc3ec90c3a4777a1dad918676331a755a8b,138,"[""RL Agent (M1) Exp 1"",""57404481"",""0""]",M1,95,3.0666672135002164
constant,original,29,120,57709ffb15d56b9568f688cc56441bc3ec90c3a4777a1dad918676331a755a8b,140,"[""RL Agent (M1) Exp 1"",""63504480"",""0""]",M1,150,3.4362455741692246
constant,original,29,120,57709ffb15d56b9568f688cc56441bc3ec90c3a4777a1dad918676331a755a8b,159,"[""RL Agent (M1) Exp 1"",""96535892"",""0""]",M1,25,3.3161787849182383
constant,original,43,120,4d44dd4d21f404db3b0b785d5d59a737b5a01bcf0afa0588e49c58dfb161cc77,11,"[""Equal Baseline Exp 1"",""30843571"",""0""]",Equal,20,2.75230356371864
constant,original,43,120,4d44dd4d21f404db3b0b785d5d59a737b5a01bcf0afa0588e49c58dfb161cc77,13,"[""Equal Baseline Exp 1"",""35368456"",""0""]",Equal,40,1.5338410759597374
constant,original,43,120,4d44dd4d21f404db3b0b785d5d59a737b5a01bcf0afa0588e49c58dfb161cc77,20,"[""Equal Baseline Exp 1"",""40800498"",""0""]",Equal,28,2.2832747650016683
constant,original,43,120,4d44dd4d21f404db3b0b785d5d59a737b5a01bcf0afa0588e49c58dfb161cc77,25,"[""Equal Baseline Exp 1"",""46096247"",""0""]",Equal,48,1.9441488043865143
constant,original,43,120,4d44dd4d21f404db3b0b785d5d59a737b5a01bcf0afa0588e49c58dfb161cc77,31,"[""Equal Baseline Exp 1"",""75670883"",""0""]",Equal,20,2.6794568114814963
constant,original,43,120,4d44dd4d21f404db3b0b785d5d59a737b5a01bcf0afa0588e49c58dfb161cc77,35,"[""Equal Baseline Exp 1"",""92291462"",""0""]",Equal,28,2.25311630087364
constant,original,43,120,4d44dd4d21f404db3b0b785d5d59a737b5a01bcf0afa0588e49c58dfb161cc77,36,"[""Equal Baseline Exp 1"",""92992435"",""0""]",Equal,52,2.6594193836952966
constant,original,43,120,4d44dd4d21f404db3b0b785d5d59a737b5a01bcf0afa0588e49c58dfb161cc77,38,"[""Equal Baseline Exp 1"",""94815040"",""0""]",Equal,16,2.8681682428945683
constant,original,43,120,4d44dd4d21f404db3b0b785d5d59a737b5a01bcf0afa0588e49c58dfb161cc77,44,"[""Mixed Baseline Exp 1"",""18823620"",""0""]",Mixed,160,2.7394185199784347
constant,original,43,120,4d44dd4d21f404db3b0b785d5d59a737b5a01bcf0afa0588e49c58dfb161cc77,47,"[""Mixed Baseline Exp 1"",""26185795"",""0""]",Mixed,160,2.652739699461528
constant,original,43,120,4d44dd4d21f404db3b0b785d5d59a737b5a01bcf0afa0588e49c58dfb161cc77,52,"[""Mixed Baseline Exp 1"",""37465807"",""0""]",Mixed,160,3.3259596569545287
constant,original,43,120,4d44dd4d21f404db3b0b785d5d59a737b5a01bcf0afa0588e49c58dfb161cc77,57,"[""Mixed Baseline Exp 1"",""47841996"",""0""]",Mixed,38,2.1656276024537164
constant,original,43,120,4d44dd4d21f404db3b0b785d5d59a737b5a01bcf0afa0588e49c58dfb161cc77,60,"[""Mixed Baseline Exp 1"",""50116627"",""0""]",Mixed,144,3.265360606949343
constant,original,43,120,4d44dd4d21f404db3b0b785d5d59a737b5a01bcf0afa0588e49c58dfb161cc77,64,"[""Mixed Baseline Exp 1"",""64291720"",""0""]",Mixed,160,2.416337173769226
constant,original,43,120,4d44dd4d21f404db3b0b785d5d59a737b5a01bcf0afa0588e49c58dfb161cc77,73,"[""Mixed Baseline Exp 1"",""85460730"",""0""]",Mixed,138,2.7883662577112616
constant,original,43,120,4d44dd4d21f404db3b0b785d5d59a737b5a01bcf0afa0588e49c58dfb161cc77,78,"[""Mixed Baseline Exp 1"",""95675568"",""0""]",Mixed,47,2.199216506017005
constant,original,43,120,4d44dd4d21f404db3b0b785d5d59a737b5a01bcf0afa0588e49c58dfb161cc77,80,"[""Proportional Baseline Exp 1"",""11095201"",""0""]",Proportional,57,3.49762004014315
constant,original,43,120,4d44dd4d21f404db3b0b785d5d59a737b5a01bcf0afa0588e49c58dfb161cc77,82,"[""Proportional Baseline Exp 1"",""14606420"",""0""]",Proportional,26,2.790750524051989
constant,original,43,120,4d44dd4d21f404db3b0b785d5d59a737b5a01bcf0afa0588e49c58dfb161cc77,89,"[""Proportional Baseline Exp 1"",""36303454"",""0""]",Proportional,104,3.755240708556566
constant,original,43,120,4d44dd4d21f404db3b0b785d5d59a737b5a01bcf0afa0588e49c58dfb161cc77,97,"[""Proportional Baseline Exp 1"",""45673270"",""0""]",Proportional,89,2.9363587531103064
constant,original,43,120,4d44dd4d21f404db3b0b785d5d59a737b5a01bcf0afa0588e49c58dfb161cc77,104,"[""Proportional Baseline Exp 1"",""63752993"",""0""]",Proportional,88,3.4384530528206896
constant,original,43,120,4d44dd4d21f404db3b0b785d5d59a737b5a01bcf0afa0588e49c58dfb161cc77,107,"[""Proportional Baseline Exp 1"",""69384851"",""0""]",Proportional,83,3.663613153687101
constant,original,43,120,4d44dd4d21f404db3b0b785d5d59a737b5a01bcf0afa0588e49c58dfb161cc77,111,"[""Proportional Baseline Exp 1"",""76356479"",""0""]",Proportional,88,2.4651491744279537
constant,original,43,120,4d44dd4d21f404db3b0b785d5d59a737b5a01bcf0afa0588e49c58dfb161cc77,117,"[""Proportional Baseline Exp 1"",""85019022"",""0""]",Proportional,52,4.530565759878481
constant,original,43,120,4d44dd4d21f404db3b0b785d5d59a737b5a01bcf0afa0588e49c58dfb161cc77,122,"[""RL Agent (M1) Exp 1"",""20532812"",""0""]",M1,136,3.364380462121617
constant,original,43,120,4d44dd4d21f404db3b0b785d5d59a737b5a01bcf0afa0588e49c58dfb161cc77,124,"[""RL Agent (M1) Exp 1"",""22263006"",""0""]",M1,22,2.997259926694515
constant,original,43,120,4d44dd4d21f404db3b0b785d5d59a737b5a01bcf0afa0588e49c58dfb161cc77,129,"[""RL Agent (M1) Exp 1"",""39583963"",""0""]",M1,92,3.1299379744186733
constant,original,43,120,4d44dd4d21f404db3b0b785d5d59a737b5a01bcf0afa0588e49c58dfb161cc77,130,"[""RL Agent (M1) Exp 1"",""47817874"",""0""]",M1,46,3.81914415416601
constant,original,43,120,4d44dd4d21f404db3b0b785d5d59a737b5a01bcf0afa0588e49c58dfb161cc77,132,"[""RL Agent (M1) Exp 1"",""49408957"",""0""]",M1,27,2.691609559373419
constant,original,43,120,4d44dd4d21f404db3b0b785d5d59a737b5a01bcf0afa0588e49c58dfb161cc77,138,"[""RL Agent (M1) Exp 1"",""57404481"",""0""]",M1,95,3.0645636018543283
constant,original,43,120,4d44dd4d21f404db3b0b785d5d59a737b5a01bcf0afa0588e49c58dfb161cc77,140,"[""RL Agent (M1) Exp 1"",""63504480"",""0""]",M1,150,3.4322788407639115
constant,original,43,120,4d44dd4d21f404db3b0b785d5d59a737b5a01bcf0afa0588e49c58dfb161cc77,159,"[""RL Agent (M1) Exp 1"",""96535892"",""0""]",M1,25,3.306762135431471
linear,original,17,120,c920fe932cf7cfad9e9e5928c07e0b5b5bab4d0732c8bd1d21c9c99063847ee2,11,"[""Equal Baseline Exp 1"",""30843571"",""0""]",Equal,20,2.713452024874006
linear,original,17,120,c920fe932cf7cfad9e9e5928c07e0b5b5bab4d0732c8bd1d21c9c99063847ee2,13,"[""Equal Baseline Exp 1"",""35368456"",""0""]",Equal,40,1.5473280084419585
linear,original,17,120,c920fe932cf7cfad9e9e5928c07e0b5b5bab4d0732c8bd1d21c9c99063847ee2,20,"[""Equal Baseline Exp 1"",""40800498"",""0""]",Equal,28,2.2156881738296788
linear,original,17,120,c920fe932cf7cfad9e9e5928c07e0b5b5bab4d0732c8bd1d21c9c99063847ee2,25,"[""Equal Baseline Exp 1"",""46096247"",""0""]",Equal,48,1.9628423447900165
linear,original,17,120,c920fe932cf7cfad9e9e5928c07e0b5b5bab4d0732c8bd1d21c9c99063847ee2,31,"[""Equal Baseline Exp 1"",""75670883"",""0""]",Equal,20,2.599947233469628
linear,original,17,120,c920fe932cf7cfad9e9e5928c07e0b5b5bab4d0732c8bd1d21c9c99063847ee2,35,"[""Equal Baseline Exp 1"",""92291462"",""0""]",Equal,28,2.2577947501344378
linear,original,17,120,c920fe932cf7cfad9e9e5928c07e0b5b5bab4d0732c8bd1d21c9c99063847ee2,36,"[""Equal Baseline Exp 1"",""92992435"",""0""]",Equal,52,2.6675663996859353
linear,original,17,120,c920fe932cf7cfad9e9e5928c07e0b5b5bab4d0732c8bd1d21c9c99063847ee2,38,"[""Equal Baseline Exp 1"",""94815040"",""0""]",Equal,16,2.7679206257861253
linear,original,17,120,c920fe932cf7cfad9e9e5928c07e0b5b5bab4d0732c8bd1d21c9c99063847ee2,44,"[""Mixed Baseline Exp 1"",""18823620"",""0""]",Mixed,160,2.779776258562166
linear,original,17,120,c920fe932cf7cfad9e9e5928c07e0b5b5bab4d0732c8bd1d21c9c99063847ee2,47,"[""Mixed Baseline Exp 1"",""26185795"",""0""]",Mixed,160,2.711779555519785
linear,original,17,120,c920fe932cf7cfad9e9e5928c07e0b5b5bab4d0732c8bd1d21c9c99063847ee2,52,"[""Mixed Baseline Exp 1"",""37465807"",""0""]",Mixed,160,3.206982102463127
linear,original,17,120,c920fe932cf7cfad9e9e5928c07e0b5b5bab4d0732c8bd1d21c9c99063847ee2,57,"[""Mixed Baseline Exp 1"",""47841996"",""0""]",Mixed,38,2.1818910637423423
linear,original,17,120,c920fe932cf7cfad9e9e5928c07e0b5b5bab4d0732c8bd1d21c9c99063847ee2,60,"[""Mixed Baseline Exp 1"",""50116627"",""0""]",Mixed,144,3.2727169716342264
linear,original,17,120,c920fe932cf7cfad9e9e5928c07e0b5b5bab4d0732c8bd1d21c9c99063847ee2,64,"[""Mixed Baseline Exp 1"",""64291720"",""0""]",Mixed,160,2.574008350809833
linear,original,17,120,c920fe932cf7cfad9e9e5928c07e0b5b5bab4d0732c8bd1d21c9c99063847ee2,73,"[""Mixed Baseline Exp 1"",""85460730"",""0""]",Mixed,138,2.7216086589958053
linear,original,17,120,c920fe932cf7cfad9e9e5928c07e0b5b5bab4d0732c8bd1d21c9c99063847ee2,78,"[""Mixed Baseline Exp 1"",""95675568"",""0""]",Mixed,47,2.0925534067681872
linear,original,17,120,c920fe932cf7cfad9e9e5928c07e0b5b5bab4d0732c8bd1d21c9c99063847ee2,80,"[""Proportional Baseline Exp 1"",""11095201"",""0""]",Proportional,57,3.4693776069653133
linear,original,17,120,c920fe932cf7cfad9e9e5928c07e0b5b5bab4d0732c8bd1d21c9c99063847ee2,82,"[""Proportional Baseline Exp 1"",""14606420"",""0""]",Proportional,26,2.702615508861887
linear,original,17,120,c920fe932cf7cfad9e9e5928c07e0b5b5bab4d0732c8bd1d21c9c99063847ee2,89,"[""Proportional Baseline Exp 1"",""36303454"",""0""]",Proportional,104,3.4481172778780342
linear,original,17,120,c920fe932cf7cfad9e9e5928c07e0b5b5bab4d0732c8bd1d21c9c99063847ee2,97,"[""Proportional Baseline Exp 1"",""45673270"",""0""]",Proportional,89,3.0959165070740657
linear,original,17,120,c920fe932cf7cfad9e9e5928c07e0b5b5bab4d0732c8bd1d21c9c99063847ee2,104,"[""Proportional Baseline Exp 1"",""63752993"",""0""]",Proportional,88,3.2829551394022642
linear,original,17,120,c920fe932cf7cfad9e9e5928c07e0b5b5bab4d0732c8bd1d21c9c99063847ee2,107,"[""Proportional Baseline Exp 1"",""69384851"",""0""]",Proportional,83,3.334286663856522
linear,original,17,120,c920fe932cf7cfad9e9e5928c07e0b5b5bab4d0732c8bd1d21c9c99063847ee2,111,"[""Proportional Baseline Exp 1"",""76356479"",""0""]",Proportional,88,2.539842503463736
linear,original,17,120,c920fe932cf7cfad9e9e5928c07e0b5b5bab4d0732c8bd1d21c9c99063847ee2,117,"[""Proportional Baseline Exp 1"",""85019022"",""0""]",Proportional,52,4.273119249861761
linear,original,17,120,c920fe932cf7cfad9e9e5928c07e0b5b5bab4d0732c8bd1d21c9c99063847ee2,122,"[""RL Agent (M1) Exp 1"",""20532812"",""0""]",M1,136,3.188593745519738
linear,original,17,120,c920fe932cf7cfad9e9e5928c07e0b5b5bab4d0732c8bd1d21c9c99063847ee2,124,"[""RL Agent (M1) Exp 1"",""22263006"",""0""]",M1,22,2.843702427664768
linear,original,17,120,c920fe932cf7cfad9e9e5928c07e0b5b5bab4d0732c8bd1d21c9c99063847ee2,129,"[""RL Agent (M1) Exp 1"",""39583963"",""0""]",M1,92,3.00789151342474
linear,original,17,120,c920fe932cf7cfad9e9e5928c07e0b5b5bab4d0732c8bd1d21c9c99063847ee2,130,"[""RL Agent (M1) Exp 1"",""47817874"",""0""]",M1,46,3.6850852462716905
linear,original,17,120,c920fe932cf7cfad9e9e5928c07e0b5b5bab4d0732c8bd1d21c9c99063847ee2,132,"[""RL Agent (M1) Exp 1"",""49408957"",""0""]",M1,27,2.7250881470619714
linear,original,17,120,c920fe932cf7cfad9e9e5928c07e0b5b5bab4d0732c8bd1d21c9c99063847ee2,138,"[""RL Agent (M1) Exp 1"",""57404481"",""0""]",M1,95,3.081546147131559
linear,original,17,120,c920fe932cf7cfad9e9e5928c07e0b5b5bab4d0732c8bd1d21c9c99063847ee2,140,"[""RL Agent (M1) Exp 1"",""63504480"",""0""]",M1,150,3.3054730805085226
linear,original,17,120,c920fe932cf7cfad9e9e5928c07e0b5b5bab4d0732c8bd1d21c9c99063847ee2,159,"[""RL Agent (M1) Exp 1"",""96535892"",""0""]",M1,25,3.313629672487453
linear,original,29,120,1d746fff5df3a3d384c965301ae19af31b63dc48c1d5c4b1f86f1c5d36995c8c,11,"[""Equal Baseline Exp 1"",""30843571"",""0""]",Equal,20,2.7124303481136645
linear,original,29,120,1d746fff5df3a3d384c965301ae19af31b63dc48c1d5c4b1f86f1c5d36995c8c,13,"[""Equal Baseline Exp 1"",""35368456"",""0""]",Equal,40,1.5573014627235982
linear,original,29,120,1d746fff5df3a3d384c965301ae19af31b63dc48c1d5c4b1f86f1c5d36995c8c,20,"[""Equal Baseline Exp 1"",""40800498"",""0""]",Equal,28,2.210633748694837
linear,original,29,120,1d746fff5df3a3d384c965301ae19af31b63dc48c1d5c4b1f86f1c5d36995c8c,25,"[""Equal Baseline Exp 1"",""46096247"",""0""]",Equal,48,1.949883445493809
linear,original,29,120,1d746fff5df3a3d384c965301ae19af31b63dc48c1d5c4b1f86f1c5d36995c8c,31,"[""Equal Baseline Exp 1"",""75670883"",""0""]",Equal,20,2.582379707260921
linear,original,29,120,1d746fff5df3a3d384c965301ae19af31b63dc48c1d5c4b1f86f1c5d36995c8c,35,"[""Equal Baseline Exp 1"",""92291462"",""0""]",Equal,28,2.241790842439819
linear,original,29,120,1d746fff5df3a3d384c965301ae19af31b63dc48c1d5c4b1f86f1c5d36995c8c,36,"[""Equal Baseline Exp 1"",""92992435"",""0""]",Equal,52,2.648016512596132
linear,original,29,120,1d746fff5df3a3d384c965301ae19af31b63dc48c1d5c4b1f86f1c5d36995c8c,38,"[""Equal Baseline Exp 1"",""94815040"",""0""]",Equal,16,2.7602371934959176
linear,original,29,120,1d746fff5df3a3d384c965301ae19af31b63dc48c1d5c4b1f86f1c5d36995c8c,44,"[""Mixed Baseline Exp 1"",""18823620"",""0""]",Mixed,160,2.775898158353469
linear,original,29,120,1d746fff5df3a3d384c965301ae19af31b63dc48c1d5c4b1f86f1c5d36995c8c,47,"[""Mixed Baseline Exp 1"",""26185795"",""0""]",Mixed,160,2.7021289537873225
linear,original,29,120,1d746fff5df3a3d384c965301ae19af31b63dc48c1d5c4b1f86f1c5d36995c8c,52,"[""Mixed Baseline Exp 1"",""37465807"",""0""]",Mixed,160,3.207238855803319
linear,original,29,120,1d746fff5df3a3d384c965301ae19af31b63dc48c1d5c4b1f86f1c5d36995c8c,57,"[""Mixed Baseline Exp 1"",""47841996"",""0""]",Mixed,38,2.165215795629593
linear,original,29,120,1d746fff5df3a3d384c965301ae19af31b63dc48c1d5c4b1f86f1c5d36995c8c,60,"[""Mixed Baseline Exp 1"",""50116627"",""0""]",Mixed,144,3.278203670956543
linear,original,29,120,1d746fff5df3a3d384c965301ae19af31b63dc48c1d5c4b1f86f1c5d36995c8c,64,"[""Mixed Baseline Exp 1"",""64291720"",""0""]",Mixed,160,2.5572394583915825
linear,original,29,120,1d746fff5df3a3d384c965301ae19af31b63dc48c1d5c4b1f86f1c5d36995c8c,73,"[""Mixed Baseline Exp 1"",""85460730"",""0""]",Mixed,138,2.712918146455276
linear,original,29,120,1d746fff5df3a3d384c965301ae19af31b63dc48c1d5c4b1f86f1c5d36995c8c,78,"[""Mixed Baseline Exp 1"",""95675568"",""0""]",Mixed,47,2.095220251600959
linear,original,29,120,1d746fff5df3a3d384c965301ae19af31b63dc48c1d5c4b1f86f1c5d36995c8c,80,"[""Proportional Baseline Exp 1"",""11095201"",""0""]",Proportional,57,3.4623364869859223
linear,original,29,120,1d746fff5df3a3d384c965301ae19af31b63dc48c1d5c4b1f86f1c5d36995c8c,82,"[""Proportional Baseline Exp 1"",""14606420"",""0""]",Proportional,26,2.6885173673367815
linear,original,29,120,1d746fff5df3a3d384c965301ae19af31b63dc48c1d5c4b1f86f1c5d36995c8c,89,"[""Proportional Baseline Exp 1"",""36303454"",""0""]",Proportional,104,3.460170020333858
linear,original,29,120,1d746fff5df3a3d384c965301ae19af31b63dc48c1d5c4b1f86f1c5d36995c8c,97,"[""Proportional Baseline Exp 1"",""45673270"",""0""]",Proportional,89,3.0480397380619464
linear,original,29,120,1d746fff5df3a3d384c965301ae19af31b63dc48c1d5c4b1f86f1c5d36995c8c,104,"[""Proportional Baseline Exp 1"",""63752993"",""0""]",Proportional,88,3.2720628969567076
linear,original,29,120,1d746fff5df3a3d384c965301ae19af31b63dc48c1d5c4b1f86f1c5d36995c8c,107,"[""Proportional Baseline Exp 1"",""69384851"",""0""]",Proportional,83,3.3382902177211577
linear,original,29,120,1d746fff5df3a3d384c965301ae19af31b63dc48c1d5c4b1f86f1c5d36995c8c,111,"[""Proportional Baseline Exp 1"",""76356479"",""0""]",Proportional,88,2.5336700163755266
linear,original,29,120,1d746fff5df3a3d384c965301ae19af31b63dc48c1d5c4b1f86f1c5d36995c8c,117,"[""Proportional Baseline Exp 1"",""85019022"",""0""]",Proportional,52,4.286070962611117
linear,original,29,120,1d746fff5df3a3d384c965301ae19af31b63dc48c1d5c4b1f86f1c5d36995c8c,122,"[""RL Agent (M1) Exp 1"",""20532812"",""0""]",M1,136,3.1839214105467994
linear,original,29,120,1d746fff5df3a3d384c965301ae19af31b63dc48c1d5c4b1f86f1c5d36995c8c,124,"[""RL Agent (M1) Exp 1"",""22263006"",""0""]",M1,22,2.8321924227307864
linear,original,29,120,1d746fff5df3a3d384c965301ae19af31b63dc48c1d5c4b1f86f1c5d36995c8c,129,"[""RL Agent (M1) Exp 1"",""39583963"",""0""]",M1,92,3.0114384607537583
linear,original,29,120,1d746fff5df3a3d384c965301ae19af31b63dc48c1d5c4b1f86f1c5d36995c8c,130,"[""RL Agent (M1) Exp 1"",""47817874"",""0""]",M1,46,3.683086236834506
linear,original,29,120,1d746fff5df3a3d384c965301ae19af31b63dc48c1d5c4b1f86f1c5d36995c8c,132,"[""RL Agent (M1) Exp 1"",""49408957"",""0""]",M1,27,2.718333049155396
linear,original,29,120,1d746fff5df3a3d384c965301ae19af31b63dc48c1d5c4b1f86f1c5d36995c8c,138,"[""RL Agent (M1) Exp 1"",""57404481"",""0""]",M1,95,3.0986089551840084
linear,original,29,120,1d746fff5df3a3d384c965301ae19af31b63dc48c1d5c4b1f86f1c5d36995c8c,140,"[""RL Agent (M1) Exp 1"",""63504480"",""0""]",M1,150,3.3189269743633845
linear,original,29,120,1d746fff5df3a3d384c965301ae19af31b63dc48c1d5c4b1f86f1c5d36995c8c,159,"[""RL Agent (M1) Exp 1"",""96535892"",""0""]",M1,25,3.2923813617670583
linear,original,43,120,cab8a69f36f55fcc0e3e6153b71856e08419caf9d5e6de8e74421260e1f115f9,11,"[""Equal Baseline Exp 1"",""30843571"",""0""]",Equal,20,2.7119498465884257
linear,original,43,120,cab8a69f36f55fcc0e3e6153b71856e08419caf9d5e6de8e74421260e1f115f9,13,"[""Equal Baseline Exp 1"",""35368456"",""0""]",Equal,40,1.5543458843170157
linear,original,43,120,cab8a69f36f55fcc0e3e6153b71856e08419caf9d5e6de8e74421260e1f115f9,20,"[""Equal Baseline Exp 1"",""40800498"",""0""]",Equal,28,2.2185809535010983
linear,original,43,120,cab8a69f36f55fcc0e3e6153b71856e08419caf9d5e6de8e74421260e1f115f9,25,"[""Equal Baseline Exp 1"",""46096247"",""0""]",Equal,48,1.9619510410621963
linear,original,43,120,cab8a69f36f55fcc0e3e6153b71856e08419caf9d5e6de8e74421260e1f115f9,31,"[""Equal Baseline Exp 1"",""75670883"",""0""]",Equal,20,2.594591809271183
linear,original,43,120,cab8a69f36f55fcc0e3e6153b71856e08419caf9d5e6de8e74421260e1f115f9,35,"[""Equal Baseline Exp 1"",""92291462"",""0""]",Equal,28,2.2594584869963446
linear,original,43,120,cab8a69f36f55fcc0e3e6153b71856e08419caf9d5e6de8e74421260e1f115f9,36,"[""Equal Baseline Exp 1"",""92992435"",""0""]",Equal,52,2.6637905237543524
linear,original,43,120,cab8a69f36f55fcc0e3e6153b71856e08419caf9d5e6de8e74421260e1f115f9,38,"[""Equal Baseline Exp 1"",""94815040"",""0""]",Equal,16,2.7657164423085
linear,original,43,120,cab8a69f36f55fcc0e3e6153b71856e08419caf9d5e6de8e74421260e1f115f9,44,"[""Mixed Baseline Exp 1"",""18823620"",""0""]",Mixed,160,2.775911934805587
linear,original,43,120,cab8a69f36f55fcc0e3e6153b71856e08419caf9d5e6de8e74421260e1f115f9,47,"[""Mixed Baseline Exp 1"",""26185795"",""0""]",Mixed,160,2.707083036437707
linear,original,43,120,cab8a69f36f55fcc0e3e6153b71856e08419caf9d5e6de8e74421260e1f115f9,52,"[""Mixed Baseline Exp 1"",""37465807"",""0""]",Mixed,160,3.2181301655639203
linear,original,43,120,cab8a69f36f55fcc0e3e6153b71856e08419caf9d5e6de8e74421260e1f115f9,57,"[""Mixed Baseline Exp 1"",""47841996"",""0""]",Mixed,38,2.1813466895201743
linear,original,43,120,cab8a69f36f55fcc0e3e6153b71856e08419caf9d5e6de8e74421260e1f115f9,60,"[""Mixed Baseline Exp 1"",""50116627"",""0""]",Mixed,144,3.2629798739398055
linear,original,43,120,cab8a69f36f55fcc0e3e6153b71856e08419caf9d5e6de8e74421260e1f115f9,64,"[""Mixed Baseline Exp 1"",""64291720"",""0""]",Mixed,160,2.5561165274260866
linear,original,43,120,cab8a69f36f55fcc0e3e6153b71856e08419caf9d5e6de8e74421260e1f115f9,73,"[""Mixed Baseline Exp 1"",""85460730"",""0""]",Mixed,138,2.7224690385421697
linear,original,43,120,cab8a69f36f55fcc0e3e6153b71856e08419caf9d5e6de8e74421260e1f115f9,78,"[""Mixed Baseline Exp 1"",""95675568"",""0""]",Mixed,47,2.099186850064095
linear,original,43,120,cab8a69f36f55fcc0e3e6153b71856e08419caf9d5e6de8e74421260e1f115f9,80,"[""Proportional Baseline Exp 1"",""11095201"",""0""]",Proportional,57,3.476922962548305
linear,original,43,120,cab8a69f36f55fcc0e3e6153b71856e08419caf9d5e6de8e74421260e1f115f9,82,"[""Proportional Baseline Exp 1"",""14606420"",""0""]",Proportional,26,2.703591435633766
linear,original,43,120,cab8a69f36f55fcc0e3e6153b71856e08419caf9d5e6de8e74421260e1f115f9,89,"[""Proportional Baseline Exp 1"",""36303454"",""0""]",Proportional,104,3.463351684400855
linear,original,43,120,cab8a69f36f55fcc0e3e6153b71856e08419caf9d5e6de8e74421260e1f115f9,97,"[""Proportional Baseline Exp 1"",""45673270"",""0""]",Proportional,89,3.087652002893796
linear,original,43,120,cab8a69f36f55fcc0e3e6153b71856e08419caf9d5e6de8e74421260e1f115f9,104,"[""Proportional Baseline Exp 1"",""63752993"",""0""]",Proportional,88,3.284798672835229
linear,original,43,120,cab8a69f36f55fcc0e3e6153b71856e08419caf9d5e6de8e74421260e1f115f9,107,"[""Proportional Baseline Exp 1"",""69384851"",""0""]",Proportional,83,3.36299641168104
linear,original,43,120,cab8a69f36f55fcc0e3e6153b71856e08419caf9d5e6de8e74421260e1f115f9,111,"[""Proportional Baseline Exp 1"",""76356479"",""0""]",Proportional,88,2.5431749443245395
linear,original,43,120,cab8a69f36f55fcc0e3e6153b71856e08419caf9d5e6de8e74421260e1f115f9,117,"[""Proportional Baseline Exp 1"",""85019022"",""0""]",Proportional,52,4.296654974093251
linear,original,43,120,cab8a69f36f55fcc0e3e6153b71856e08419caf9d5e6de8e74421260e1f115f9,122,"[""RL Agent (M1) Exp 1"",""20532812"",""0""]",M1,136,3.24776585406993
linear,original,43,120,cab8a69f36f55fcc0e3e6153b71856e08419caf9d5e6de8e74421260e1f115f9,124,"[""RL Agent (M1) Exp 1"",""22263006"",""0""]",M1,22,2.8549759219046726
linear,original,43,120,cab8a69f36f55fcc0e3e6153b71856e08419caf9d5e6de8e74421260e1f115f9,129,"[""RL Agent (M1) Exp 1"",""39583963"",""0""]",M1,92,3.0366096522828845
linear,original,43,120,cab8a69f36f55fcc0e3e6153b71856e08419caf9d5e6de8e74421260e1f115f9,130,"[""RL Agent (M1) Exp 1"",""47817874"",""0""]",M1,46,3.7110478350968394
linear,original,43,120,cab8a69f36f55fcc0e3e6153b71856e08419caf9d5e6de8e74421260e1f115f9,132,"[""RL Agent (M1) Exp 1"",""49408957"",""0""]",M1,27,2.7195996667643674
linear,original,43,120,cab8a69f36f55fcc0e3e6153b71856e08419caf9d5e6de8e74421260e1f115f9,138,"[""RL Agent (M1) Exp 1"",""57404481"",""0""]",M1,95,3.1110212335238656
linear,original,43,120,cab8a69f36f55fcc0e3e6153b71856e08419caf9d5e6de8e74421260e1f115f9,140,"[""RL Agent (M1) Exp 1"",""63504480"",""0""]",M1,150,3.3229034156980806
linear,original,43,120,cab8a69f36f55fcc0e3e6153b71856e08419caf9d5e6de8e74421260e1f115f9,159,"[""RL Agent (M1) Exp 1"",""96535892"",""0""]",M1,25,3.294952783877372
feedforward,original,17,109,be65c3cf7720e5805db3f1eeb285d832d662e8b54d5684fc51e051e9ce4032a2,11,"[""Equal Baseline Exp 1"",""30843571"",""0""]",Equal,20,2.547638150659142
feedforward,original,17,109,be65c3cf7720e5805db3f1eeb285d832d662e8b54d5684fc51e051e9ce4032a2,13,"[""Equal Baseline Exp 1"",""35368456"",""0""]",Equal,40,1.5086068169204436
feedforward,original,17,109,be65c3cf7720e5805db3f1eeb285d832d662e8b54d5684fc51e051e9ce4032a2,20,"[""Equal Baseline Exp 1"",""40800498"",""0""]",Equal,28,2.08647959523642
feedforward,original,17,109,be65c3cf7720e5805db3f1eeb285d832d662e8b54d5684fc51e051e9ce4032a2,25,"[""Equal Baseline Exp 1"",""46096247"",""0""]",Equal,48,1.7956616299228554
feedforward,original,17,109,be65c3cf7720e5805db3f1eeb285d832d662e8b54d5684fc51e051e9ce4032a2,31,"[""Equal Baseline Exp 1"",""75670883"",""0""]",Equal,20,2.3767366850972875
feedforward,original,17,109,be65c3cf7720e5805db3f1eeb285d832d662e8b54d5684fc51e051e9ce4032a2,35,"[""Equal Baseline Exp 1"",""92291462"",""0""]",Equal,28,2.1120374210154096
feedforward,original,17,109,be65c3cf7720e5805db3f1eeb285d832d662e8b54d5684fc51e051e9ce4032a2,36,"[""Equal Baseline Exp 1"",""92992435"",""0""]",Equal,52,2.430953915319753
feedforward,original,17,109,be65c3cf7720e5805db3f1eeb285d832d662e8b54d5684fc51e051e9ce4032a2,38,"[""Equal Baseline Exp 1"",""94815040"",""0""]",Equal,16,2.6337425945728996
feedforward,original,17,109,be65c3cf7720e5805db3f1eeb285d832d662e8b54d5684fc51e051e9ce4032a2,44,"[""Mixed Baseline Exp 1"",""18823620"",""0""]",Mixed,160,2.916265726725567
feedforward,original,17,109,be65c3cf7720e5805db3f1eeb285d832d662e8b54d5684fc51e051e9ce4032a2,47,"[""Mixed Baseline Exp 1"",""26185795"",""0""]",Mixed,160,2.5994313248102974
feedforward,original,17,109,be65c3cf7720e5805db3f1eeb285d832d662e8b54d5684fc51e051e9ce4032a2,52,"[""Mixed Baseline Exp 1"",""37465807"",""0""]",Mixed,160,3.1594959769147395
feedforward,original,17,109,be65c3cf7720e5805db3f1eeb285d832d662e8b54d5684fc51e051e9ce4032a2,57,"[""Mixed Baseline Exp 1"",""47841996"",""0""]",Mixed,38,1.946040583890143
feedforward,original,17,109,be65c3cf7720e5805db3f1eeb285d832d662e8b54d5684fc51e051e9ce4032a2,60,"[""Mixed Baseline Exp 1"",""50116627"",""0""]",Mixed,144,3.05941509357957
feedforward,original,17,109,be65c3cf7720e5805db3f1eeb285d832d662e8b54d5684fc51e051e9ce4032a2,64,"[""Mixed Baseline Exp 1"",""64291720"",""0""]",Mixed,160,2.4311802901533928
feedforward,original,17,109,be65c3cf7720e5805db3f1eeb285d832d662e8b54d5684fc51e051e9ce4032a2,73,"[""Mixed Baseline Exp 1"",""85460730"",""0""]",Mixed,138,2.6410030637234154
feedforward,original,17,109,be65c3cf7720e5805db3f1eeb285d832d662e8b54d5684fc51e051e9ce4032a2,78,"[""Mixed Baseline Exp 1"",""95675568"",""0""]",Mixed,47,2.0681565890133635
feedforward,original,17,109,be65c3cf7720e5805db3f1eeb285d832d662e8b54d5684fc51e051e9ce4032a2,80,"[""Proportional Baseline Exp 1"",""11095201"",""0""]",Proportional,57,3.0562274294012535
feedforward,original,17,109,be65c3cf7720e5805db3f1eeb285d832d662e8b54d5684fc51e051e9ce4032a2,82,"[""Proportional Baseline Exp 1"",""14606420"",""0""]",Proportional,26,2.603424157526132
feedforward,original,17,109,be65c3cf7720e5805db3f1eeb285d832d662e8b54d5684fc51e051e9ce4032a2,89,"[""Proportional Baseline Exp 1"",""36303454"",""0""]",Proportional,104,3.3670533177742
feedforward,original,17,109,be65c3cf7720e5805db3f1eeb285d832d662e8b54d5684fc51e051e9ce4032a2,97,"[""Proportional Baseline Exp 1"",""45673270"",""0""]",Proportional,89,2.89138580013779
feedforward,original,17,109,be65c3cf7720e5805db3f1eeb285d832d662e8b54d5684fc51e051e9ce4032a2,104,"[""Proportional Baseline Exp 1"",""63752993"",""0""]",Proportional,88,3.215439403594552
feedforward,original,17,109,be65c3cf7720e5805db3f1eeb285d832d662e8b54d5684fc51e051e9ce4032a2,107,"[""Proportional Baseline Exp 1"",""69384851"",""0""]",Proportional,83,3.213327628868289
feedforward,original,17,109,be65c3cf7720e5805db3f1eeb285d832d662e8b54d5684fc51e051e9ce4032a2,111,"[""Proportional Baseline Exp 1"",""76356479"",""0""]",Proportional,88,2.4823961149197316
feedforward,original,17,109,be65c3cf7720e5805db3f1eeb285d832d662e8b54d5684fc51e051e9ce4032a2,117,"[""Proportional Baseline Exp 1"",""85019022"",""0""]",Proportional,52,4.027333104421565
feedforward,original,17,109,be65c3cf7720e5805db3f1eeb285d832d662e8b54d5684fc51e051e9ce4032a2,122,"[""RL Agent (M1) Exp 1"",""20532812"",""0""]",M1,136,2.930646974933704
feedforward,original,17,109,be65c3cf7720e5805db3f1eeb285d832d662e8b54d5684fc51e051e9ce4032a2,124,"[""RL Agent (M1) Exp 1"",""22263006"",""0""]",M1,22,2.7233538458187234
feedforward,original,17,109,be65c3cf7720e5805db3f1eeb285d832d662e8b54d5684fc51e051e9ce4032a2,129,"[""RL Agent (M1) Exp 1"",""39583963"",""0""]",M1,92,2.8706302856767207
feedforward,original,17,109,be65c3cf7720e5805db3f1eeb285d832d662e8b54d5684fc51e051e9ce4032a2,130,"[""RL Agent (M1) Exp 1"",""47817874"",""0""]",M1,46,3.4716464175994592
feedforward,original,17,109,be65c3cf7720e5805db3f1eeb285d832d662e8b54d5684fc51e051e9ce4032a2,132,"[""RL Agent (M1) Exp 1"",""49408957"",""0""]",M1,27,2.641232901621119
feedforward,original,17,109,be65c3cf7720e5805db3f1eeb285d832d662e8b54d5684fc51e051e9ce4032a2,138,"[""RL Agent (M1) Exp 1"",""57404481"",""0""]",M1,95,2.892404327250145
feedforward,original,17,109,be65c3cf7720e5805db3f1eeb285d832d662e8b54d5684fc51e051e9ce4032a2,140,"[""RL Agent (M1) Exp 1"",""63504480"",""0""]",M1,150,2.92300464474778
feedforward,original,17,109,be65c3cf7720e5805db3f1eeb285d832d662e8b54d5684fc51e051e9ce4032a2,159,"[""RL Agent (M1) Exp 1"",""96535892"",""0""]",M1,25,3.521977676484366
feedforward,original,29,116,72769aecba837a6103debf4e06eb9657c7c975953a6c9238c6f38ec4da84fe6f,11,"[""Equal Baseline Exp 1"",""30843571"",""0""]",Equal,20,2.571400077058089
feedforward,original,29,116,72769aecba837a6103debf4e06eb9657c7c975953a6c9238c6f38ec4da84fe6f,13,"[""Equal Baseline Exp 1"",""35368456"",""0""]",Equal,40,1.5213883113585065
feedforward,original,29,116,72769aecba837a6103debf4e06eb9657c7c975953a6c9238c6f38ec4da84fe6f,20,"[""Equal Baseline Exp 1"",""40800498"",""0""]",Equal,28,2.098539468592548
feedforward,original,29,116,72769aecba837a6103debf4e06eb9657c7c975953a6c9238c6f38ec4da84fe6f,25,"[""Equal Baseline Exp 1"",""46096247"",""0""]",Equal,48,1.7980315263997866
feedforward,original,29,116,72769aecba837a6103debf4e06eb9657c7c975953a6c9238c6f38ec4da84fe6f,31,"[""Equal Baseline Exp 1"",""75670883"",""0""]",Equal,20,2.3927422754964542
feedforward,original,29,116,72769aecba837a6103debf4e06eb9657c7c975953a6c9238c6f38ec4da84fe6f,35,"[""Equal Baseline Exp 1"",""92291462"",""0""]",Equal,28,2.1218634274718813
feedforward,original,29,116,72769aecba837a6103debf4e06eb9657c7c975953a6c9238c6f38ec4da84fe6f,36,"[""Equal Baseline Exp 1"",""92992435"",""0""]",Equal,52,2.4178422668168578
feedforward,original,29,116,72769aecba837a6103debf4e06eb9657c7c975953a6c9238c6f38ec4da84fe6f,38,"[""Equal Baseline Exp 1"",""94815040"",""0""]",Equal,16,2.661241432224531
feedforward,original,29,116,72769aecba837a6103debf4e06eb9657c7c975953a6c9238c6f38ec4da84fe6f,44,"[""Mixed Baseline Exp 1"",""18823620"",""0""]",Mixed,160,2.8918762777759293
feedforward,original,29,116,72769aecba837a6103debf4e06eb9657c7c975953a6c9238c6f38ec4da84fe6f,47,"[""Mixed Baseline Exp 1"",""26185795"",""0""]",Mixed,160,2.5725140424036432
feedforward,original,29,116,72769aecba837a6103debf4e06eb9657c7c975953a6c9238c6f38ec4da84fe6f,52,"[""Mixed Baseline Exp 1"",""37465807"",""0""]",Mixed,160,3.1153622811103174
feedforward,original,29,116,72769aecba837a6103debf4e06eb9657c7c975953a6c9238c6f38ec4da84fe6f,57,"[""Mixed Baseline Exp 1"",""47841996"",""0""]",Mixed,38,1.9517247014968035
feedforward,original,29,116,72769aecba837a6103debf4e06eb9657c7c975953a6c9238c6f38ec4da84fe6f,60,"[""Mixed Baseline Exp 1"",""50116627"",""0""]",Mixed,144,3.075579778997329
feedforward,original,29,116,72769aecba837a6103debf4e06eb9657c7c975953a6c9238c6f38ec4da84fe6f,64,"[""Mixed Baseline Exp 1"",""64291720"",""0""]",Mixed,160,2.3931616313077155
feedforward,original,29,116,72769aecba837a6103debf4e06eb9657c7c975953a6c9238c6f38ec4da84fe6f,73,"[""Mixed Baseline Exp 1"",""85460730"",""0""]",Mixed,138,2.6397489549452553
feedforward,original,29,116,72769aecba837a6103debf4e06eb9657c7c975953a6c9238c6f38ec4da84fe6f,78,"[""Mixed Baseline Exp 1"",""95675568"",""0""]",Mixed,47,2.077471666024833
feedforward,original,29,116,72769aecba837a6103debf4e06eb9657c7c975953a6c9238c6f38ec4da84fe6f,80,"[""Proportional Baseline Exp 1"",""11095201"",""0""]",Proportional,57,3.049596711213849
feedforward,original,29,116,72769aecba837a6103debf4e06eb9657c7c975953a6c9238c6f38ec4da84fe6f,82,"[""Proportional Baseline Exp 1"",""14606420"",""0""]",Proportional,26,2.6015694588880005
feedforward,original,29,116,72769aecba837a6103debf4e06eb9657c7c975953a6c9238c6f38ec4da84fe6f,89,"[""Proportional Baseline Exp 1"",""36303454"",""0""]",Proportional,104,3.362518613672367
feedforward,original,29,116,72769aecba837a6103debf4e06eb9657c7c975953a6c9238c6f38ec4da84fe6f,97,"[""Proportional Baseline Exp 1"",""45673270"",""0""]",Proportional,89,2.8911403058503624
feedforward,original,29,116,72769aecba837a6103debf4e06eb9657c7c975953a6c9238c6f38ec4da84fe6f,104,"[""Proportional Baseline Exp 1"",""63752993"",""0""]",Proportional,88,3.218733246404028
feedforward,original,29,116,72769aecba837a6103debf4e06eb9657c7c975953a6c9238c6f38ec4da84fe6f,107,"[""Proportional Baseline Exp 1"",""69384851"",""0""]",Proportional,83,3.193957662376905
feedforward,original,29,116,72769aecba837a6103debf4e06eb9657c7c975953a6c9238c6f38ec4da84fe6f,111,"[""Proportional Baseline Exp 1"",""76356479"",""0""]",Proportional,88,2.50112448502197
feedforward,original,29,116,72769aecba837a6103debf4e06eb9657c7c975953a6c9238c6f38ec4da84fe6f,117,"[""Proportional Baseline Exp 1"",""85019022"",""0""]",Proportional,52,4.052559974775322
feedforward,original,29,116,72769aecba837a6103debf4e06eb9657c7c975953a6c9238c6f38ec4da84fe6f,122,"[""RL Agent (M1) Exp 1"",""20532812"",""0""]",M1,136,2.9284060358941004
feedforward,original,29,116,72769aecba837a6103debf4e06eb9657c7c975953a6c9238c6f38ec4da84fe6f,124,"[""RL Agent (M1) Exp 1"",""22263006"",""0""]",M1,22,2.7201372909330583
feedforward,original,29,116,72769aecba837a6103debf4e06eb9657c7c975953a6c9238c6f38ec4da84fe6f,129,"[""RL Agent (M1) Exp 1"",""39583963"",""0""]",M1,92,2.865399663371444
feedforward,original,29,116,72769aecba837a6103debf4e06eb9657c7c975953a6c9238c6f38ec4da84fe6f,130,"[""RL Agent (M1) Exp 1"",""47817874"",""0""]",M1,46,3.4794941133089834
feedforward,original,29,116,72769aecba837a6103debf4e06eb9657c7c975953a6c9238c6f38ec4da84fe6f,132,"[""RL Agent (M1) Exp 1"",""49408957"",""0""]",M1,27,2.6399164700814812
feedforward,original,29,116,72769aecba837a6103debf4e06eb9657c7c975953a6c9238c6f38ec4da84fe6f,138,"[""RL Agent (M1) Exp 1"",""57404481"",""0""]",M1,95,2.9423235317996075
feedforward,original,29,116,72769aecba837a6103debf4e06eb9657c7c975953a6c9238c6f38ec4da84fe6f,140,"[""RL Agent (M1) Exp 1"",""63504480"",""0""]",M1,150,2.9290995202124193
feedforward,original,29,116,72769aecba837a6103debf4e06eb9657c7c975953a6c9238c6f38ec4da84fe6f,159,"[""RL Agent (M1) Exp 1"",""96535892"",""0""]",M1,25,3.5038642825170854
feedforward,original,43,117,9f2316808439affb020d8d2382b50d0d5f2fa551c8451ed4228e82821cebbe18,11,"[""Equal Baseline Exp 1"",""30843571"",""0""]",Equal,20,2.541905178098255
feedforward,original,43,117,9f2316808439affb020d8d2382b50d0d5f2fa551c8451ed4228e82821cebbe18,13,"[""Equal Baseline Exp 1"",""35368456"",""0""]",Equal,40,1.4821539542571756
feedforward,original,43,117,9f2316808439affb020d8d2382b50d0d5f2fa551c8451ed4228e82821cebbe18,20,"[""Equal Baseline Exp 1"",""40800498"",""0""]",Equal,28,2.0807974608378443
feedforward,original,43,117,9f2316808439affb020d8d2382b50d0d5f2fa551c8451ed4228e82821cebbe18,25,"[""Equal Baseline Exp 1"",""46096247"",""0""]",Equal,48,1.8023388078159381
feedforward,original,43,117,9f2316808439affb020d8d2382b50d0d5f2fa551c8451ed4228e82821cebbe18,31,"[""Equal Baseline Exp 1"",""75670883"",""0""]",Equal,20,2.391464284895987
feedforward,original,43,117,9f2316808439affb020d8d2382b50d0d5f2fa551c8451ed4228e82821cebbe18,35,"[""Equal Baseline Exp 1"",""92291462"",""0""]",Equal,28,2.115139515944531
feedforward,original,43,117,9f2316808439affb020d8d2382b50d0d5f2fa551c8451ed4228e82821cebbe18,36,"[""Equal Baseline Exp 1"",""92992435"",""0""]",Equal,52,2.4368375789773165
feedforward,original,43,117,9f2316808439affb020d8d2382b50d0d5f2fa551c8451ed4228e82821cebbe18,38,"[""Equal Baseline Exp 1"",""94815040"",""0""]",Equal,16,2.6217109556829326
feedforward,original,43,117,9f2316808439affb020d8d2382b50d0d5f2fa551c8451ed4228e82821cebbe18,44,"[""Mixed Baseline Exp 1"",""18823620"",""0""]",Mixed,160,2.90850953883098
feedforward,original,43,117,9f2316808439affb020d8d2382b50d0d5f2fa551c8451ed4228e82821cebbe18,47,"[""Mixed Baseline Exp 1"",""26185795"",""0""]",Mixed,160,2.611723975758866
feedforward,original,43,117,9f2316808439affb020d8d2382b50d0d5f2fa551c8451ed4228e82821cebbe18,52,"[""Mixed Baseline Exp 1"",""37465807"",""0""]",Mixed,160,3.159897097753519
feedforward,original,43,117,9f2316808439affb020d8d2382b50d0d5f2fa551c8451ed4228e82821cebbe18,57,"[""Mixed Baseline Exp 1"",""47841996"",""0""]",Mixed,38,1.9505153328368623
feedforward,original,43,117,9f2316808439affb020d8d2382b50d0d5f2fa551c8451ed4228e82821cebbe18,60,"[""Mixed Baseline Exp 1"",""50116627"",""0""]",Mixed,144,3.009765467232135
feedforward,original,43,117,9f2316808439affb020d8d2382b50d0d5f2fa551c8451ed4228e82821cebbe18,64,"[""Mixed Baseline Exp 1"",""64291720"",""0""]",Mixed,160,2.454685365554745
feedforward,original,43,117,9f2316808439affb020d8d2382b50d0d5f2fa551c8451ed4228e82821cebbe18,73,"[""Mixed Baseline Exp 1"",""85460730"",""0""]",Mixed,138,2.625329266426749
feedforward,original,43,117,9f2316808439affb020d8d2382b50d0d5f2fa551c8451ed4228e82821cebbe18,78,"[""Mixed Baseline Exp 1"",""95675568"",""0""]",Mixed,47,2.06299563429298
feedforward,original,43,117,9f2316808439affb020d8d2382b50d0d5f2fa551c8451ed4228e82821cebbe18,80,"[""Proportional Baseline Exp 1"",""11095201"",""0""]",Proportional,57,3.0370376988901797
feedforward,original,43,117,9f2316808439affb020d8d2382b50d0d5f2fa551c8451ed4228e82821cebbe18,82,"[""Proportional Baseline Exp 1"",""14606420"",""0""]",Proportional,26,2.616968792843073
feedforward,original,43,117,9f2316808439affb020d8d2382b50d0d5f2fa551c8451ed4228e82821cebbe18,89,"[""Proportional Baseline Exp 1"",""36303454"",""0""]",Proportional,104,3.3846503627971547
feedforward,original,43,117,9f2316808439affb020d8d2382b50d0d5f2fa551c8451ed4228e82821cebbe18,97,"[""Proportional Baseline Exp 1"",""45673270"",""0""]",Proportional,89,2.8664794321019977
feedforward,original,43,117,9f2316808439affb020d8d2382b50d0d5f2fa551c8451ed4228e82821cebbe18,104,"[""Proportional Baseline Exp 1"",""63752993"",""0""]",Proportional,88,3.2220833312374526
feedforward,original,43,117,9f2316808439affb020d8d2382b50d0d5f2fa551c8451ed4228e82821cebbe18,107,"[""Proportional Baseline Exp 1"",""69384851"",""0""]",Proportional,83,3.198024196366498
feedforward,original,43,117,9f2316808439affb020d8d2382b50d0d5f2fa551c8451ed4228e82821cebbe18,111,"[""Proportional Baseline Exp 1"",""76356479"",""0""]",Proportional,88,2.4689461573913114
feedforward,original,43,117,9f2316808439affb020d8d2382b50d0d5f2fa551c8451ed4228e82821cebbe18,117,"[""Proportional Baseline Exp 1"",""85019022"",""0""]",Proportional,52,4.059792728592216
feedforward,original,43,117,9f2316808439affb020d8d2382b50d0d5f2fa551c8451ed4228e82821cebbe18,122,"[""RL Agent (M1) Exp 1"",""20532812"",""0""]",M1,136,2.9439042073358532
feedforward,original,43,117,9f2316808439affb020d8d2382b50d0d5f2fa551c8451ed4228e82821cebbe18,124,"[""RL Agent (M1) Exp 1"",""22263006"",""0""]",M1,22,2.733490866593256
feedforward,original,43,117,9f2316808439affb020d8d2382b50d0d5f2fa551c8451ed4228e82821cebbe18,129,"[""RL Agent (M1) Exp 1"",""39583963"",""0""]",M1,92,2.873604104869617
feedforward,original,43,117,9f2316808439affb020d8d2382b50d0d5f2fa551c8451ed4228e82821cebbe18,130,"[""RL Agent (M1) Exp 1"",""47817874"",""0""]",M1,46,3.49342102942433
feedforward,original,43,117,9f2316808439affb020d8d2382b50d0d5f2fa551c8451ed4228e82821cebbe18,132,"[""RL Agent (M1) Exp 1"",""49408957"",""0""]",M1,27,2.6647731974347044
feedforward,original,43,117,9f2316808439affb020d8d2382b50d0d5f2fa551c8451ed4228e82821cebbe18,138,"[""RL Agent (M1) Exp 1"",""57404481"",""0""]",M1,95,2.876222783525577
feedforward,original,43,117,9f2316808439affb020d8d2382b50d0d5f2fa551c8451ed4228e82821cebbe18,140,"[""RL Agent (M1) Exp 1"",""63504480"",""0""]",M1,150,2.9308400922649467
feedforward,original,43,117,9f2316808439affb020d8d2382b50d0d5f2fa551c8451ed4228e82821cebbe18,159,"[""RL Agent (M1) Exp 1"",""96535892"",""0""]",M1,25,3.533135426696368
recurrent,original,17,116,4146b729f335ff47d4f2e59c62a77fc77d8cdc8db568839126dcc5cf41f884a7,11,"[""Equal Baseline Exp 1"",""30843571"",""0""]",Equal,20,2.4505379096543227
recurrent,original,17,116,4146b729f335ff47d4f2e59c62a77fc77d8cdc8db568839126dcc5cf41f884a7,13,"[""Equal Baseline Exp 1"",""35368456"",""0""]",Equal,40,1.5381315846877794
recurrent,original,17,116,4146b729f335ff47d4f2e59c62a77fc77d8cdc8db568839126dcc5cf41f884a7,20,"[""Equal Baseline Exp 1"",""40800498"",""0""]",Equal,28,2.0739717308136227
recurrent,original,17,116,4146b729f335ff47d4f2e59c62a77fc77d8cdc8db568839126dcc5cf41f884a7,25,"[""Equal Baseline Exp 1"",""46096247"",""0""]",Equal,48,1.7909567603529604
recurrent,original,17,116,4146b729f335ff47d4f2e59c62a77fc77d8cdc8db568839126dcc5cf41f884a7,31,"[""Equal Baseline Exp 1"",""75670883"",""0""]",Equal,20,2.218403603522341
recurrent,original,17,116,4146b729f335ff47d4f2e59c62a77fc77d8cdc8db568839126dcc5cf41f884a7,35,"[""Equal Baseline Exp 1"",""92291462"",""0""]",Equal,28,2.0377334560640117
recurrent,original,17,116,4146b729f335ff47d4f2e59c62a77fc77d8cdc8db568839126dcc5cf41f884a7,36,"[""Equal Baseline Exp 1"",""92992435"",""0""]",Equal,52,2.411614101710356
recurrent,original,17,116,4146b729f335ff47d4f2e59c62a77fc77d8cdc8db568839126dcc5cf41f884a7,38,"[""Equal Baseline Exp 1"",""94815040"",""0""]",Equal,16,2.49239721969572
recurrent,original,17,116,4146b729f335ff47d4f2e59c62a77fc77d8cdc8db568839126dcc5cf41f884a7,44,"[""Mixed Baseline Exp 1"",""18823620"",""0""]",Mixed,160,2.6443216293955034
recurrent,original,17,116,4146b729f335ff47d4f2e59c62a77fc77d8cdc8db568839126dcc5cf41f884a7,47,"[""Mixed Baseline Exp 1"",""26185795"",""0""]",Mixed,160,2.39725150094986
recurrent,original,17,116,4146b729f335ff47d4f2e59c62a77fc77d8cdc8db568839126dcc5cf41f884a7,52,"[""Mixed Baseline Exp 1"",""37465807"",""0""]",Mixed,160,2.946614978683221
recurrent,original,17,116,4146b729f335ff47d4f2e59c62a77fc77d8cdc8db568839126dcc5cf41f884a7,57,"[""Mixed Baseline Exp 1"",""47841996"",""0""]",Mixed,38,1.9286493764893375
recurrent,original,17,116,4146b729f335ff47d4f2e59c62a77fc77d8cdc8db568839126dcc5cf41f884a7,60,"[""Mixed Baseline Exp 1"",""50116627"",""0""]",Mixed,144,3.121570570356074
recurrent,original,17,116,4146b729f335ff47d4f2e59c62a77fc77d8cdc8db568839126dcc5cf41f884a7,64,"[""Mixed Baseline Exp 1"",""64291720"",""0""]",Mixed,160,2.1883264692767392
recurrent,original,17,116,4146b729f335ff47d4f2e59c62a77fc77d8cdc8db568839126dcc5cf41f884a7,73,"[""Mixed Baseline Exp 1"",""85460730"",""0""]",Mixed,138,2.757151542916468
recurrent,original,17,116,4146b729f335ff47d4f2e59c62a77fc77d8cdc8db568839126dcc5cf41f884a7,78,"[""Mixed Baseline Exp 1"",""95675568"",""0""]",Mixed,47,2.197714249145502
recurrent,original,17,116,4146b729f335ff47d4f2e59c62a77fc77d8cdc8db568839126dcc5cf41f884a7,80,"[""Proportional Baseline Exp 1"",""11095201"",""0""]",Proportional,57,3.0145919505422007
recurrent,original,17,116,4146b729f335ff47d4f2e59c62a77fc77d8cdc8db568839126dcc5cf41f884a7,82,"[""Proportional Baseline Exp 1"",""14606420"",""0""]",Proportional,26,2.549422793392135
recurrent,original,17,116,4146b729f335ff47d4f2e59c62a77fc77d8cdc8db568839126dcc5cf41f884a7,89,"[""Proportional Baseline Exp 1"",""36303454"",""0""]",Proportional,104,3.375733454572266
recurrent,original,17,116,4146b729f335ff47d4f2e59c62a77fc77d8cdc8db568839126dcc5cf41f884a7,97,"[""Proportional Baseline Exp 1"",""45673270"",""0""]",Proportional,89,2.858206407726929
recurrent,original,17,116,4146b729f335ff47d4f2e59c62a77fc77d8cdc8db568839126dcc5cf41f884a7,104,"[""Proportional Baseline Exp 1"",""63752993"",""0""]",Proportional,88,3.2134979924592453
recurrent,original,17,116,4146b729f335ff47d4f2e59c62a77fc77d8cdc8db568839126dcc5cf41f884a7,107,"[""Proportional Baseline Exp 1"",""69384851"",""0""]",Proportional,83,3.2145731045064307
recurrent,original,17,116,4146b729f335ff47d4f2e59c62a77fc77d8cdc8db568839126dcc5cf41f884a7,111,"[""Proportional Baseline Exp 1"",""76356479"",""0""]",Proportional,88,2.3802147326565364
recurrent,original,17,116,4146b729f335ff47d4f2e59c62a77fc77d8cdc8db568839126dcc5cf41f884a7,117,"[""Proportional Baseline Exp 1"",""85019022"",""0""]",Proportional,52,4.13132069853382
recurrent,original,17,116,4146b729f335ff47d4f2e59c62a77fc77d8cdc8db568839126dcc5cf41f884a7,122,"[""RL Agent (M1) Exp 1"",""20532812"",""0""]",M1,136,2.952740144705652
recurrent,original,17,116,4146b729f335ff47d4f2e59c62a77fc77d8cdc8db568839126dcc5cf41f884a7,124,"[""RL Agent (M1) Exp 1"",""22263006"",""0""]",M1,22,2.6835980141827687
recurrent,original,17,116,4146b729f335ff47d4f2e59c62a77fc77d8cdc8db568839126dcc5cf41f884a7,129,"[""RL Agent (M1) Exp 1"",""39583963"",""0""]",M1,92,3.0264017489455064
recurrent,original,17,116,4146b729f335ff47d4f2e59c62a77fc77d8cdc8db568839126dcc5cf41f884a7,130,"[""RL Agent (M1) Exp 1"",""47817874"",""0""]",M1,46,3.518229465803902
recurrent,original,17,116,4146b729f335ff47d4f2e59c62a77fc77d8cdc8db568839126dcc5cf41f884a7,132,"[""RL Agent (M1) Exp 1"",""49408957"",""0""]",M1,27,2.748327964535679
recurrent,original,17,116,4146b729f335ff47d4f2e59c62a77fc77d8cdc8db568839126dcc5cf41f884a7,138,"[""RL Agent (M1) Exp 1"",""57404481"",""0""]",M1,95,2.8398814043704137
recurrent,original,17,116,4146b729f335ff47d4f2e59c62a77fc77d8cdc8db568839126dcc5cf41f884a7,140,"[""RL Agent (M1) Exp 1"",""63504480"",""0""]",M1,150,2.993247275750883
recurrent,original,17,116,4146b729f335ff47d4f2e59c62a77fc77d8cdc8db568839126dcc5cf41f884a7,159,"[""RL Agent (M1) Exp 1"",""96535892"",""0""]",M1,25,3.4250666864223884
recurrent,original,29,117,25143274613b933909fde59f9c7829f73581c5edb821787fdf4efeb1c2169091,11,"[""Equal Baseline Exp 1"",""30843571"",""0""]",Equal,20,2.457730970682652
recurrent,original,29,117,25143274613b933909fde59f9c7829f73581c5edb821787fdf4efeb1c2169091,13,"[""Equal Baseline Exp 1"",""35368456"",""0""]",Equal,40,1.537434180273388
recurrent,original,29,117,25143274613b933909fde59f9c7829f73581c5edb821787fdf4efeb1c2169091,20,"[""Equal Baseline Exp 1"",""40800498"",""0""]",Equal,28,2.0612715119334006
recurrent,original,29,117,25143274613b933909fde59f9c7829f73581c5edb821787fdf4efeb1c2169091,25,"[""Equal Baseline Exp 1"",""46096247"",""0""]",Equal,48,1.788895260267964
recurrent,original,29,117,25143274613b933909fde59f9c7829f73581c5edb821787fdf4efeb1c2169091,31,"[""Equal Baseline Exp 1"",""75670883"",""0""]",Equal,20,2.2167959539191457
recurrent,original,29,117,25143274613b933909fde59f9c7829f73581c5edb821787fdf4efeb1c2169091,35,"[""Equal Baseline Exp 1"",""92291462"",""0""]",Equal,28,2.0324914342406215
recurrent,original,29,117,25143274613b933909fde59f9c7829f73581c5edb821787fdf4efeb1c2169091,36,"[""Equal Baseline Exp 1"",""92992435"",""0""]",Equal,52,2.41495234305448
recurrent,original,29,117,25143274613b933909fde59f9c7829f73581c5edb821787fdf4efeb1c2169091,38,"[""Equal Baseline Exp 1"",""94815040"",""0""]",Equal,16,2.496824178616849
recurrent,original,29,117,25143274613b933909fde59f9c7829f73581c5edb821787fdf4efeb1c2169091,44,"[""Mixed Baseline Exp 1"",""18823620"",""0""]",Mixed,160,2.6465591809299958
recurrent,original,29,117,25143274613b933909fde59f9c7829f73581c5edb821787fdf4efeb1c2169091,47,"[""Mixed Baseline Exp 1"",""26185795"",""0""]",Mixed,160,2.397035332283643
recurrent,original,29,117,25143274613b933909fde59f9c7829f73581c5edb821787fdf4efeb1c2169091,52,"[""Mixed Baseline Exp 1"",""37465807"",""0""]",Mixed,160,2.9371441211549354
recurrent,original,29,117,25143274613b933909fde59f9c7829f73581c5edb821787fdf4efeb1c2169091,57,"[""Mixed Baseline Exp 1"",""47841996"",""0""]",Mixed,38,1.925543622043772
recurrent,original,29,117,25143274613b933909fde59f9c7829f73581c5edb821787fdf4efeb1c2169091,60,"[""Mixed Baseline Exp 1"",""50116627"",""0""]",Mixed,144,3.1618609545953356
recurrent,original,29,117,25143274613b933909fde59f9c7829f73581c5edb821787fdf4efeb1c2169091,64,"[""Mixed Baseline Exp 1"",""64291720"",""0""]",Mixed,160,2.1945583105064386
recurrent,original,29,117,25143274613b933909fde59f9c7829f73581c5edb821787fdf4efeb1c2169091,73,"[""Mixed Baseline Exp 1"",""85460730"",""0""]",Mixed,138,2.790596450657268
recurrent,original,29,117,25143274613b933909fde59f9c7829f73581c5edb821787fdf4efeb1c2169091,78,"[""Mixed Baseline Exp 1"",""95675568"",""0""]",Mixed,47,2.1898105756704647
recurrent,original,29,117,25143274613b933909fde59f9c7829f73581c5edb821787fdf4efeb1c2169091,80,"[""Proportional Baseline Exp 1"",""11095201"",""0""]",Proportional,57,3.017923643952481
recurrent,original,29,117,25143274613b933909fde59f9c7829f73581c5edb821787fdf4efeb1c2169091,82,"[""Proportional Baseline Exp 1"",""14606420"",""0""]",Proportional,26,2.5665781875850353
recurrent,original,29,117,25143274613b933909fde59f9c7829f73581c5edb821787fdf4efeb1c2169091,89,"[""Proportional Baseline Exp 1"",""36303454"",""0""]",Proportional,104,3.3598498479871135
recurrent,original,29,117,25143274613b933909fde59f9c7829f73581c5edb821787fdf4efeb1c2169091,97,"[""Proportional Baseline Exp 1"",""45673270"",""0""]",Proportional,89,2.85740715020703
recurrent,original,29,117,25143274613b933909fde59f9c7829f73581c5edb821787fdf4efeb1c2169091,104,"[""Proportional Baseline Exp 1"",""63752993"",""0""]",Proportional,88,3.2045487104594303
recurrent,original,29,117,25143274613b933909fde59f9c7829f73581c5edb821787fdf4efeb1c2169091,107,"[""Proportional Baseline Exp 1"",""69384851"",""0""]",Proportional,83,3.1808708262454455
recurrent,original,29,117,25143274613b933909fde59f9c7829f73581c5edb821787fdf4efeb1c2169091,111,"[""Proportional Baseline Exp 1"",""76356479"",""0""]",Proportional,88,2.387503954729788
recurrent,original,29,117,25143274613b933909fde59f9c7829f73581c5edb821787fdf4efeb1c2169091,117,"[""Proportional Baseline Exp 1"",""85019022"",""0""]",Proportional,52,4.196644635371023
recurrent,original,29,117,25143274613b933909fde59f9c7829f73581c5edb821787fdf4efeb1c2169091,122,"[""RL Agent (M1) Exp 1"",""20532812"",""0""]",M1,136,2.961017235066857
recurrent,original,29,117,25143274613b933909fde59f9c7829f73581c5edb821787fdf4efeb1c2169091,124,"[""RL Agent (M1) Exp 1"",""22263006"",""0""]",M1,22,2.693276932795976
recurrent,original,29,117,25143274613b933909fde59f9c7829f73581c5edb821787fdf4efeb1c2169091,129,"[""RL Agent (M1) Exp 1"",""39583963"",""0""]",M1,92,3.0586951443983073
recurrent,original,29,117,25143274613b933909fde59f9c7829f73581c5edb821787fdf4efeb1c2169091,130,"[""RL Agent (M1) Exp 1"",""47817874"",""0""]",M1,46,3.558101020243707
recurrent,original,29,117,25143274613b933909fde59f9c7829f73581c5edb821787fdf4efeb1c2169091,132,"[""RL Agent (M1) Exp 1"",""49408957"",""0""]",M1,27,2.774557004775576
recurrent,original,29,117,25143274613b933909fde59f9c7829f73581c5edb821787fdf4efeb1c2169091,138,"[""RL Agent (M1) Exp 1"",""57404481"",""0""]",M1,95,2.830902087002281
recurrent,original,29,117,25143274613b933909fde59f9c7829f73581c5edb821787fdf4efeb1c2169091,140,"[""RL Agent (M1) Exp 1"",""63504480"",""0""]",M1,150,3.0111891680594165
recurrent,original,29,117,25143274613b933909fde59f9c7829f73581c5edb821787fdf4efeb1c2169091,159,"[""RL Agent (M1) Exp 1"",""96535892"",""0""]",M1,25,3.41668001764614
recurrent,original,43,113,83ea46a7c1f7b5874d32f28d7a0a26cb3f07d77bf57f1682801d3ac26bed14d2,11,"[""Equal Baseline Exp 1"",""30843571"",""0""]",Equal,20,2.4489954717824607
recurrent,original,43,113,83ea46a7c1f7b5874d32f28d7a0a26cb3f07d77bf57f1682801d3ac26bed14d2,13,"[""Equal Baseline Exp 1"",""35368456"",""0""]",Equal,40,1.5394529153393475
recurrent,original,43,113,83ea46a7c1f7b5874d32f28d7a0a26cb3f07d77bf57f1682801d3ac26bed14d2,20,"[""Equal Baseline Exp 1"",""40800498"",""0""]",Equal,28,2.065239803572011
recurrent,original,43,113,83ea46a7c1f7b5874d32f28d7a0a26cb3f07d77bf57f1682801d3ac26bed14d2,25,"[""Equal Baseline Exp 1"",""46096247"",""0""]",Equal,48,1.7937360089837002
recurrent,original,43,113,83ea46a7c1f7b5874d32f28d7a0a26cb3f07d77bf57f1682801d3ac26bed14d2,31,"[""Equal Baseline Exp 1"",""75670883"",""0""]",Equal,20,2.206567998753404
recurrent,original,43,113,83ea46a7c1f7b5874d32f28d7a0a26cb3f07d77bf57f1682801d3ac26bed14d2,35,"[""Equal Baseline Exp 1"",""92291462"",""0""]",Equal,28,2.0319399860926333
recurrent,original,43,113,83ea46a7c1f7b5874d32f28d7a0a26cb3f07d77bf57f1682801d3ac26bed14d2,36,"[""Equal Baseline Exp 1"",""92992435"",""0""]",Equal,52,2.4199655652480123
recurrent,original,43,113,83ea46a7c1f7b5874d32f28d7a0a26cb3f07d77bf57f1682801d3ac26bed14d2,38,"[""Equal Baseline Exp 1"",""94815040"",""0""]",Equal,16,2.4729549973975264
recurrent,original,43,113,83ea46a7c1f7b5874d32f28d7a0a26cb3f07d77bf57f1682801d3ac26bed14d2,44,"[""Mixed Baseline Exp 1"",""18823620"",""0""]",Mixed,160,2.6348638953690404
recurrent,original,43,113,83ea46a7c1f7b5874d32f28d7a0a26cb3f07d77bf57f1682801d3ac26bed14d2,47,"[""Mixed Baseline Exp 1"",""26185795"",""0""]",Mixed,160,2.4116250378704596
recurrent,original,43,113,83ea46a7c1f7b5874d32f28d7a0a26cb3f07d77bf57f1682801d3ac26bed14d2,52,"[""Mixed Baseline Exp 1"",""37465807"",""0""]",Mixed,160,2.9606762949045367
recurrent,original,43,113,83ea46a7c1f7b5874d32f28d7a0a26cb3f07d77bf57f1682801d3ac26bed14d2,57,"[""Mixed Baseline Exp 1"",""47841996"",""0""]",Mixed,38,1.9270051269041222
recurrent,original,43,113,83ea46a7c1f7b5874d32f28d7a0a26cb3f07d77bf57f1682801d3ac26bed14d2,60,"[""Mixed Baseline Exp 1"",""50116627"",""0""]",Mixed,144,3.153276825993226
recurrent,original,43,113,83ea46a7c1f7b5874d32f28d7a0a26cb3f07d77bf57f1682801d3ac26bed14d2,64,"[""Mixed Baseline Exp 1"",""64291720"",""0""]",Mixed,160,2.2137535506687946
recurrent,original,43,113,83ea46a7c1f7b5874d32f28d7a0a26cb3f07d77bf57f1682801d3ac26bed14d2,73,"[""Mixed Baseline Exp 1"",""85460730"",""0""]",Mixed,138,2.7315127730437063
recurrent,original,43,113,83ea46a7c1f7b5874d32f28d7a0a26cb3f07d77bf57f1682801d3ac26bed14d2,78,"[""Mixed Baseline Exp 1"",""95675568"",""0""]",Mixed,47,2.1882955547591467
recurrent,original,43,113,83ea46a7c1f7b5874d32f28d7a0a26cb3f07d77bf57f1682801d3ac26bed14d2,80,"[""Proportional Baseline Exp 1"",""11095201"",""0""]",Proportional,57,3.056677761590548
recurrent,original,43,113,83ea46a7c1f7b5874d32f28d7a0a26cb3f07d77bf57f1682801d3ac26bed14d2,82,"[""Proportional Baseline Exp 1"",""14606420"",""0""]",Proportional,26,2.558236820859122
recurrent,original,43,113,83ea46a7c1f7b5874d32f28d7a0a26cb3f07d77bf57f1682801d3ac26bed14d2,89,"[""Proportional Baseline Exp 1"",""36303454"",""0""]",Proportional,104,3.368829586208074
recurrent,original,43,113,83ea46a7c1f7b5874d32f28d7a0a26cb3f07d77bf57f1682801d3ac26bed14d2,97,"[""Proportional Baseline Exp 1"",""45673270"",""0""]",Proportional,89,2.83792563434765
recurrent,original,43,113,83ea46a7c1f7b5874d32f28d7a0a26cb3f07d77bf57f1682801d3ac26bed14d2,104,"[""Proportional Baseline Exp 1"",""63752993"",""0""]",Proportional,88,3.241708618979726
recurrent,original,43,113,83ea46a7c1f7b5874d32f28d7a0a26cb3f07d77bf57f1682801d3ac26bed14d2,107,"[""Proportional Baseline Exp 1"",""69384851"",""0""]",Proportional,83,3.2040146417840183
recurrent,original,43,113,83ea46a7c1f7b5874d32f28d7a0a26cb3f07d77bf57f1682801d3ac26bed14d2,111,"[""Proportional Baseline Exp 1"",""76356479"",""0""]",Proportional,88,2.385775732360041
recurrent,original,43,113,83ea46a7c1f7b5874d32f28d7a0a26cb3f07d77bf57f1682801d3ac26bed14d2,117,"[""Proportional Baseline Exp 1"",""85019022"",""0""]",Proportional,52,4.201797781973875
recurrent,original,43,113,83ea46a7c1f7b5874d32f28d7a0a26cb3f07d77bf57f1682801d3ac26bed14d2,122,"[""RL Agent (M1) Exp 1"",""20532812"",""0""]",M1,136,2.9488018513719036
recurrent,original,43,113,83ea46a7c1f7b5874d32f28d7a0a26cb3f07d77bf57f1682801d3ac26bed14d2,124,"[""RL Agent (M1) Exp 1"",""22263006"",""0""]",M1,22,2.6746486123431223
recurrent,original,43,113,83ea46a7c1f7b5874d32f28d7a0a26cb3f07d77bf57f1682801d3ac26bed14d2,129,"[""RL Agent (M1) Exp 1"",""39583963"",""0""]",M1,92,3.002987748381206
recurrent,original,43,113,83ea46a7c1f7b5874d32f28d7a0a26cb3f07d77bf57f1682801d3ac26bed14d2,130,"[""RL Agent (M1) Exp 1"",""47817874"",""0""]",M1,46,3.560174785427327
recurrent,original,43,113,83ea46a7c1f7b5874d32f28d7a0a26cb3f07d77bf57f1682801d3ac26bed14d2,132,"[""RL Agent (M1) Exp 1"",""49408957"",""0""]",M1,27,2.739952203471556
recurrent,original,43,113,83ea46a7c1f7b5874d32f28d7a0a26cb3f07d77bf57f1682801d3ac26bed14d2,138,"[""RL Agent (M1) Exp 1"",""57404481"",""0""]",M1,95,2.817666961950151
recurrent,original,43,113,83ea46a7c1f7b5874d32f28d7a0a26cb3f07d77bf57f1682801d3ac26bed14d2,140,"[""RL Agent (M1) Exp 1"",""63504480"",""0""]",M1,150,2.9749699493643464
recurrent,original,43,113,83ea46a7c1f7b5874d32f28d7a0a26cb3f07d77bf57f1682801d3ac26bed14d2,159,"[""RL Agent (M1) Exp 1"",""96535892"",""0""]",M1,25,3.441942197828155
feedforward,continued,17,478,63ddc8400f53191767bb69890a743442f8c8cae9f18a70771b29a8a50b53710c,11,"[""Equal Baseline Exp 1"",""30843571"",""0""]",Equal,20,2.502889955581411
feedforward,continued,17,478,63ddc8400f53191767bb69890a743442f8c8cae9f18a70771b29a8a50b53710c,13,"[""Equal Baseline Exp 1"",""35368456"",""0""]",Equal,40,1.3011542508914302
feedforward,continued,17,478,63ddc8400f53191767bb69890a743442f8c8cae9f18a70771b29a8a50b53710c,20,"[""Equal Baseline Exp 1"",""40800498"",""0""]",Equal,28,2.0349982803788342
feedforward,continued,17,478,63ddc8400f53191767bb69890a743442f8c8cae9f18a70771b29a8a50b53710c,25,"[""Equal Baseline Exp 1"",""46096247"",""0""]",Equal,48,1.7811663263983728
feedforward,continued,17,478,63ddc8400f53191767bb69890a743442f8c8cae9f18a70771b29a8a50b53710c,31,"[""Equal Baseline Exp 1"",""75670883"",""0""]",Equal,20,2.372007896464216
feedforward,continued,17,478,63ddc8400f53191767bb69890a743442f8c8cae9f18a70771b29a8a50b53710c,35,"[""Equal Baseline Exp 1"",""92291462"",""0""]",Equal,28,2.149434383355405
feedforward,continued,17,478,63ddc8400f53191767bb69890a743442f8c8cae9f18a70771b29a8a50b53710c,36,"[""Equal Baseline Exp 1"",""92992435"",""0""]",Equal,52,2.361461261887802
feedforward,continued,17,478,63ddc8400f53191767bb69890a743442f8c8cae9f18a70771b29a8a50b53710c,38,"[""Equal Baseline Exp 1"",""94815040"",""0""]",Equal,16,2.6518520159487986
feedforward,continued,17,478,63ddc8400f53191767bb69890a743442f8c8cae9f18a70771b29a8a50b53710c,44,"[""Mixed Baseline Exp 1"",""18823620"",""0""]",Mixed,160,2.902768785405706
feedforward,continued,17,478,63ddc8400f53191767bb69890a743442f8c8cae9f18a70771b29a8a50b53710c,47,"[""Mixed Baseline Exp 1"",""26185795"",""0""]",Mixed,160,2.522678273562504
feedforward,continued,17,478,63ddc8400f53191767bb69890a743442f8c8cae9f18a70771b29a8a50b53710c,52,"[""Mixed Baseline Exp 1"",""37465807"",""0""]",Mixed,160,3.0156646205984217
feedforward,continued,17,478,63ddc8400f53191767bb69890a743442f8c8cae9f18a70771b29a8a50b53710c,57,"[""Mixed Baseline Exp 1"",""47841996"",""0""]",Mixed,38,1.921960601858324
feedforward,continued,17,478,63ddc8400f53191767bb69890a743442f8c8cae9f18a70771b29a8a50b53710c,60,"[""Mixed Baseline Exp 1"",""50116627"",""0""]",Mixed,144,2.919015098661135
feedforward,continued,17,478,63ddc8400f53191767bb69890a743442f8c8cae9f18a70771b29a8a50b53710c,64,"[""Mixed Baseline Exp 1"",""64291720"",""0""]",Mixed,160,2.3568913027614293
feedforward,continued,17,478,63ddc8400f53191767bb69890a743442f8c8cae9f18a70771b29a8a50b53710c,73,"[""Mixed Baseline Exp 1"",""85460730"",""0""]",Mixed,138,2.58661602127546
feedforward,continued,17,478,63ddc8400f53191767bb69890a743442f8c8cae9f18a70771b29a8a50b53710c,78,"[""Mixed Baseline Exp 1"",""95675568"",""0""]",Mixed,47,2.024412015732943
feedforward,continued,17,478,63ddc8400f53191767bb69890a743442f8c8cae9f18a70771b29a8a50b53710c,80,"[""Proportional Baseline Exp 1"",""11095201"",""0""]",Proportional,57,3.085611448055391
feedforward,continued,17,478,63ddc8400f53191767bb69890a743442f8c8cae9f18a70771b29a8a50b53710c,82,"[""Proportional Baseline Exp 1"",""14606420"",""0""]",Proportional,26,2.6391778619441344
feedforward,continued,17,478,63ddc8400f53191767bb69890a743442f8c8cae9f18a70771b29a8a50b53710c,89,"[""Proportional Baseline Exp 1"",""36303454"",""0""]",Proportional,104,3.277918480693839
feedforward,continued,17,478,63ddc8400f53191767bb69890a743442f8c8cae9f18a70771b29a8a50b53710c,97,"[""Proportional Baseline Exp 1"",""45673270"",""0""]",Proportional,89,2.8720105894644306
feedforward,continued,17,478,63ddc8400f53191767bb69890a743442f8c8cae9f18a70771b29a8a50b53710c,104,"[""Proportional Baseline Exp 1"",""63752993"",""0""]",Proportional,88,3.1757932560848876
feedforward,continued,17,478,63ddc8400f53191767bb69890a743442f8c8cae9f18a70771b29a8a50b53710c,107,"[""Proportional Baseline Exp 1"",""69384851"",""0""]",Proportional,83,3.134622083827472
feedforward,continued,17,478,63ddc8400f53191767bb69890a743442f8c8cae9f18a70771b29a8a50b53710c,111,"[""Proportional Baseline Exp 1"",""76356479"",""0""]",Proportional,88,2.4949076144364564
feedforward,continued,17,478,63ddc8400f53191767bb69890a743442f8c8cae9f18a70771b29a8a50b53710c,117,"[""Proportional Baseline Exp 1"",""85019022"",""0""]",Proportional,52,4.041520227274446
feedforward,continued,17,478,63ddc8400f53191767bb69890a743442f8c8cae9f18a70771b29a8a50b53710c,122,"[""RL Agent (M1) Exp 1"",""20532812"",""0""]",M1,136,2.8484246440725416
feedforward,continued,17,478,63ddc8400f53191767bb69890a743442f8c8cae9f18a70771b29a8a50b53710c,124,"[""RL Agent (M1) Exp 1"",""22263006"",""0""]",M1,22,2.7295377459681665
feedforward,continued,17,478,63ddc8400f53191767bb69890a743442f8c8cae9f18a70771b29a8a50b53710c,129,"[""RL Agent (M1) Exp 1"",""39583963"",""0""]",M1,92,2.795693265964204
feedforward,continued,17,478,63ddc8400f53191767bb69890a743442f8c8cae9f18a70771b29a8a50b53710c,130,"[""RL Agent (M1) Exp 1"",""47817874"",""0""]",M1,46,3.543123626885062
feedforward,continued,17,478,63ddc8400f53191767bb69890a743442f8c8cae9f18a70771b29a8a50b53710c,132,"[""RL Agent (M1) Exp 1"",""49408957"",""0""]",M1,27,2.6869928568752908
feedforward,continued,17,478,63ddc8400f53191767bb69890a743442f8c8cae9f18a70771b29a8a50b53710c,138,"[""RL Agent (M1) Exp 1"",""57404481"",""0""]",M1,95,2.8460282616087627
feedforward,continued,17,478,63ddc8400f53191767bb69890a743442f8c8cae9f18a70771b29a8a50b53710c,140,"[""RL Agent (M1) Exp 1"",""63504480"",""0""]",M1,150,2.867735907049174
feedforward,continued,17,478,63ddc8400f53191767bb69890a743442f8c8cae9f18a70771b29a8a50b53710c,159,"[""RL Agent (M1) Exp 1"",""96535892"",""0""]",M1,25,3.6083508383277474
feedforward,continued,29,444,e64f1d4048b4f9b830d3cd5f6d31465f65e9ac4843161dded476ca275e53e946,11,"[""Equal Baseline Exp 1"",""30843571"",""0""]",Equal,20,2.470696780969481
feedforward,continued,29,444,e64f1d4048b4f9b830d3cd5f6d31465f65e9ac4843161dded476ca275e53e946,13,"[""Equal Baseline Exp 1"",""35368456"",""0""]",Equal,40,1.336101096000737
feedforward,continued,29,444,e64f1d4048b4f9b830d3cd5f6d31465f65e9ac4843161dded476ca275e53e946,20,"[""Equal Baseline Exp 1"",""40800498"",""0""]",Equal,28,2.033819068040455
feedforward,continued,29,444,e64f1d4048b4f9b830d3cd5f6d31465f65e9ac4843161dded476ca275e53e946,25,"[""Equal Baseline Exp 1"",""46096247"",""0""]",Equal,48,1.7844196042460094
feedforward,continued,29,444,e64f1d4048b4f9b830d3cd5f6d31465f65e9ac4843161dded476ca275e53e946,31,"[""Equal Baseline Exp 1"",""75670883"",""0""]",Equal,20,2.360524016469433
feedforward,continued,29,444,e64f1d4048b4f9b830d3cd5f6d31465f65e9ac4843161dded476ca275e53e946,35,"[""Equal Baseline Exp 1"",""92291462"",""0""]",Equal,28,2.1362719780116306
feedforward,continued,29,444,e64f1d4048b4f9b830d3cd5f6d31465f65e9ac4843161dded476ca275e53e946,36,"[""Equal Baseline Exp 1"",""92992435"",""0""]",Equal,52,2.3749672685176457
feedforward,continued,29,444,e64f1d4048b4f9b830d3cd5f6d31465f65e9ac4843161dded476ca275e53e946,38,"[""Equal Baseline Exp 1"",""94815040"",""0""]",Equal,16,2.6176542335210007
feedforward,continued,29,444,e64f1d4048b4f9b830d3cd5f6d31465f65e9ac4843161dded476ca275e53e946,44,"[""Mixed Baseline Exp 1"",""18823620"",""0""]",Mixed,160,2.941642581403768
feedforward,continued,29,444,e64f1d4048b4f9b830d3cd5f6d31465f65e9ac4843161dded476ca275e53e946,47,"[""Mixed Baseline Exp 1"",""26185795"",""0""]",Mixed,160,2.5626555914718194
feedforward,continued,29,444,e64f1d4048b4f9b830d3cd5f6d31465f65e9ac4843161dded476ca275e53e946,52,"[""Mixed Baseline Exp 1"",""37465807"",""0""]",Mixed,160,3.013621990510264
feedforward,continued,29,444,e64f1d4048b4f9b830d3cd5f6d31465f65e9ac4843161dded476ca275e53e946,57,"[""Mixed Baseline Exp 1"",""47841996"",""0""]",Mixed,38,1.9323495610423962
feedforward,continued,29,444,e64f1d4048b4f9b830d3cd5f6d31465f65e9ac4843161dded476ca275e53e946,60,"[""Mixed Baseline Exp 1"",""50116627"",""0""]",Mixed,144,2.977953075818738
feedforward,continued,29,444,e64f1d4048b4f9b830d3cd5f6d31465f65e9ac4843161dded476ca275e53e946,64,"[""Mixed Baseline Exp 1"",""64291720"",""0""]",Mixed,160,2.3992162819649234
feedforward,continued,29,444,e64f1d4048b4f9b830d3cd5f6d31465f65e9ac4843161dded476ca275e53e946,73,"[""Mixed Baseline Exp 1"",""85460730"",""0""]",Mixed,138,2.584443160727275
feedforward,continued,29,444,e64f1d4048b4f9b830d3cd5f6d31465f65e9ac4843161dded476ca275e53e946,78,"[""Mixed Baseline Exp 1"",""95675568"",""0""]",Mixed,47,2.0154951747209373
feedforward,continued,29,444,e64f1d4048b4f9b830d3cd5f6d31465f65e9ac4843161dded476ca275e53e946,80,"[""Proportional Baseline Exp 1"",""11095201"",""0""]",Proportional,57,3.097747844081166
feedforward,continued,29,444,e64f1d4048b4f9b830d3cd5f6d31465f65e9ac4843161dded476ca275e53e946,82,"[""Proportional Baseline Exp 1"",""14606420"",""0""]",Proportional,26,2.619947990450732
feedforward,continued,29,444,e64f1d4048b4f9b830d3cd5f6d31465f65e9ac4843161dded476ca275e53e946,89,"[""Proportional Baseline Exp 1"",""36303454"",""0""]",Proportional,104,3.2811884866463856
feedforward,continued,29,444,e64f1d4048b4f9b830d3cd5f6d31465f65e9ac4843161dded476ca275e53e946,97,"[""Proportional Baseline Exp 1"",""45673270"",""0""]",Proportional,89,2.8264139814822453
feedforward,continued,29,444,e64f1d4048b4f9b830d3cd5f6d31465f65e9ac4843161dded476ca275e53e946,104,"[""Proportional Baseline Exp 1"",""63752993"",""0""]",Proportional,88,3.1445885536433944
feedforward,continued,29,444,e64f1d4048b4f9b830d3cd5f6d31465f65e9ac4843161dded476ca275e53e946,107,"[""Proportional Baseline Exp 1"",""69384851"",""0""]",Proportional,83,3.124999375854342
feedforward,continued,29,444,e64f1d4048b4f9b830d3cd5f6d31465f65e9ac4843161dded476ca275e53e946,111,"[""Proportional Baseline Exp 1"",""76356479"",""0""]",Proportional,88,2.5204478699233865
feedforward,continued,29,444,e64f1d4048b4f9b830d3cd5f6d31465f65e9ac4843161dded476ca275e53e946,117,"[""Proportional Baseline Exp 1"",""85019022"",""0""]",Proportional,52,4.0761518380972745
feedforward,continued,29,444,e64f1d4048b4f9b830d3cd5f6d31465f65e9ac4843161dded476ca275e53e946,122,"[""RL Agent (M1) Exp 1"",""20532812"",""0""]",M1,136,2.852352544914727
feedforward,continued,29,444,e64f1d4048b4f9b830d3cd5f6d31465f65e9ac4843161dded476ca275e53e946,124,"[""RL Agent (M1) Exp 1"",""22263006"",""0""]",M1,22,2.737910412485555
feedforward,continued,29,444,e64f1d4048b4f9b830d3cd5f6d31465f65e9ac4843161dded476ca275e53e946,129,"[""RL Agent (M1) Exp 1"",""39583963"",""0""]",M1,92,2.8145422968304974
feedforward,continued,29,444,e64f1d4048b4f9b830d3cd5f6d31465f65e9ac4843161dded476ca275e53e946,130,"[""RL Agent (M1) Exp 1"",""47817874"",""0""]",M1,46,3.538419177977507
feedforward,continued,29,444,e64f1d4048b4f9b830d3cd5f6d31465f65e9ac4843161dded476ca275e53e946,132,"[""RL Agent (M1) Exp 1"",""49408957"",""0""]",M1,27,2.6488735947604076
feedforward,continued,29,444,e64f1d4048b4f9b830d3cd5f6d31465f65e9ac4843161dded476ca275e53e946,138,"[""RL Agent (M1) Exp 1"",""57404481"",""0""]",M1,95,2.855203267866977
feedforward,continued,29,444,e64f1d4048b4f9b830d3cd5f6d31465f65e9ac4843161dded476ca275e53e946,140,"[""RL Agent (M1) Exp 1"",""63504480"",""0""]",M1,150,2.838849110372299
feedforward,continued,29,444,e64f1d4048b4f9b830d3cd5f6d31465f65e9ac4843161dded476ca275e53e946,159,"[""RL Agent (M1) Exp 1"",""96535892"",""0""]",M1,25,3.5342686798637235
feedforward,continued,43,473,6a1e6a7ef5770e5cb77a129d7c941aabd21f8b4fcac17e8b615fb4d61cd9b0e1,11,"[""Equal Baseline Exp 1"",""30843571"",""0""]",Equal,20,2.49096803170036
feedforward,continued,43,473,6a1e6a7ef5770e5cb77a129d7c941aabd21f8b4fcac17e8b615fb4d61cd9b0e1,13,"[""Equal Baseline Exp 1"",""35368456"",""0""]",Equal,40,1.297863005769358
feedforward,continued,43,473,6a1e6a7ef5770e5cb77a129d7c941aabd21f8b4fcac17e8b615fb4d61cd9b0e1,20,"[""Equal Baseline Exp 1"",""40800498"",""0""]",Equal,28,2.0369867389854046
feedforward,continued,43,473,6a1e6a7ef5770e5cb77a129d7c941aabd21f8b4fcac17e8b615fb4d61cd9b0e1,25,"[""Equal Baseline Exp 1"",""46096247"",""0""]",Equal,48,1.7824429756332707
feedforward,continued,43,473,6a1e6a7ef5770e5cb77a129d7c941aabd21f8b4fcac17e8b615fb4d61cd9b0e1,31,"[""Equal Baseline Exp 1"",""75670883"",""0""]",Equal,20,2.3714207802592435
feedforward,continued,43,473,6a1e6a7ef5770e5cb77a129d7c941aabd21f8b4fcac17e8b615fb4d61cd9b0e1,35,"[""Equal Baseline Exp 1"",""92291462"",""0""]",Equal,28,2.146729498644339
feedforward,continued,43,473,6a1e6a7ef5770e5cb77a129d7c941aabd21f8b4fcac17e8b615fb4d61cd9b0e1,36,"[""Equal Baseline Exp 1"",""92992435"",""0""]",Equal,52,2.36496578305746
feedforward,continued,43,473,6a1e6a7ef5770e5cb77a129d7c941aabd21f8b4fcac17e8b615fb4d61cd9b0e1,38,"[""Equal Baseline Exp 1"",""94815040"",""0""]",Equal,16,2.651596322172151
feedforward,continued,43,473,6a1e6a7ef5770e5cb77a129d7c941aabd21f8b4fcac17e8b615fb4d61cd9b0e1,44,"[""Mixed Baseline Exp 1"",""18823620"",""0""]",Mixed,160,2.9143308442727345
feedforward,continued,43,473,6a1e6a7ef5770e5cb77a129d7c941aabd21f8b4fcac17e8b615fb4d61cd9b0e1,47,"[""Mixed Baseline Exp 1"",""26185795"",""0""]",Mixed,160,2.540584523829578
feedforward,continued,43,473,6a1e6a7ef5770e5cb77a129d7c941aabd21f8b4fcac17e8b615fb4d61cd9b0e1,52,"[""Mixed Baseline Exp 1"",""37465807"",""0""]",Mixed,160,3.017860529463495
feedforward,continued,43,473,6a1e6a7ef5770e5cb77a129d7c941aabd21f8b4fcac17e8b615fb4d61cd9b0e1,57,"[""Mixed Baseline Exp 1"",""47841996"",""0""]",Mixed,38,1.9304562347330854
feedforward,continued,43,473,6a1e6a7ef5770e5cb77a129d7c941aabd21f8b4fcac17e8b615fb4d61cd9b0e1,60,"[""Mixed Baseline Exp 1"",""50116627"",""0""]",Mixed,144,2.9368511631292216
feedforward,continued,43,473,6a1e6a7ef5770e5cb77a129d7c941aabd21f8b4fcac17e8b615fb4d61cd9b0e1,64,"[""Mixed Baseline Exp 1"",""64291720"",""0""]",Mixed,160,2.371767958512225
feedforward,continued,43,473,6a1e6a7ef5770e5cb77a129d7c941aabd21f8b4fcac17e8b615fb4d61cd9b0e1,73,"[""Mixed Baseline Exp 1"",""85460730"",""0""]",Mixed,138,2.5670275983615807
feedforward,continued,43,473,6a1e6a7ef5770e5cb77a129d7c941aabd21f8b4fcac17e8b615fb4d61cd9b0e1,78,"[""Mixed Baseline Exp 1"",""95675568"",""0""]",Mixed,47,2.029267777255552
feedforward,continued,43,473,6a1e6a7ef5770e5cb77a129d7c941aabd21f8b4fcac17e8b615fb4d61cd9b0e1,80,"[""Proportional Baseline Exp 1"",""11095201"",""0""]",Proportional,57,3.1048941009867166
feedforward,continued,43,473,6a1e6a7ef5770e5cb77a129d7c941aabd21f8b4fcac17e8b615fb4d61cd9b0e1,82,"[""Proportional Baseline Exp 1"",""14606420"",""0""]",Proportional,26,2.6457360724366525
feedforward,continued,43,473,6a1e6a7ef5770e5cb77a129d7c941aabd21f8b4fcac17e8b615fb4d61cd9b0e1,89,"[""Proportional Baseline Exp 1"",""36303454"",""0""]",Proportional,104,3.283164354360188
feedforward,continued,43,473,6a1e6a7ef5770e5cb77a129d7c941aabd21f8b4fcac17e8b615fb4d61cd9b0e1,97,"[""Proportional Baseline Exp 1"",""45673270"",""0""]",Proportional,89,2.809965835009978
feedforward,continued,43,473,6a1e6a7ef5770e5cb77a129d7c941aabd21f8b4fcac17e8b615fb4d61cd9b0e1,104,"[""Proportional Baseline Exp 1"",""63752993"",""0""]",Proportional,88,3.143618677901709
feedforward,continued,43,473,6a1e6a7ef5770e5cb77a129d7c941aabd21f8b4fcac17e8b615fb4d61cd9b0e1,107,"[""Proportional Baseline Exp 1"",""69384851"",""0""]",Proportional,83,3.1240946421356526
feedforward,continued,43,473,6a1e6a7ef5770e5cb77a129d7c941aabd21f8b4fcac17e8b615fb4d61cd9b0e1,111,"[""Proportional Baseline Exp 1"",""76356479"",""0""]",Proportional,88,2.5117871413397705
feedforward,continued,43,473,6a1e6a7ef5770e5cb77a129d7c941aabd21f8b4fcac17e8b615fb4d61cd9b0e1,117,"[""Proportional Baseline Exp 1"",""85019022"",""0""]",Proportional,52,4.070593493265799
feedforward,continued,43,473,6a1e6a7ef5770e5cb77a129d7c941aabd21f8b4fcac17e8b615fb4d61cd9b0e1,122,"[""RL Agent (M1) Exp 1"",""20532812"",""0""]",M1,136,2.828630923067795
feedforward,continued,43,473,6a1e6a7ef5770e5cb77a129d7c941aabd21f8b4fcac17e8b615fb4d61cd9b0e1,124,"[""RL Agent (M1) Exp 1"",""22263006"",""0""]",M1,22,2.7415069365422426
feedforward,continued,43,473,6a1e6a7ef5770e5cb77a129d7c941aabd21f8b4fcac17e8b615fb4d61cd9b0e1,129,"[""RL Agent (M1) Exp 1"",""39583963"",""0""]",M1,92,2.8134633778386444
feedforward,continued,43,473,6a1e6a7ef5770e5cb77a129d7c941aabd21f8b4fcac17e8b615fb4d61cd9b0e1,130,"[""RL Agent (M1) Exp 1"",""47817874"",""0""]",M1,46,3.528962728689828
feedforward,continued,43,473,6a1e6a7ef5770e5cb77a129d7c941aabd21f8b4fcac17e8b615fb4d61cd9b0e1,132,"[""RL Agent (M1) Exp 1"",""49408957"",""0""]",M1,27,2.682462179321136
feedforward,continued,43,473,6a1e6a7ef5770e5cb77a129d7c941aabd21f8b4fcac17e8b615fb4d61cd9b0e1,138,"[""RL Agent (M1) Exp 1"",""57404481"",""0""]",M1,95,2.869204863736493
feedforward,continued,43,473,6a1e6a7ef5770e5cb77a129d7c941aabd21f8b4fcac17e8b615fb4d61cd9b0e1,140,"[""RL Agent (M1) Exp 1"",""63504480"",""0""]",M1,150,2.8517830395711767
feedforward,continued,43,473,6a1e6a7ef5770e5cb77a129d7c941aabd21f8b4fcac17e8b615fb4d61cd9b0e1,159,"[""RL Agent (M1) Exp 1"",""96535892"",""0""]",M1,25,3.581275221815422
recurrent,continued,17,476,a8f92a9c4693f2c4efb1175208ad11230ff2b9c74c26ab466d117ec36676b61e,11,"[""Equal Baseline Exp 1"",""30843571"",""0""]",Equal,20,2.2627283422127635
recurrent,continued,17,476,a8f92a9c4693f2c4efb1175208ad11230ff2b9c74c26ab466d117ec36676b61e,13,"[""Equal Baseline Exp 1"",""35368456"",""0""]",Equal,40,1.384028392735507
recurrent,continued,17,476,a8f92a9c4693f2c4efb1175208ad11230ff2b9c74c26ab466d117ec36676b61e,20,"[""Equal Baseline Exp 1"",""40800498"",""0""]",Equal,28,1.9427926459082436
recurrent,continued,17,476,a8f92a9c4693f2c4efb1175208ad11230ff2b9c74c26ab466d117ec36676b61e,25,"[""Equal Baseline Exp 1"",""46096247"",""0""]",Equal,48,1.7474555037950585
recurrent,continued,17,476,a8f92a9c4693f2c4efb1175208ad11230ff2b9c74c26ab466d117ec36676b61e,31,"[""Equal Baseline Exp 1"",""75670883"",""0""]",Equal,20,2.0994495087584557
recurrent,continued,17,476,a8f92a9c4693f2c4efb1175208ad11230ff2b9c74c26ab466d117ec36676b61e,35,"[""Equal Baseline Exp 1"",""92291462"",""0""]",Equal,28,2.0134212617430025
recurrent,continued,17,476,a8f92a9c4693f2c4efb1175208ad11230ff2b9c74c26ab466d117ec36676b61e,36,"[""Equal Baseline Exp 1"",""92992435"",""0""]",Equal,52,2.299116969100811
recurrent,continued,17,476,a8f92a9c4693f2c4efb1175208ad11230ff2b9c74c26ab466d117ec36676b61e,38,"[""Equal Baseline Exp 1"",""94815040"",""0""]",Equal,16,2.4672767561447984
recurrent,continued,17,476,a8f92a9c4693f2c4efb1175208ad11230ff2b9c74c26ab466d117ec36676b61e,44,"[""Mixed Baseline Exp 1"",""18823620"",""0""]",Mixed,160,2.705123823589827
recurrent,continued,17,476,a8f92a9c4693f2c4efb1175208ad11230ff2b9c74c26ab466d117ec36676b61e,47,"[""Mixed Baseline Exp 1"",""26185795"",""0""]",Mixed,160,2.3371805214455086
recurrent,continued,17,476,a8f92a9c4693f2c4efb1175208ad11230ff2b9c74c26ab466d117ec36676b61e,52,"[""Mixed Baseline Exp 1"",""37465807"",""0""]",Mixed,160,2.7837742640465786
recurrent,continued,17,476,a8f92a9c4693f2c4efb1175208ad11230ff2b9c74c26ab466d117ec36676b61e,57,"[""Mixed Baseline Exp 1"",""47841996"",""0""]",Mixed,38,1.8789028976677395
recurrent,continued,17,476,a8f92a9c4693f2c4efb1175208ad11230ff2b9c74c26ab466d117ec36676b61e,60,"[""Mixed Baseline Exp 1"",""50116627"",""0""]",Mixed,144,3.0127321218138556
recurrent,continued,17,476,a8f92a9c4693f2c4efb1175208ad11230ff2b9c74c26ab466d117ec36676b61e,64,"[""Mixed Baseline Exp 1"",""64291720"",""0""]",Mixed,160,2.0980782915087857
recurrent,continued,17,476,a8f92a9c4693f2c4efb1175208ad11230ff2b9c74c26ab466d117ec36676b61e,73,"[""Mixed Baseline Exp 1"",""85460730"",""0""]",Mixed,138,2.5622035765525495
recurrent,continued,17,476,a8f92a9c4693f2c4efb1175208ad11230ff2b9c74c26ab466d117ec36676b61e,78,"[""Mixed Baseline Exp 1"",""95675568"",""0""]",Mixed,47,2.21191883922732
recurrent,continued,17,476,a8f92a9c4693f2c4efb1175208ad11230ff2b9c74c26ab466d117ec36676b61e,80,"[""Proportional Baseline Exp 1"",""11095201"",""0""]",Proportional,57,2.8318212695820435
recurrent,continued,17,476,a8f92a9c4693f2c4efb1175208ad11230ff2b9c74c26ab466d117ec36676b61e,82,"[""Proportional Baseline Exp 1"",""14606420"",""0""]",Proportional,26,2.539040436677949
recurrent,continued,17,476,a8f92a9c4693f2c4efb1175208ad11230ff2b9c74c26ab466d117ec36676b61e,89,"[""Proportional Baseline Exp 1"",""36303454"",""0""]",Proportional,104,3.316274194044193
recurrent,continued,17,476,a8f92a9c4693f2c4efb1175208ad11230ff2b9c74c26ab466d117ec36676b61e,97,"[""Proportional Baseline Exp 1"",""45673270"",""0""]",Proportional,89,2.7575081035584947
recurrent,continued,17,476,a8f92a9c4693f2c4efb1175208ad11230ff2b9c74c26ab466d117ec36676b61e,104,"[""Proportional Baseline Exp 1"",""63752993"",""0""]",Proportional,88,3.092397868373077
recurrent,continued,17,476,a8f92a9c4693f2c4efb1175208ad11230ff2b9c74c26ab466d117ec36676b61e,107,"[""Proportional Baseline Exp 1"",""69384851"",""0""]",Proportional,83,3.069136354304308
recurrent,continued,17,476,a8f92a9c4693f2c4efb1175208ad11230ff2b9c74c26ab466d117ec36676b61e,111,"[""Proportional Baseline Exp 1"",""76356479"",""0""]",Proportional,88,2.3287784631992703
recurrent,continued,17,476,a8f92a9c4693f2c4efb1175208ad11230ff2b9c74c26ab466d117ec36676b61e,117,"[""Proportional Baseline Exp 1"",""85019022"",""0""]",Proportional,52,4.040528601259665
recurrent,continued,17,476,a8f92a9c4693f2c4efb1175208ad11230ff2b9c74c26ab466d117ec36676b61e,122,"[""RL Agent (M1) Exp 1"",""20532812"",""0""]",M1,136,2.8797643837453
recurrent,continued,17,476,a8f92a9c4693f2c4efb1175208ad11230ff2b9c74c26ab466d117ec36676b61e,124,"[""RL Agent (M1) Exp 1"",""22263006"",""0""]",M1,22,2.623907100897117
recurrent,continued,17,476,a8f92a9c4693f2c4efb1175208ad11230ff2b9c74c26ab466d117ec36676b61e,129,"[""RL Agent (M1) Exp 1"",""39583963"",""0""]",M1,92,2.9193343521332697
recurrent,continued,17,476,a8f92a9c4693f2c4efb1175208ad11230ff2b9c74c26ab466d117ec36676b61e,130,"[""RL Agent (M1) Exp 1"",""47817874"",""0""]",M1,46,3.4472565151581183
recurrent,continued,17,476,a8f92a9c4693f2c4efb1175208ad11230ff2b9c74c26ab466d117ec36676b61e,132,"[""RL Agent (M1) Exp 1"",""49408957"",""0""]",M1,27,2.774489457272938
recurrent,continued,17,476,a8f92a9c4693f2c4efb1175208ad11230ff2b9c74c26ab466d117ec36676b61e,138,"[""RL Agent (M1) Exp 1"",""57404481"",""0""]",M1,95,2.6823708366737082
recurrent,continued,17,476,a8f92a9c4693f2c4efb1175208ad11230ff2b9c74c26ab466d117ec36676b61e,140,"[""RL Agent (M1) Exp 1"",""63504480"",""0""]",M1,150,2.7068016611166654
recurrent,continued,17,476,a8f92a9c4693f2c4efb1175208ad11230ff2b9c74c26ab466d117ec36676b61e,159,"[""RL Agent (M1) Exp 1"",""96535892"",""0""]",M1,25,3.8001207666754793
recurrent,continued,29,460,d85aae54aeba7cf9de9a453c743dbaac3af05ae43385c8592b54f6d40694fc4f,11,"[""Equal Baseline Exp 1"",""30843571"",""0""]",Equal,20,2.2646976490643427
recurrent,continued,29,460,d85aae54aeba7cf9de9a453c743dbaac3af05ae43385c8592b54f6d40694fc4f,13,"[""Equal Baseline Exp 1"",""35368456"",""0""]",Equal,40,1.4008432369611286
recurrent,continued,29,460,d85aae54aeba7cf9de9a453c743dbaac3af05ae43385c8592b54f6d40694fc4f,20,"[""Equal Baseline Exp 1"",""40800498"",""0""]",Equal,28,1.941547813410479
recurrent,continued,29,460,d85aae54aeba7cf9de9a453c743dbaac3af05ae43385c8592b54f6d40694fc4f,25,"[""Equal Baseline Exp 1"",""46096247"",""0""]",Equal,48,1.749609401439242
recurrent,continued,29,460,d85aae54aeba7cf9de9a453c743dbaac3af05ae43385c8592b54f6d40694fc4f,31,"[""Equal Baseline Exp 1"",""75670883"",""0""]",Equal,20,2.112471392378784
recurrent,continued,29,460,d85aae54aeba7cf9de9a453c743dbaac3af05ae43385c8592b54f6d40694fc4f,35,"[""Equal Baseline Exp 1"",""92291462"",""0""]",Equal,28,2.0163403814921583
recurrent,continued,29,460,d85aae54aeba7cf9de9a453c743dbaac3af05ae43385c8592b54f6d40694fc4f,36,"[""Equal Baseline Exp 1"",""92992435"",""0""]",Equal,52,2.3289619697367603
recurrent,continued,29,460,d85aae54aeba7cf9de9a453c743dbaac3af05ae43385c8592b54f6d40694fc4f,38,"[""Equal Baseline Exp 1"",""94815040"",""0""]",Equal,16,2.4699692050167132
recurrent,continued,29,460,d85aae54aeba7cf9de9a453c743dbaac3af05ae43385c8592b54f6d40694fc4f,44,"[""Mixed Baseline Exp 1"",""18823620"",""0""]",Mixed,160,2.722693301482471
recurrent,continued,29,460,d85aae54aeba7cf9de9a453c743dbaac3af05ae43385c8592b54f6d40694fc4f,47,"[""Mixed Baseline Exp 1"",""26185795"",""0""]",Mixed,160,2.3402636939763797
recurrent,continued,29,460,d85aae54aeba7cf9de9a453c743dbaac3af05ae43385c8592b54f6d40694fc4f,52,"[""Mixed Baseline Exp 1"",""37465807"",""0""]",Mixed,160,2.806831877263252
recurrent,continued,29,460,d85aae54aeba7cf9de9a453c743dbaac3af05ae43385c8592b54f6d40694fc4f,57,"[""Mixed Baseline Exp 1"",""47841996"",""0""]",Mixed,38,1.8869418205996793
recurrent,continued,29,460,d85aae54aeba7cf9de9a453c743dbaac3af05ae43385c8592b54f6d40694fc4f,60,"[""Mixed Baseline Exp 1"",""50116627"",""0""]",Mixed,144,3.063882028009878
recurrent,continued,29,460,d85aae54aeba7cf9de9a453c743dbaac3af05ae43385c8592b54f6d40694fc4f,64,"[""Mixed Baseline Exp 1"",""64291720"",""0""]",Mixed,160,2.137326287592536
recurrent,continued,29,460,d85aae54aeba7cf9de9a453c743dbaac3af05ae43385c8592b54f6d40694fc4f,73,"[""Mixed Baseline Exp 1"",""85460730"",""0""]",Mixed,138,2.543839522843921
recurrent,continued,29,460,d85aae54aeba7cf9de9a453c743dbaac3af05ae43385c8592b54f6d40694fc4f,78,"[""Mixed Baseline Exp 1"",""95675568"",""0""]",Mixed,47,2.2261937956418816
recurrent,continued,29,460,d85aae54aeba7cf9de9a453c743dbaac3af05ae43385c8592b54f6d40694fc4f,80,"[""Proportional Baseline Exp 1"",""11095201"",""0""]",Proportional,57,2.8736016669057007
recurrent,continued,29,460,d85aae54aeba7cf9de9a453c743dbaac3af05ae43385c8592b54f6d40694fc4f,82,"[""Proportional Baseline Exp 1"",""14606420"",""0""]",Proportional,26,2.5382985091767507
recurrent,continued,29,460,d85aae54aeba7cf9de9a453c743dbaac3af05ae43385c8592b54f6d40694fc4f,89,"[""Proportional Baseline Exp 1"",""36303454"",""0""]",Proportional,104,3.2309590686430414
recurrent,continued,29,460,d85aae54aeba7cf9de9a453c743dbaac3af05ae43385c8592b54f6d40694fc4f,97,"[""Proportional Baseline Exp 1"",""45673270"",""0""]",Proportional,89,2.754752198034925
recurrent,continued,29,460,d85aae54aeba7cf9de9a453c743dbaac3af05ae43385c8592b54f6d40694fc4f,104,"[""Proportional Baseline Exp 1"",""63752993"",""0""]",Proportional,88,3.0646098116374705
recurrent,continued,29,460,d85aae54aeba7cf9de9a453c743dbaac3af05ae43385c8592b54f6d40694fc4f,107,"[""Proportional Baseline Exp 1"",""69384851"",""0""]",Proportional,83,3.1005655575454827
recurrent,continued,29,460,d85aae54aeba7cf9de9a453c743dbaac3af05ae43385c8592b54f6d40694fc4f,111,"[""Proportional Baseline Exp 1"",""76356479"",""0""]",Proportional,88,2.3772657857283193
recurrent,continued,29,460,d85aae54aeba7cf9de9a453c743dbaac3af05ae43385c8592b54f6d40694fc4f,117,"[""Proportional Baseline Exp 1"",""85019022"",""0""]",Proportional,52,3.9436278116047245
recurrent,continued,29,460,d85aae54aeba7cf9de9a453c743dbaac3af05ae43385c8592b54f6d40694fc4f,122,"[""RL Agent (M1) Exp 1"",""20532812"",""0""]",M1,136,2.874820493753241
recurrent,continued,29,460,d85aae54aeba7cf9de9a453c743dbaac3af05ae43385c8592b54f6d40694fc4f,124,"[""RL Agent (M1) Exp 1"",""22263006"",""0""]",M1,22,2.623159541945989
recurrent,continued,29,460,d85aae54aeba7cf9de9a453c743dbaac3af05ae43385c8592b54f6d40694fc4f,129,"[""RL Agent (M1) Exp 1"",""39583963"",""0""]",M1,92,2.99220730794144
recurrent,continued,29,460,d85aae54aeba7cf9de9a453c743dbaac3af05ae43385c8592b54f6d40694fc4f,130,"[""RL Agent (M1) Exp 1"",""47817874"",""0""]",M1,46,3.468643849749563
recurrent,continued,29,460,d85aae54aeba7cf9de9a453c743dbaac3af05ae43385c8592b54f6d40694fc4f,132,"[""RL Agent (M1) Exp 1"",""49408957"",""0""]",M1,27,2.7837104914812643
recurrent,continued,29,460,d85aae54aeba7cf9de9a453c743dbaac3af05ae43385c8592b54f6d40694fc4f,138,"[""RL Agent (M1) Exp 1"",""57404481"",""0""]",M1,95,2.7499030422604007
recurrent,continued,29,460,d85aae54aeba7cf9de9a453c743dbaac3af05ae43385c8592b54f6d40694fc4f,140,"[""RL Agent (M1) Exp 1"",""63504480"",""0""]",M1,150,2.7211898868619406
recurrent,continued,29,460,d85aae54aeba7cf9de9a453c743dbaac3af05ae43385c8592b54f6d40694fc4f,159,"[""RL Agent (M1) Exp 1"",""96535892"",""0""]",M1,25,3.7294093770770638
recurrent,continued,43,470,3bcb6bb2871153c8c95f34d6759c69fb18b7702b90f72633e8e8172973e52241,11,"[""Equal Baseline Exp 1"",""30843571"",""0""]",Equal,20,2.2834331374139727
recurrent,continued,43,470,3bcb6bb2871153c8c95f34d6759c69fb18b7702b90f72633e8e8172973e52241,13,"[""Equal Baseline Exp 1"",""35368456"",""0""]",Equal,40,1.3882305199695844
recurrent,continued,43,470,3bcb6bb2871153c8c95f34d6759c69fb18b7702b90f72633e8e8172973e52241,20,"[""Equal Baseline Exp 1"",""40800498"",""0""]",Equal,28,1.947470692590532
recurrent,continued,43,470,3bcb6bb2871153c8c95f34d6759c69fb18b7702b90f72633e8e8172973e52241,25,"[""Equal Baseline Exp 1"",""46096247"",""0""]",Equal,48,1.7539953382758293
recurrent,continued,43,470,3bcb6bb2871153c8c95f34d6759c69fb18b7702b90f72633e8e8172973e52241,31,"[""Equal Baseline Exp 1"",""75670883"",""0""]",Equal,20,2.113327266870809
recurrent,continued,43,470,3bcb6bb2871153c8c95f34d6759c69fb18b7702b90f72633e8e8172973e52241,35,"[""Equal Baseline Exp 1"",""92291462"",""0""]",Equal,28,2.010748161115443
recurrent,continued,43,470,3bcb6bb2871153c8c95f34d6759c69fb18b7702b90f72633e8e8172973e52241,36,"[""Equal Baseline Exp 1"",""92992435"",""0""]",Equal,52,2.3252105545990287
recurrent,continued,43,470,3bcb6bb2871153c8c95f34d6759c69fb18b7702b90f72633e8e8172973e52241,38,"[""Equal Baseline Exp 1"",""94815040"",""0""]",Equal,16,2.471852804987338
recurrent,continued,43,470,3bcb6bb2871153c8c95f34d6759c69fb18b7702b90f72633e8e8172973e52241,44,"[""Mixed Baseline Exp 1"",""18823620"",""0""]",Mixed,160,2.715211908825485
recurrent,continued,43,470,3bcb6bb2871153c8c95f34d6759c69fb18b7702b90f72633e8e8172973e52241,47,"[""Mixed Baseline Exp 1"",""26185795"",""0""]",Mixed,160,2.378664864802269
recurrent,continued,43,470,3bcb6bb2871153c8c95f34d6759c69fb18b7702b90f72633e8e8172973e52241,52,"[""Mixed Baseline Exp 1"",""37465807"",""0""]",Mixed,160,2.8242287416539016
recurrent,continued,43,470,3bcb6bb2871153c8c95f34d6759c69fb18b7702b90f72633e8e8172973e52241,57,"[""Mixed Baseline Exp 1"",""47841996"",""0""]",Mixed,38,1.8876985980678196
recurrent,continued,43,470,3bcb6bb2871153c8c95f34d6759c69fb18b7702b90f72633e8e8172973e52241,60,"[""Mixed Baseline Exp 1"",""50116627"",""0""]",Mixed,144,3.022528579951263
recurrent,continued,43,470,3bcb6bb2871153c8c95f34d6759c69fb18b7702b90f72633e8e8172973e52241,64,"[""Mixed Baseline Exp 1"",""64291720"",""0""]",Mixed,160,2.1694282673219325
recurrent,continued,43,470,3bcb6bb2871153c8c95f34d6759c69fb18b7702b90f72633e8e8172973e52241,73,"[""Mixed Baseline Exp 1"",""85460730"",""0""]",Mixed,138,2.566925365747449
recurrent,continued,43,470,3bcb6bb2871153c8c95f34d6759c69fb18b7702b90f72633e8e8172973e52241,78,"[""Mixed Baseline Exp 1"",""95675568"",""0""]",Mixed,47,2.200443779500858
recurrent,continued,43,470,3bcb6bb2871153c8c95f34d6759c69fb18b7702b90f72633e8e8172973e52241,80,"[""Proportional Baseline Exp 1"",""11095201"",""0""]",Proportional,57,2.884944899602796
recurrent,continued,43,470,3bcb6bb2871153c8c95f34d6759c69fb18b7702b90f72633e8e8172973e52241,82,"[""Proportional Baseline Exp 1"",""14606420"",""0""]",Proportional,26,2.5455662477179026
recurrent,continued,43,470,3bcb6bb2871153c8c95f34d6759c69fb18b7702b90f72633e8e8172973e52241,89,"[""Proportional Baseline Exp 1"",""36303454"",""0""]",Proportional,104,3.2278585265724966
recurrent,continued,43,470,3bcb6bb2871153c8c95f34d6759c69fb18b7702b90f72633e8e8172973e52241,97,"[""Proportional Baseline Exp 1"",""45673270"",""0""]",Proportional,89,2.8081210480860936
recurrent,continued,43,470,3bcb6bb2871153c8c95f34d6759c69fb18b7702b90f72633e8e8172973e52241,104,"[""Proportional Baseline Exp 1"",""63752993"",""0""]",Proportional,88,3.1025305868896242
recurrent,continued,43,470,3bcb6bb2871153c8c95f34d6759c69fb18b7702b90f72633e8e8172973e52241,107,"[""Proportional Baseline Exp 1"",""69384851"",""0""]",Proportional,83,3.094398882073601
recurrent,continued,43,470,3bcb6bb2871153c8c95f34d6759c69fb18b7702b90f72633e8e8172973e52241,111,"[""Proportional Baseline Exp 1"",""76356479"",""0""]",Proportional,88,2.3419899515648828
recurrent,continued,43,470,3bcb6bb2871153c8c95f34d6759c69fb18b7702b90f72633e8e8172973e52241,117,"[""Proportional Baseline Exp 1"",""85019022"",""0""]",Proportional,52,4.042163572448086
recurrent,continued,43,470,3bcb6bb2871153c8c95f34d6759c69fb18b7702b90f72633e8e8172973e52241,122,"[""RL Agent (M1) Exp 1"",""20532812"",""0""]",M1,136,2.807667425191311
recurrent,continued,43,470,3bcb6bb2871153c8c95f34d6759c69fb18b7702b90f72633e8e8172973e52241,124,"[""RL Agent (M1) Exp 1"",""22263006"",""0""]",M1,22,2.6354275630647646
recurrent,continued,43,470,3bcb6bb2871153c8c95f34d6759c69fb18b7702b90f72633e8e8172973e52241,129,"[""RL Agent (M1) Exp 1"",""39583963"",""0""]",M1,92,2.82257026459156
recurrent,continued,43,470,3bcb6bb2871153c8c95f34d6759c69fb18b7702b90f72633e8e8172973e52241,130,"[""RL Agent (M1) Exp 1"",""47817874"",""0""]",M1,46,3.4760959544380383
recurrent,continued,43,470,3bcb6bb2871153c8c95f34d6759c69fb18b7702b90f72633e8e8172973e52241,132,"[""RL Agent (M1) Exp 1"",""49408957"",""0""]",M1,27,2.7263683684443984
recurrent,continued,43,470,3bcb6bb2871153c8c95f34d6759c69fb18b7702b90f72633e8e8172973e52241,138,"[""RL Agent (M1) Exp 1"",""57404481"",""0""]",M1,95,2.976091528293271
recurrent,continued,43,470,3bcb6bb2871153c8c95f34d6759c69fb18b7702b90f72633e8e8172973e52241,140,"[""RL Agent (M1) Exp 1"",""63504480"",""0""]",M1,150,2.733165155271728
recurrent,continued,43,470,3bcb6bb2871153c8c95f34d6759c69fb18b7702b90f72633e8e8172973e52241,159,"[""RL Agent (M1) Exp 1"",""96535892"",""0""]",M1,25,3.6791763219924305
